<?xml version="1.0" encoding="utf-8"?>
<Messages>
	<Message severity="INFO" prefix="[SIM 211-2]" key="SIM_2_1569" tag="" content="*************** CSIM start ***************" resolution=""/>
	<Message severity="INFO" prefix="[SIM 211-4]" key="SIM_4_1577" tag="" content="CSIM will launch GCC as the compiler." resolution=""/>
	<Message severity="INFO" prefix="[HLS 200-10]" key="HLS_10_1427" tag="" content="Running &apos;/home/bruno/Documents/Vitis_HLS/2022.2/bin/unwrapped/lnx64.o/apcc&apos;" resolution=""/>
	<Message severity="INFO" prefix="[HLS 200-10]" key="HLS_10_1428" tag="" content="For user &apos;bruno&apos; on host &apos;bruno-ubuntu&apos; (Linux_x86_64 version 5.15.0-88-generic) on Sat Nov 11 00:06:48 CET 2023" resolution=""/>
	<Message severity="INFO" prefix="[HLS 200-10]" key="HLS_10_1429" tag="" content="On os Ubuntu 22.04.2 LTS" resolution=""/>
	<Message severity="INFO" prefix="[HLS 200-10]" key="HLS_10_1430" tag="" content="In directory &apos;/home/bruno/Desktop/benchmarks/gemm/proj_gemm_no_taffo/solution1/csim/build&apos;" resolution=""/>
	<Message severity="INFO" prefix="[APCC 202-3]" key="APCC_3_1610" tag="" content="Tmp directory is /tmp/apcc_db_bruno/164371699657608270379" resolution=""/>
	<Message severity="INFO" prefix="[APCC 202-1]" key="APCC_1_1611" tag="" content="APCC is done." resolution=""/>
	<Message severity="INFO" prefix="[SIM 211-1]" key="SIM_1_1586" tag="" content="CSim done with 0 errors." resolution=""/>
	<Message severity="INFO" prefix="[SIM 211-3]" key="SIM_3_1588" tag="" content="*************** CSIM finish ***************" resolution=""/>
	<Message severity="INFO" prefix="[HLS 200-111]" key="HLS_111_966" tag="RUNTIME" content="Finished Command csim_design CPU user time: 4.17 seconds. CPU system time: 0.56 seconds. Elapsed time: 4.64 seconds; current allocated memory: 0.000 MB." resolution=""/>
	<Message severity="INFO" prefix="[HLS 200-1510]" key="HLS 200-1510" tag="" content="Running: csynth_design" resolution=""/>
</Messages>
