<?xml version="1.0" encoding="utf-8"?>
<BindInfo>
	<BindNode BINDTYPE="op" DISPLAY="bind_op mux" ID="" IMPL="auto" LATENCY="0" OPTYPE="mux" PRAGMA="" RTLNAME="mux_164_64_1_1_U18" SOURCE="" VARIABLE="tmp" MODULE="mm_Pipeline_VITIS_LOOP_82_7_VITIS_LOOP_84_8" LOOP="VITIS_LOOP_82_7_VITIS_LOOP_84_8" BUNDLEDNAME="" DSP="0" BRAM="0" URAM="0"/>
	<BindNode BINDTYPE="op" DISPLAY="bind_op mux" ID="" IMPL="auto" LATENCY="0" OPTYPE="mux" PRAGMA="" RTLNAME="mux_164_64_1_1_U19" SOURCE="" VARIABLE="tmp_1" MODULE="mm_Pipeline_VITIS_LOOP_82_7_VITIS_LOOP_84_8" LOOP="VITIS_LOOP_82_7_VITIS_LOOP_84_8" BUNDLEDNAME="" DSP="0" BRAM="0" URAM="0"/>
	<BindNode BINDTYPE="op" DISPLAY="bind_op mux" ID="" IMPL="auto" LATENCY="0" OPTYPE="mux" PRAGMA="" RTLNAME="mux_164_64_1_1_U20" SOURCE="" VARIABLE="tmp_2" MODULE="mm_Pipeline_VITIS_LOOP_82_7_VITIS_LOOP_84_8" LOOP="VITIS_LOOP_82_7_VITIS_LOOP_84_8" BUNDLEDNAME="" DSP="0" BRAM="0" URAM="0"/>
	<BindNode BINDTYPE="op" DISPLAY="bind_op mux" ID="" IMPL="auto" LATENCY="0" OPTYPE="mux" PRAGMA="" RTLNAME="mux_164_64_1_1_U21" SOURCE="" VARIABLE="tmp_3" MODULE="mm_Pipeline_VITIS_LOOP_82_7_VITIS_LOOP_84_8" LOOP="VITIS_LOOP_82_7_VITIS_LOOP_84_8" BUNDLEDNAME="" DSP="0" BRAM="0" URAM="0"/>
	<BindNode BINDTYPE="op" DISPLAY="bind_op mux" ID="" IMPL="auto" LATENCY="0" OPTYPE="mux" PRAGMA="" RTLNAME="mux_164_64_1_1_U22" SOURCE="" VARIABLE="tmp_4" MODULE="mm_Pipeline_VITIS_LOOP_82_7_VITIS_LOOP_84_8" LOOP="VITIS_LOOP_82_7_VITIS_LOOP_84_8" BUNDLEDNAME="" DSP="0" BRAM="0" URAM="0"/>
	<BindNode BINDTYPE="op" DISPLAY="bind_op mux" ID="" IMPL="auto" LATENCY="0" OPTYPE="mux" PRAGMA="" RTLNAME="mux_164_64_1_1_U23" SOURCE="" VARIABLE="tmp_5" MODULE="mm_Pipeline_VITIS_LOOP_82_7_VITIS_LOOP_84_8" LOOP="VITIS_LOOP_82_7_VITIS_LOOP_84_8" BUNDLEDNAME="" DSP="0" BRAM="0" URAM="0"/>
	<BindNode BINDTYPE="op" DISPLAY="bind_op mux" ID="" IMPL="auto" LATENCY="0" OPTYPE="mux" PRAGMA="" RTLNAME="mux_164_64_1_1_U24" SOURCE="" VARIABLE="tmp_6" MODULE="mm_Pipeline_VITIS_LOOP_82_7_VITIS_LOOP_84_8" LOOP="VITIS_LOOP_82_7_VITIS_LOOP_84_8" BUNDLEDNAME="" DSP="0" BRAM="0" URAM="0"/>
	<BindNode BINDTYPE="op" DISPLAY="bind_op mux" ID="" IMPL="auto" LATENCY="0" OPTYPE="mux" PRAGMA="" RTLNAME="mux_164_64_1_1_U25" SOURCE="" VARIABLE="tmp_7" MODULE="mm_Pipeline_VITIS_LOOP_82_7_VITIS_LOOP_84_8" LOOP="VITIS_LOOP_82_7_VITIS_LOOP_84_8" BUNDLEDNAME="" DSP="0" BRAM="0" URAM="0"/>
	<BindNode BINDTYPE="op" DISPLAY="bind_op mux" ID="" IMPL="auto" LATENCY="0" OPTYPE="mux" PRAGMA="" RTLNAME="mux_164_64_1_1_U42" SOURCE="" VARIABLE="tmp_8" MODULE="mm_Pipeline_VITIS_LOOP_82_7_VITIS_LOOP_84_8" LOOP="VITIS_LOOP_82_7_VITIS_LOOP_84_8" BUNDLEDNAME="" DSP="0" BRAM="0" URAM="0"/>
	<BindNode BINDTYPE="op" DISPLAY="bind_op mux" ID="" IMPL="auto" LATENCY="0" OPTYPE="mux" PRAGMA="" RTLNAME="mux_164_64_1_1_U43" SOURCE="" VARIABLE="tmp_9" MODULE="mm_Pipeline_VITIS_LOOP_82_7_VITIS_LOOP_84_8" LOOP="VITIS_LOOP_82_7_VITIS_LOOP_84_8" BUNDLEDNAME="" DSP="0" BRAM="0" URAM="0"/>
	<BindNode BINDTYPE="op" DISPLAY="bind_op mux" ID="" IMPL="auto" LATENCY="0" OPTYPE="mux" PRAGMA="" RTLNAME="mux_164_64_1_1_U44" SOURCE="" VARIABLE="tmp_s" MODULE="mm_Pipeline_VITIS_LOOP_82_7_VITIS_LOOP_84_8" LOOP="VITIS_LOOP_82_7_VITIS_LOOP_84_8" BUNDLEDNAME="" DSP="0" BRAM="0" URAM="0"/>
	<BindNode BINDTYPE="op" DISPLAY="bind_op mux" ID="" IMPL="auto" LATENCY="0" OPTYPE="mux" PRAGMA="" RTLNAME="mux_164_64_1_1_U45" SOURCE="" VARIABLE="tmp_10" MODULE="mm_Pipeline_VITIS_LOOP_82_7_VITIS_LOOP_84_8" LOOP="VITIS_LOOP_82_7_VITIS_LOOP_84_8" BUNDLEDNAME="" DSP="0" BRAM="0" URAM="0"/>
	<BindNode BINDTYPE="op" DISPLAY="bind_op mux" ID="" IMPL="auto" LATENCY="0" OPTYPE="mux" PRAGMA="" RTLNAME="mux_164_64_1_1_U46" SOURCE="" VARIABLE="tmp_11" MODULE="mm_Pipeline_VITIS_LOOP_82_7_VITIS_LOOP_84_8" LOOP="VITIS_LOOP_82_7_VITIS_LOOP_84_8" BUNDLEDNAME="" DSP="0" BRAM="0" URAM="0"/>
	<BindNode BINDTYPE="op" DISPLAY="bind_op mux" ID="" IMPL="auto" LATENCY="0" OPTYPE="mux" PRAGMA="" RTLNAME="mux_164_64_1_1_U47" SOURCE="" VARIABLE="tmp_12" MODULE="mm_Pipeline_VITIS_LOOP_82_7_VITIS_LOOP_84_8" LOOP="VITIS_LOOP_82_7_VITIS_LOOP_84_8" BUNDLEDNAME="" DSP="0" BRAM="0" URAM="0"/>
	<BindNode BINDTYPE="op" DISPLAY="bind_op mux" ID="" IMPL="auto" LATENCY="0" OPTYPE="mux" PRAGMA="" RTLNAME="mux_164_64_1_1_U48" SOURCE="" VARIABLE="tmp_13" MODULE="mm_Pipeline_VITIS_LOOP_82_7_VITIS_LOOP_84_8" LOOP="VITIS_LOOP_82_7_VITIS_LOOP_84_8" BUNDLEDNAME="" DSP="0" BRAM="0" URAM="0"/>
	<BindNode BINDTYPE="op" DISPLAY="bind_op mux" ID="" IMPL="auto" LATENCY="0" OPTYPE="mux" PRAGMA="" RTLNAME="mux_164_64_1_1_U49" SOURCE="" VARIABLE="tmp_14" MODULE="mm_Pipeline_VITIS_LOOP_82_7_VITIS_LOOP_84_8" LOOP="VITIS_LOOP_82_7_VITIS_LOOP_84_8" BUNDLEDNAME="" DSP="0" BRAM="0" URAM="0"/>
	<BindNode BINDTYPE="op" DISPLAY="bind_op icmp" ID="" IMPL="auto" LATENCY="0" OPTYPE="icmp" PRAGMA="" RTLNAME="icmp_ln82_fu_494_p2" SOURCE="gemm_no_taffoin.c:82" VARIABLE="icmp_ln82" MODULE="mm_Pipeline_VITIS_LOOP_82_7_VITIS_LOOP_84_8" LOOP="VITIS_LOOP_82_7_VITIS_LOOP_84_8" BUNDLEDNAME="" DSP="0" BRAM="0" URAM="0"/>
	<BindNode BINDTYPE="op" DISPLAY="bind_op add" ID="" IMPL="fabric" LATENCY="0" OPTYPE="add" PRAGMA="" RTLNAME="add_ln82_fu_500_p2" SOURCE="gemm_no_taffoin.c:82" VARIABLE="add_ln82" MODULE="mm_Pipeline_VITIS_LOOP_82_7_VITIS_LOOP_84_8" LOOP="VITIS_LOOP_82_7_VITIS_LOOP_84_8" BUNDLEDNAME="" DSP="0" BRAM="0" URAM="0"/>
	<BindNode BINDTYPE="op" DISPLAY="bind_op icmp" ID="" IMPL="auto" LATENCY="0" OPTYPE="icmp" PRAGMA="" RTLNAME="icmp_ln84_fu_509_p2" SOURCE="gemm_no_taffoin.c:84" VARIABLE="icmp_ln84" MODULE="mm_Pipeline_VITIS_LOOP_82_7_VITIS_LOOP_84_8" LOOP="VITIS_LOOP_82_7_VITIS_LOOP_84_8" BUNDLEDNAME="" DSP="0" BRAM="0" URAM="0"/>
	<BindNode BINDTYPE="op" DISPLAY="bind_op select" ID="" IMPL="auto_sel" LATENCY="0" OPTYPE="select" PRAGMA="" RTLNAME="select_ln75_fu_515_p3" SOURCE="gemm_no_taffoin.c:75" VARIABLE="select_ln75" MODULE="mm_Pipeline_VITIS_LOOP_82_7_VITIS_LOOP_84_8" LOOP="VITIS_LOOP_82_7_VITIS_LOOP_84_8" BUNDLEDNAME="" DSP="0" BRAM="0" URAM="0"/>
	<BindNode BINDTYPE="op" DISPLAY="bind_op add" ID="" IMPL="fabric" LATENCY="0" OPTYPE="add" PRAGMA="" RTLNAME="add_ln82_1_fu_523_p2" SOURCE="gemm_no_taffoin.c:82" VARIABLE="add_ln82_1" MODULE="mm_Pipeline_VITIS_LOOP_82_7_VITIS_LOOP_84_8" LOOP="VITIS_LOOP_82_7_VITIS_LOOP_84_8" BUNDLEDNAME="" DSP="0" BRAM="0" URAM="0"/>
	<BindNode BINDTYPE="op" DISPLAY="bind_op mux" ID="" IMPL="auto" LATENCY="0" OPTYPE="mux" PRAGMA="" RTLNAME="mux_164_64_1_1_U26" SOURCE="gemm_no_taffoin.c:82" VARIABLE="tmp_mid1" MODULE="mm_Pipeline_VITIS_LOOP_82_7_VITIS_LOOP_84_8" LOOP="VITIS_LOOP_82_7_VITIS_LOOP_84_8" BUNDLEDNAME="" DSP="0" BRAM="0" URAM="0"/>
	<BindNode BINDTYPE="op" DISPLAY="bind_op select" ID="" IMPL="auto_sel" LATENCY="0" OPTYPE="select" PRAGMA="" RTLNAME="select_ln75_1_fu_571_p3" SOURCE="gemm_no_taffoin.c:75" VARIABLE="select_ln75_1" MODULE="mm_Pipeline_VITIS_LOOP_82_7_VITIS_LOOP_84_8" LOOP="VITIS_LOOP_82_7_VITIS_LOOP_84_8" BUNDLEDNAME="" DSP="0" BRAM="0" URAM="0"/>
	<BindNode BINDTYPE="op" DISPLAY="bind_op mux" ID="" IMPL="auto" LATENCY="0" OPTYPE="mux" PRAGMA="" RTLNAME="mux_164_64_1_1_U27" SOURCE="gemm_no_taffoin.c:82" VARIABLE="tmp_1_mid1" MODULE="mm_Pipeline_VITIS_LOOP_82_7_VITIS_LOOP_84_8" LOOP="VITIS_LOOP_82_7_VITIS_LOOP_84_8" BUNDLEDNAME="" DSP="0" BRAM="0" URAM="0"/>
	<BindNode BINDTYPE="op" DISPLAY="bind_op select" ID="" IMPL="auto_sel" LATENCY="0" OPTYPE="select" PRAGMA="" RTLNAME="select_ln75_2_fu_618_p3" SOURCE="gemm_no_taffoin.c:75" VARIABLE="select_ln75_2" MODULE="mm_Pipeline_VITIS_LOOP_82_7_VITIS_LOOP_84_8" LOOP="VITIS_LOOP_82_7_VITIS_LOOP_84_8" BUNDLEDNAME="" DSP="0" BRAM="0" URAM="0"/>
	<BindNode BINDTYPE="op" DISPLAY="bind_op mux" ID="" IMPL="auto" LATENCY="0" OPTYPE="mux" PRAGMA="" RTLNAME="mux_164_64_1_1_U28" SOURCE="gemm_no_taffoin.c:82" VARIABLE="tmp_2_mid1" MODULE="mm_Pipeline_VITIS_LOOP_82_7_VITIS_LOOP_84_8" LOOP="VITIS_LOOP_82_7_VITIS_LOOP_84_8" BUNDLEDNAME="" DSP="0" BRAM="0" URAM="0"/>
	<BindNode BINDTYPE="op" DISPLAY="bind_op select" ID="" IMPL="auto_sel" LATENCY="0" OPTYPE="select" PRAGMA="" RTLNAME="select_ln75_3_fu_665_p3" SOURCE="gemm_no_taffoin.c:75" VARIABLE="select_ln75_3" MODULE="mm_Pipeline_VITIS_LOOP_82_7_VITIS_LOOP_84_8" LOOP="VITIS_LOOP_82_7_VITIS_LOOP_84_8" BUNDLEDNAME="" DSP="0" BRAM="0" URAM="0"/>
	<BindNode BINDTYPE="op" DISPLAY="bind_op mux" ID="" IMPL="auto" LATENCY="0" OPTYPE="mux" PRAGMA="" RTLNAME="mux_164_64_1_1_U29" SOURCE="gemm_no_taffoin.c:82" VARIABLE="tmp_3_mid1" MODULE="mm_Pipeline_VITIS_LOOP_82_7_VITIS_LOOP_84_8" LOOP="VITIS_LOOP_82_7_VITIS_LOOP_84_8" BUNDLEDNAME="" DSP="0" BRAM="0" URAM="0"/>
	<BindNode BINDTYPE="op" DISPLAY="bind_op select" ID="" IMPL="auto_sel" LATENCY="0" OPTYPE="select" PRAGMA="" RTLNAME="select_ln75_4_fu_712_p3" SOURCE="gemm_no_taffoin.c:75" VARIABLE="select_ln75_4" MODULE="mm_Pipeline_VITIS_LOOP_82_7_VITIS_LOOP_84_8" LOOP="VITIS_LOOP_82_7_VITIS_LOOP_84_8" BUNDLEDNAME="" DSP="0" BRAM="0" URAM="0"/>
	<BindNode BINDTYPE="op" DISPLAY="bind_op mux" ID="" IMPL="auto" LATENCY="0" OPTYPE="mux" PRAGMA="" RTLNAME="mux_164_64_1_1_U30" SOURCE="gemm_no_taffoin.c:82" VARIABLE="tmp_4_mid1" MODULE="mm_Pipeline_VITIS_LOOP_82_7_VITIS_LOOP_84_8" LOOP="VITIS_LOOP_82_7_VITIS_LOOP_84_8" BUNDLEDNAME="" DSP="0" BRAM="0" URAM="0"/>
	<BindNode BINDTYPE="op" DISPLAY="bind_op select" ID="" IMPL="auto_sel" LATENCY="0" OPTYPE="select" PRAGMA="" RTLNAME="select_ln75_5_fu_759_p3" SOURCE="gemm_no_taffoin.c:75" VARIABLE="select_ln75_5" MODULE="mm_Pipeline_VITIS_LOOP_82_7_VITIS_LOOP_84_8" LOOP="VITIS_LOOP_82_7_VITIS_LOOP_84_8" BUNDLEDNAME="" DSP="0" BRAM="0" URAM="0"/>
	<BindNode BINDTYPE="op" DISPLAY="bind_op mux" ID="" IMPL="auto" LATENCY="0" OPTYPE="mux" PRAGMA="" RTLNAME="mux_164_64_1_1_U31" SOURCE="gemm_no_taffoin.c:82" VARIABLE="tmp_5_mid1" MODULE="mm_Pipeline_VITIS_LOOP_82_7_VITIS_LOOP_84_8" LOOP="VITIS_LOOP_82_7_VITIS_LOOP_84_8" BUNDLEDNAME="" DSP="0" BRAM="0" URAM="0"/>
	<BindNode BINDTYPE="op" DISPLAY="bind_op select" ID="" IMPL="auto_sel" LATENCY="0" OPTYPE="select" PRAGMA="" RTLNAME="select_ln75_6_fu_806_p3" SOURCE="gemm_no_taffoin.c:75" VARIABLE="select_ln75_6" MODULE="mm_Pipeline_VITIS_LOOP_82_7_VITIS_LOOP_84_8" LOOP="VITIS_LOOP_82_7_VITIS_LOOP_84_8" BUNDLEDNAME="" DSP="0" BRAM="0" URAM="0"/>
	<BindNode BINDTYPE="op" DISPLAY="bind_op mux" ID="" IMPL="auto" LATENCY="0" OPTYPE="mux" PRAGMA="" RTLNAME="mux_164_64_1_1_U32" SOURCE="gemm_no_taffoin.c:82" VARIABLE="tmp_6_mid1" MODULE="mm_Pipeline_VITIS_LOOP_82_7_VITIS_LOOP_84_8" LOOP="VITIS_LOOP_82_7_VITIS_LOOP_84_8" BUNDLEDNAME="" DSP="0" BRAM="0" URAM="0"/>
	<BindNode BINDTYPE="op" DISPLAY="bind_op select" ID="" IMPL="auto_sel" LATENCY="0" OPTYPE="select" PRAGMA="" RTLNAME="select_ln75_7_fu_853_p3" SOURCE="gemm_no_taffoin.c:75" VARIABLE="select_ln75_7" MODULE="mm_Pipeline_VITIS_LOOP_82_7_VITIS_LOOP_84_8" LOOP="VITIS_LOOP_82_7_VITIS_LOOP_84_8" BUNDLEDNAME="" DSP="0" BRAM="0" URAM="0"/>
	<BindNode BINDTYPE="op" DISPLAY="bind_op mux" ID="" IMPL="auto" LATENCY="0" OPTYPE="mux" PRAGMA="" RTLNAME="mux_164_64_1_1_U33" SOURCE="gemm_no_taffoin.c:82" VARIABLE="tmp_7_mid1" MODULE="mm_Pipeline_VITIS_LOOP_82_7_VITIS_LOOP_84_8" LOOP="VITIS_LOOP_82_7_VITIS_LOOP_84_8" BUNDLEDNAME="" DSP="0" BRAM="0" URAM="0"/>
	<BindNode BINDTYPE="op" DISPLAY="bind_op select" ID="" IMPL="auto_sel" LATENCY="0" OPTYPE="select" PRAGMA="" RTLNAME="select_ln75_8_fu_900_p3" SOURCE="gemm_no_taffoin.c:75" VARIABLE="select_ln75_8" MODULE="mm_Pipeline_VITIS_LOOP_82_7_VITIS_LOOP_84_8" LOOP="VITIS_LOOP_82_7_VITIS_LOOP_84_8" BUNDLEDNAME="" DSP="0" BRAM="0" URAM="0"/>
	<BindNode BINDTYPE="op" DISPLAY="bind_op mux" ID="" IMPL="auto" LATENCY="0" OPTYPE="mux" PRAGMA="" RTLNAME="mux_164_64_1_1_U50" SOURCE="gemm_no_taffoin.c:82" VARIABLE="tmp_8_mid1" MODULE="mm_Pipeline_VITIS_LOOP_82_7_VITIS_LOOP_84_8" LOOP="VITIS_LOOP_82_7_VITIS_LOOP_84_8" BUNDLEDNAME="" DSP="0" BRAM="0" URAM="0"/>
	<BindNode BINDTYPE="op" DISPLAY="bind_op select" ID="" IMPL="auto_sel" LATENCY="0" OPTYPE="select" PRAGMA="" RTLNAME="select_ln75_9_fu_1587_p3" SOURCE="gemm_no_taffoin.c:75" VARIABLE="select_ln75_9" MODULE="mm_Pipeline_VITIS_LOOP_82_7_VITIS_LOOP_84_8" LOOP="VITIS_LOOP_82_7_VITIS_LOOP_84_8" BUNDLEDNAME="" DSP="0" BRAM="0" URAM="0"/>
	<BindNode BINDTYPE="op" DISPLAY="bind_op mux" ID="" IMPL="auto" LATENCY="0" OPTYPE="mux" PRAGMA="" RTLNAME="mux_164_64_1_1_U51" SOURCE="gemm_no_taffoin.c:82" VARIABLE="tmp_9_mid1" MODULE="mm_Pipeline_VITIS_LOOP_82_7_VITIS_LOOP_84_8" LOOP="VITIS_LOOP_82_7_VITIS_LOOP_84_8" BUNDLEDNAME="" DSP="0" BRAM="0" URAM="0"/>
	<BindNode BINDTYPE="op" DISPLAY="bind_op select" ID="" IMPL="auto_sel" LATENCY="0" OPTYPE="select" PRAGMA="" RTLNAME="select_ln75_10_fu_1632_p3" SOURCE="gemm_no_taffoin.c:75" VARIABLE="select_ln75_10" MODULE="mm_Pipeline_VITIS_LOOP_82_7_VITIS_LOOP_84_8" LOOP="VITIS_LOOP_82_7_VITIS_LOOP_84_8" BUNDLEDNAME="" DSP="0" BRAM="0" URAM="0"/>
	<BindNode BINDTYPE="op" DISPLAY="bind_op mux" ID="" IMPL="auto" LATENCY="0" OPTYPE="mux" PRAGMA="" RTLNAME="mux_164_64_1_1_U52" SOURCE="gemm_no_taffoin.c:82" VARIABLE="tmp_mid1_11" MODULE="mm_Pipeline_VITIS_LOOP_82_7_VITIS_LOOP_84_8" LOOP="VITIS_LOOP_82_7_VITIS_LOOP_84_8" BUNDLEDNAME="" DSP="0" BRAM="0" URAM="0"/>
	<BindNode BINDTYPE="op" DISPLAY="bind_op select" ID="" IMPL="auto_sel" LATENCY="0" OPTYPE="select" PRAGMA="" RTLNAME="select_ln75_11_fu_1677_p3" SOURCE="gemm_no_taffoin.c:75" VARIABLE="select_ln75_11" MODULE="mm_Pipeline_VITIS_LOOP_82_7_VITIS_LOOP_84_8" LOOP="VITIS_LOOP_82_7_VITIS_LOOP_84_8" BUNDLEDNAME="" DSP="0" BRAM="0" URAM="0"/>
	<BindNode BINDTYPE="op" DISPLAY="bind_op mux" ID="" IMPL="auto" LATENCY="0" OPTYPE="mux" PRAGMA="" RTLNAME="mux_164_64_1_1_U53" SOURCE="gemm_no_taffoin.c:82" VARIABLE="tmp_10_mid1" MODULE="mm_Pipeline_VITIS_LOOP_82_7_VITIS_LOOP_84_8" LOOP="VITIS_LOOP_82_7_VITIS_LOOP_84_8" BUNDLEDNAME="" DSP="0" BRAM="0" URAM="0"/>
	<BindNode BINDTYPE="op" DISPLAY="bind_op select" ID="" IMPL="auto_sel" LATENCY="0" OPTYPE="select" PRAGMA="" RTLNAME="select_ln75_12_fu_1722_p3" SOURCE="gemm_no_taffoin.c:75" VARIABLE="select_ln75_12" MODULE="mm_Pipeline_VITIS_LOOP_82_7_VITIS_LOOP_84_8" LOOP="VITIS_LOOP_82_7_VITIS_LOOP_84_8" BUNDLEDNAME="" DSP="0" BRAM="0" URAM="0"/>
	<BindNode BINDTYPE="op" DISPLAY="bind_op mux" ID="" IMPL="auto" LATENCY="0" OPTYPE="mux" PRAGMA="" RTLNAME="mux_164_64_1_1_U54" SOURCE="gemm_no_taffoin.c:82" VARIABLE="tmp_11_mid1" MODULE="mm_Pipeline_VITIS_LOOP_82_7_VITIS_LOOP_84_8" LOOP="VITIS_LOOP_82_7_VITIS_LOOP_84_8" BUNDLEDNAME="" DSP="0" BRAM="0" URAM="0"/>
	<BindNode BINDTYPE="op" DISPLAY="bind_op select" ID="" IMPL="auto_sel" LATENCY="0" OPTYPE="select" PRAGMA="" RTLNAME="select_ln75_13_fu_1767_p3" SOURCE="gemm_no_taffoin.c:75" VARIABLE="select_ln75_13" MODULE="mm_Pipeline_VITIS_LOOP_82_7_VITIS_LOOP_84_8" LOOP="VITIS_LOOP_82_7_VITIS_LOOP_84_8" BUNDLEDNAME="" DSP="0" BRAM="0" URAM="0"/>
	<BindNode BINDTYPE="op" DISPLAY="bind_op mux" ID="" IMPL="auto" LATENCY="0" OPTYPE="mux" PRAGMA="" RTLNAME="mux_164_64_1_1_U55" SOURCE="gemm_no_taffoin.c:82" VARIABLE="tmp_12_mid1" MODULE="mm_Pipeline_VITIS_LOOP_82_7_VITIS_LOOP_84_8" LOOP="VITIS_LOOP_82_7_VITIS_LOOP_84_8" BUNDLEDNAME="" DSP="0" BRAM="0" URAM="0"/>
	<BindNode BINDTYPE="op" DISPLAY="bind_op select" ID="" IMPL="auto_sel" LATENCY="0" OPTYPE="select" PRAGMA="" RTLNAME="select_ln75_14_fu_1812_p3" SOURCE="gemm_no_taffoin.c:75" VARIABLE="select_ln75_14" MODULE="mm_Pipeline_VITIS_LOOP_82_7_VITIS_LOOP_84_8" LOOP="VITIS_LOOP_82_7_VITIS_LOOP_84_8" BUNDLEDNAME="" DSP="0" BRAM="0" URAM="0"/>
	<BindNode BINDTYPE="op" DISPLAY="bind_op mux" ID="" IMPL="auto" LATENCY="0" OPTYPE="mux" PRAGMA="" RTLNAME="mux_164_64_1_1_U56" SOURCE="gemm_no_taffoin.c:82" VARIABLE="tmp_13_mid1" MODULE="mm_Pipeline_VITIS_LOOP_82_7_VITIS_LOOP_84_8" LOOP="VITIS_LOOP_82_7_VITIS_LOOP_84_8" BUNDLEDNAME="" DSP="0" BRAM="0" URAM="0"/>
	<BindNode BINDTYPE="op" DISPLAY="bind_op select" ID="" IMPL="auto_sel" LATENCY="0" OPTYPE="select" PRAGMA="" RTLNAME="select_ln75_15_fu_1857_p3" SOURCE="gemm_no_taffoin.c:75" VARIABLE="select_ln75_15" MODULE="mm_Pipeline_VITIS_LOOP_82_7_VITIS_LOOP_84_8" LOOP="VITIS_LOOP_82_7_VITIS_LOOP_84_8" BUNDLEDNAME="" DSP="0" BRAM="0" URAM="0"/>
	<BindNode BINDTYPE="op" DISPLAY="bind_op mux" ID="" IMPL="auto" LATENCY="0" OPTYPE="mux" PRAGMA="" RTLNAME="mux_164_64_1_1_U57" SOURCE="gemm_no_taffoin.c:82" VARIABLE="tmp_14_mid1" MODULE="mm_Pipeline_VITIS_LOOP_82_7_VITIS_LOOP_84_8" LOOP="VITIS_LOOP_82_7_VITIS_LOOP_84_8" BUNDLEDNAME="" DSP="0" BRAM="0" URAM="0"/>
	<BindNode BINDTYPE="op" DISPLAY="bind_op select" ID="" IMPL="auto_sel" LATENCY="0" OPTYPE="select" PRAGMA="" RTLNAME="select_ln75_16_fu_1902_p3" SOURCE="gemm_no_taffoin.c:75" VARIABLE="select_ln75_16" MODULE="mm_Pipeline_VITIS_LOOP_82_7_VITIS_LOOP_84_8" LOOP="VITIS_LOOP_82_7_VITIS_LOOP_84_8" BUNDLEDNAME="" DSP="0" BRAM="0" URAM="0"/>
	<BindNode BINDTYPE="op" DISPLAY="bind_op select" ID="" IMPL="auto_sel" LATENCY="0" OPTYPE="select" PRAGMA="" RTLNAME="select_ln82_fu_909_p3" SOURCE="gemm_no_taffoin.c:82" VARIABLE="select_ln82" MODULE="mm_Pipeline_VITIS_LOOP_82_7_VITIS_LOOP_84_8" LOOP="VITIS_LOOP_82_7_VITIS_LOOP_84_8" BUNDLEDNAME="" DSP="0" BRAM="0" URAM="0"/>
	<BindNode BINDTYPE="op" DISPLAY="bind_op mux" ID="" IMPL="auto" LATENCY="0" OPTYPE="mux" PRAGMA="" RTLNAME="mux_164_64_1_1_U34" SOURCE="gemm_no_taffoin.c:91" VARIABLE="tmp_15" MODULE="mm_Pipeline_VITIS_LOOP_82_7_VITIS_LOOP_84_8" LOOP="VITIS_LOOP_82_7_VITIS_LOOP_84_8" BUNDLEDNAME="" DSP="0" BRAM="0" URAM="0"/>
	<BindNode BINDTYPE="op" DISPLAY="bind_op dmul" ID="" IMPL="maxdsp" LATENCY="3" OPTYPE="dmul" PRAGMA="" RTLNAME="dmul_64ns_64ns_64_4_max_dsp_1_U10" SOURCE="gemm_no_taffoin.c:91" VARIABLE="mul" MODULE="mm_Pipeline_VITIS_LOOP_82_7_VITIS_LOOP_84_8" LOOP="VITIS_LOOP_82_7_VITIS_LOOP_84_8" BUNDLEDNAME="" DSP="11" BRAM="0" URAM="0"/>
	<BindNode BINDTYPE="op" DISPLAY="bind_op dadd" ID="" IMPL="fulldsp" LATENCY="3" OPTYPE="dadd" PRAGMA="" RTLNAME="dadd_64ns_64ns_64_4_full_dsp_1_U1" SOURCE="gemm_no_taffoin.c:91" VARIABLE="z" MODULE="mm_Pipeline_VITIS_LOOP_82_7_VITIS_LOOP_84_8" LOOP="VITIS_LOOP_82_7_VITIS_LOOP_84_8" BUNDLEDNAME="" DSP="3" BRAM="0" URAM="0"/>
	<BindNode BINDTYPE="op" DISPLAY="bind_op mux" ID="" IMPL="auto" LATENCY="0" OPTYPE="mux" PRAGMA="" RTLNAME="mux_164_64_1_1_U35" SOURCE="gemm_no_taffoin.c:91" VARIABLE="tmp_16" MODULE="mm_Pipeline_VITIS_LOOP_82_7_VITIS_LOOP_84_8" LOOP="VITIS_LOOP_82_7_VITIS_LOOP_84_8" BUNDLEDNAME="" DSP="0" BRAM="0" URAM="0"/>
	<BindNode BINDTYPE="op" DISPLAY="bind_op dmul" ID="" IMPL="maxdsp" LATENCY="3" OPTYPE="dmul" PRAGMA="" RTLNAME="dmul_64ns_64ns_64_4_max_dsp_1_U11" SOURCE="gemm_no_taffoin.c:91" VARIABLE="mul79_1" MODULE="mm_Pipeline_VITIS_LOOP_82_7_VITIS_LOOP_84_8" LOOP="VITIS_LOOP_82_7_VITIS_LOOP_84_8" BUNDLEDNAME="" DSP="11" BRAM="0" URAM="0"/>
	<BindNode BINDTYPE="op" DISPLAY="bind_op dadd" ID="" IMPL="fulldsp" LATENCY="3" OPTYPE="dadd" PRAGMA="" RTLNAME="dadd_64ns_64ns_64_4_full_dsp_1_U2" SOURCE="gemm_no_taffoin.c:91" VARIABLE="z_1" MODULE="mm_Pipeline_VITIS_LOOP_82_7_VITIS_LOOP_84_8" LOOP="VITIS_LOOP_82_7_VITIS_LOOP_84_8" BUNDLEDNAME="" DSP="3" BRAM="0" URAM="0"/>
	<BindNode BINDTYPE="op" DISPLAY="bind_op mux" ID="" IMPL="auto" LATENCY="0" OPTYPE="mux" PRAGMA="" RTLNAME="mux_164_64_1_1_U36" SOURCE="gemm_no_taffoin.c:91" VARIABLE="tmp_17" MODULE="mm_Pipeline_VITIS_LOOP_82_7_VITIS_LOOP_84_8" LOOP="VITIS_LOOP_82_7_VITIS_LOOP_84_8" BUNDLEDNAME="" DSP="0" BRAM="0" URAM="0"/>
	<BindNode BINDTYPE="op" DISPLAY="bind_op dmul" ID="" IMPL="maxdsp" LATENCY="3" OPTYPE="dmul" PRAGMA="" RTLNAME="dmul_64ns_64ns_64_4_max_dsp_1_U12" SOURCE="gemm_no_taffoin.c:91" VARIABLE="mul79_2" MODULE="mm_Pipeline_VITIS_LOOP_82_7_VITIS_LOOP_84_8" LOOP="VITIS_LOOP_82_7_VITIS_LOOP_84_8" BUNDLEDNAME="" DSP="11" BRAM="0" URAM="0"/>
	<BindNode BINDTYPE="op" DISPLAY="bind_op dadd" ID="" IMPL="fulldsp" LATENCY="3" OPTYPE="dadd" PRAGMA="" RTLNAME="dadd_64ns_64ns_64_4_full_dsp_1_U3" SOURCE="gemm_no_taffoin.c:91" VARIABLE="z_2" MODULE="mm_Pipeline_VITIS_LOOP_82_7_VITIS_LOOP_84_8" LOOP="VITIS_LOOP_82_7_VITIS_LOOP_84_8" BUNDLEDNAME="" DSP="3" BRAM="0" URAM="0"/>
	<BindNode BINDTYPE="op" DISPLAY="bind_op mux" ID="" IMPL="auto" LATENCY="0" OPTYPE="mux" PRAGMA="" RTLNAME="mux_164_64_1_1_U37" SOURCE="gemm_no_taffoin.c:91" VARIABLE="tmp_18" MODULE="mm_Pipeline_VITIS_LOOP_82_7_VITIS_LOOP_84_8" LOOP="VITIS_LOOP_82_7_VITIS_LOOP_84_8" BUNDLEDNAME="" DSP="0" BRAM="0" URAM="0"/>
	<BindNode BINDTYPE="op" DISPLAY="bind_op dmul" ID="" IMPL="maxdsp" LATENCY="3" OPTYPE="dmul" PRAGMA="" RTLNAME="dmul_64ns_64ns_64_4_max_dsp_1_U13" SOURCE="gemm_no_taffoin.c:91" VARIABLE="mul79_3" MODULE="mm_Pipeline_VITIS_LOOP_82_7_VITIS_LOOP_84_8" LOOP="VITIS_LOOP_82_7_VITIS_LOOP_84_8" BUNDLEDNAME="" DSP="11" BRAM="0" URAM="0"/>
	<BindNode BINDTYPE="op" DISPLAY="bind_op dadd" ID="" IMPL="fulldsp" LATENCY="3" OPTYPE="dadd" PRAGMA="" RTLNAME="dadd_64ns_64ns_64_4_full_dsp_1_U4" SOURCE="gemm_no_taffoin.c:91" VARIABLE="z_3" MODULE="mm_Pipeline_VITIS_LOOP_82_7_VITIS_LOOP_84_8" LOOP="VITIS_LOOP_82_7_VITIS_LOOP_84_8" BUNDLEDNAME="" DSP="3" BRAM="0" URAM="0"/>
	<BindNode BINDTYPE="op" DISPLAY="bind_op mux" ID="" IMPL="auto" LATENCY="0" OPTYPE="mux" PRAGMA="" RTLNAME="mux_164_64_1_1_U38" SOURCE="gemm_no_taffoin.c:91" VARIABLE="tmp_19" MODULE="mm_Pipeline_VITIS_LOOP_82_7_VITIS_LOOP_84_8" LOOP="VITIS_LOOP_82_7_VITIS_LOOP_84_8" BUNDLEDNAME="" DSP="0" BRAM="0" URAM="0"/>
	<BindNode BINDTYPE="op" DISPLAY="bind_op dmul" ID="" IMPL="maxdsp" LATENCY="3" OPTYPE="dmul" PRAGMA="" RTLNAME="dmul_64ns_64ns_64_4_max_dsp_1_U14" SOURCE="gemm_no_taffoin.c:91" VARIABLE="mul79_4" MODULE="mm_Pipeline_VITIS_LOOP_82_7_VITIS_LOOP_84_8" LOOP="VITIS_LOOP_82_7_VITIS_LOOP_84_8" BUNDLEDNAME="" DSP="11" BRAM="0" URAM="0"/>
	<BindNode BINDTYPE="op" DISPLAY="bind_op dadd" ID="" IMPL="fulldsp" LATENCY="3" OPTYPE="dadd" PRAGMA="" RTLNAME="dadd_64ns_64ns_64_4_full_dsp_1_U5" SOURCE="gemm_no_taffoin.c:91" VARIABLE="z_4" MODULE="mm_Pipeline_VITIS_LOOP_82_7_VITIS_LOOP_84_8" LOOP="VITIS_LOOP_82_7_VITIS_LOOP_84_8" BUNDLEDNAME="" DSP="3" BRAM="0" URAM="0"/>
	<BindNode BINDTYPE="op" DISPLAY="bind_op mux" ID="" IMPL="auto" LATENCY="0" OPTYPE="mux" PRAGMA="" RTLNAME="mux_164_64_1_1_U39" SOURCE="gemm_no_taffoin.c:91" VARIABLE="tmp_20" MODULE="mm_Pipeline_VITIS_LOOP_82_7_VITIS_LOOP_84_8" LOOP="VITIS_LOOP_82_7_VITIS_LOOP_84_8" BUNDLEDNAME="" DSP="0" BRAM="0" URAM="0"/>
	<BindNode BINDTYPE="op" DISPLAY="bind_op dmul" ID="" IMPL="maxdsp" LATENCY="3" OPTYPE="dmul" PRAGMA="" RTLNAME="dmul_64ns_64ns_64_4_max_dsp_1_U15" SOURCE="gemm_no_taffoin.c:91" VARIABLE="mul79_5" MODULE="mm_Pipeline_VITIS_LOOP_82_7_VITIS_LOOP_84_8" LOOP="VITIS_LOOP_82_7_VITIS_LOOP_84_8" BUNDLEDNAME="" DSP="11" BRAM="0" URAM="0"/>
	<BindNode BINDTYPE="op" DISPLAY="bind_op dadd" ID="" IMPL="fulldsp" LATENCY="3" OPTYPE="dadd" PRAGMA="" RTLNAME="dadd_64ns_64ns_64_4_full_dsp_1_U6" SOURCE="gemm_no_taffoin.c:91" VARIABLE="z_5" MODULE="mm_Pipeline_VITIS_LOOP_82_7_VITIS_LOOP_84_8" LOOP="VITIS_LOOP_82_7_VITIS_LOOP_84_8" BUNDLEDNAME="" DSP="3" BRAM="0" URAM="0"/>
	<BindNode BINDTYPE="op" DISPLAY="bind_op mux" ID="" IMPL="auto" LATENCY="0" OPTYPE="mux" PRAGMA="" RTLNAME="mux_164_64_1_1_U40" SOURCE="gemm_no_taffoin.c:91" VARIABLE="tmp_21" MODULE="mm_Pipeline_VITIS_LOOP_82_7_VITIS_LOOP_84_8" LOOP="VITIS_LOOP_82_7_VITIS_LOOP_84_8" BUNDLEDNAME="" DSP="0" BRAM="0" URAM="0"/>
	<BindNode BINDTYPE="op" DISPLAY="bind_op dmul" ID="" IMPL="maxdsp" LATENCY="3" OPTYPE="dmul" PRAGMA="" RTLNAME="dmul_64ns_64ns_64_4_max_dsp_1_U16" SOURCE="gemm_no_taffoin.c:91" VARIABLE="mul79_6" MODULE="mm_Pipeline_VITIS_LOOP_82_7_VITIS_LOOP_84_8" LOOP="VITIS_LOOP_82_7_VITIS_LOOP_84_8" BUNDLEDNAME="" DSP="11" BRAM="0" URAM="0"/>
	<BindNode BINDTYPE="op" DISPLAY="bind_op dadd" ID="" IMPL="fulldsp" LATENCY="3" OPTYPE="dadd" PRAGMA="" RTLNAME="dadd_64ns_64ns_64_4_full_dsp_1_U7" SOURCE="gemm_no_taffoin.c:91" VARIABLE="z_6" MODULE="mm_Pipeline_VITIS_LOOP_82_7_VITIS_LOOP_84_8" LOOP="VITIS_LOOP_82_7_VITIS_LOOP_84_8" BUNDLEDNAME="" DSP="3" BRAM="0" URAM="0"/>
	<BindNode BINDTYPE="op" DISPLAY="bind_op mux" ID="" IMPL="auto" LATENCY="0" OPTYPE="mux" PRAGMA="" RTLNAME="mux_164_64_1_1_U41" SOURCE="gemm_no_taffoin.c:91" VARIABLE="tmp_22" MODULE="mm_Pipeline_VITIS_LOOP_82_7_VITIS_LOOP_84_8" LOOP="VITIS_LOOP_82_7_VITIS_LOOP_84_8" BUNDLEDNAME="" DSP="0" BRAM="0" URAM="0"/>
	<BindNode BINDTYPE="op" DISPLAY="bind_op dmul" ID="" IMPL="maxdsp" LATENCY="3" OPTYPE="dmul" PRAGMA="" RTLNAME="dmul_64ns_64ns_64_4_max_dsp_1_U17" SOURCE="gemm_no_taffoin.c:91" VARIABLE="mul79_7" MODULE="mm_Pipeline_VITIS_LOOP_82_7_VITIS_LOOP_84_8" LOOP="VITIS_LOOP_82_7_VITIS_LOOP_84_8" BUNDLEDNAME="" DSP="11" BRAM="0" URAM="0"/>
	<BindNode BINDTYPE="op" DISPLAY="bind_op dadd" ID="" IMPL="fulldsp" LATENCY="3" OPTYPE="dadd" PRAGMA="" RTLNAME="dadd_64ns_64ns_64_4_full_dsp_1_U8" SOURCE="gemm_no_taffoin.c:91" VARIABLE="z_7" MODULE="mm_Pipeline_VITIS_LOOP_82_7_VITIS_LOOP_84_8" LOOP="VITIS_LOOP_82_7_VITIS_LOOP_84_8" BUNDLEDNAME="" DSP="3" BRAM="0" URAM="0"/>
	<BindNode BINDTYPE="op" DISPLAY="bind_op mux" ID="" IMPL="auto" LATENCY="0" OPTYPE="mux" PRAGMA="" RTLNAME="mux_164_64_1_1_U58" SOURCE="gemm_no_taffoin.c:91" VARIABLE="tmp_23" MODULE="mm_Pipeline_VITIS_LOOP_82_7_VITIS_LOOP_84_8" LOOP="VITIS_LOOP_82_7_VITIS_LOOP_84_8" BUNDLEDNAME="" DSP="0" BRAM="0" URAM="0"/>
	<BindNode BINDTYPE="op" DISPLAY="bind_op dmul" ID="" IMPL="maxdsp" LATENCY="3" OPTYPE="dmul" PRAGMA="" RTLNAME="dmul_64ns_64ns_64_4_max_dsp_1_U10" SOURCE="gemm_no_taffoin.c:91" VARIABLE="mul79_8" MODULE="mm_Pipeline_VITIS_LOOP_82_7_VITIS_LOOP_84_8" LOOP="VITIS_LOOP_82_7_VITIS_LOOP_84_8" BUNDLEDNAME="" DSP="11" BRAM="0" URAM="0"/>
	<BindNode BINDTYPE="op" DISPLAY="bind_op dadd" ID="" IMPL="fulldsp" LATENCY="3" OPTYPE="dadd" PRAGMA="" RTLNAME="dadd_64ns_64ns_64_4_full_dsp_1_U1" SOURCE="gemm_no_taffoin.c:91" VARIABLE="z_8" MODULE="mm_Pipeline_VITIS_LOOP_82_7_VITIS_LOOP_84_8" LOOP="VITIS_LOOP_82_7_VITIS_LOOP_84_8" BUNDLEDNAME="" DSP="3" BRAM="0" URAM="0"/>
	<BindNode BINDTYPE="op" DISPLAY="bind_op mux" ID="" IMPL="auto" LATENCY="0" OPTYPE="mux" PRAGMA="" RTLNAME="mux_164_64_1_1_U59" SOURCE="gemm_no_taffoin.c:91" VARIABLE="tmp_24" MODULE="mm_Pipeline_VITIS_LOOP_82_7_VITIS_LOOP_84_8" LOOP="VITIS_LOOP_82_7_VITIS_LOOP_84_8" BUNDLEDNAME="" DSP="0" BRAM="0" URAM="0"/>
	<BindNode BINDTYPE="op" DISPLAY="bind_op dmul" ID="" IMPL="maxdsp" LATENCY="3" OPTYPE="dmul" PRAGMA="" RTLNAME="dmul_64ns_64ns_64_4_max_dsp_1_U11" SOURCE="gemm_no_taffoin.c:91" VARIABLE="mul79_9" MODULE="mm_Pipeline_VITIS_LOOP_82_7_VITIS_LOOP_84_8" LOOP="VITIS_LOOP_82_7_VITIS_LOOP_84_8" BUNDLEDNAME="" DSP="11" BRAM="0" URAM="0"/>
	<BindNode BINDTYPE="op" DISPLAY="bind_op dadd" ID="" IMPL="fulldsp" LATENCY="3" OPTYPE="dadd" PRAGMA="" RTLNAME="dadd_64ns_64ns_64_4_full_dsp_1_U2" SOURCE="gemm_no_taffoin.c:91" VARIABLE="z_9" MODULE="mm_Pipeline_VITIS_LOOP_82_7_VITIS_LOOP_84_8" LOOP="VITIS_LOOP_82_7_VITIS_LOOP_84_8" BUNDLEDNAME="" DSP="3" BRAM="0" URAM="0"/>
	<BindNode BINDTYPE="op" DISPLAY="bind_op mux" ID="" IMPL="auto" LATENCY="0" OPTYPE="mux" PRAGMA="" RTLNAME="mux_164_64_1_1_U60" SOURCE="gemm_no_taffoin.c:91" VARIABLE="tmp_25" MODULE="mm_Pipeline_VITIS_LOOP_82_7_VITIS_LOOP_84_8" LOOP="VITIS_LOOP_82_7_VITIS_LOOP_84_8" BUNDLEDNAME="" DSP="0" BRAM="0" URAM="0"/>
	<BindNode BINDTYPE="op" DISPLAY="bind_op dmul" ID="" IMPL="maxdsp" LATENCY="3" OPTYPE="dmul" PRAGMA="" RTLNAME="dmul_64ns_64ns_64_4_max_dsp_1_U12" SOURCE="gemm_no_taffoin.c:91" VARIABLE="mul79_s" MODULE="mm_Pipeline_VITIS_LOOP_82_7_VITIS_LOOP_84_8" LOOP="VITIS_LOOP_82_7_VITIS_LOOP_84_8" BUNDLEDNAME="" DSP="11" BRAM="0" URAM="0"/>
	<BindNode BINDTYPE="op" DISPLAY="bind_op dadd" ID="" IMPL="fulldsp" LATENCY="3" OPTYPE="dadd" PRAGMA="" RTLNAME="dadd_64ns_64ns_64_4_full_dsp_1_U3" SOURCE="gemm_no_taffoin.c:91" VARIABLE="z_10" MODULE="mm_Pipeline_VITIS_LOOP_82_7_VITIS_LOOP_84_8" LOOP="VITIS_LOOP_82_7_VITIS_LOOP_84_8" BUNDLEDNAME="" DSP="3" BRAM="0" URAM="0"/>
	<BindNode BINDTYPE="op" DISPLAY="bind_op mux" ID="" IMPL="auto" LATENCY="0" OPTYPE="mux" PRAGMA="" RTLNAME="mux_164_64_1_1_U61" SOURCE="gemm_no_taffoin.c:91" VARIABLE="tmp_26" MODULE="mm_Pipeline_VITIS_LOOP_82_7_VITIS_LOOP_84_8" LOOP="VITIS_LOOP_82_7_VITIS_LOOP_84_8" BUNDLEDNAME="" DSP="0" BRAM="0" URAM="0"/>
	<BindNode BINDTYPE="op" DISPLAY="bind_op dmul" ID="" IMPL="maxdsp" LATENCY="3" OPTYPE="dmul" PRAGMA="" RTLNAME="dmul_64ns_64ns_64_4_max_dsp_1_U13" SOURCE="gemm_no_taffoin.c:91" VARIABLE="mul79_10" MODULE="mm_Pipeline_VITIS_LOOP_82_7_VITIS_LOOP_84_8" LOOP="VITIS_LOOP_82_7_VITIS_LOOP_84_8" BUNDLEDNAME="" DSP="11" BRAM="0" URAM="0"/>
	<BindNode BINDTYPE="op" DISPLAY="bind_op dadd" ID="" IMPL="fulldsp" LATENCY="3" OPTYPE="dadd" PRAGMA="" RTLNAME="dadd_64ns_64ns_64_4_full_dsp_1_U4" SOURCE="gemm_no_taffoin.c:91" VARIABLE="z_11" MODULE="mm_Pipeline_VITIS_LOOP_82_7_VITIS_LOOP_84_8" LOOP="VITIS_LOOP_82_7_VITIS_LOOP_84_8" BUNDLEDNAME="" DSP="3" BRAM="0" URAM="0"/>
	<BindNode BINDTYPE="op" DISPLAY="bind_op mux" ID="" IMPL="auto" LATENCY="0" OPTYPE="mux" PRAGMA="" RTLNAME="mux_164_64_1_1_U62" SOURCE="gemm_no_taffoin.c:91" VARIABLE="tmp_27" MODULE="mm_Pipeline_VITIS_LOOP_82_7_VITIS_LOOP_84_8" LOOP="VITIS_LOOP_82_7_VITIS_LOOP_84_8" BUNDLEDNAME="" DSP="0" BRAM="0" URAM="0"/>
	<BindNode BINDTYPE="op" DISPLAY="bind_op dmul" ID="" IMPL="maxdsp" LATENCY="3" OPTYPE="dmul" PRAGMA="" RTLNAME="dmul_64ns_64ns_64_4_max_dsp_1_U14" SOURCE="gemm_no_taffoin.c:91" VARIABLE="mul79_11" MODULE="mm_Pipeline_VITIS_LOOP_82_7_VITIS_LOOP_84_8" LOOP="VITIS_LOOP_82_7_VITIS_LOOP_84_8" BUNDLEDNAME="" DSP="11" BRAM="0" URAM="0"/>
	<BindNode BINDTYPE="op" DISPLAY="bind_op dadd" ID="" IMPL="fulldsp" LATENCY="3" OPTYPE="dadd" PRAGMA="" RTLNAME="dadd_64ns_64ns_64_4_full_dsp_1_U5" SOURCE="gemm_no_taffoin.c:91" VARIABLE="z_12" MODULE="mm_Pipeline_VITIS_LOOP_82_7_VITIS_LOOP_84_8" LOOP="VITIS_LOOP_82_7_VITIS_LOOP_84_8" BUNDLEDNAME="" DSP="3" BRAM="0" URAM="0"/>
	<BindNode BINDTYPE="op" DISPLAY="bind_op mux" ID="" IMPL="auto" LATENCY="0" OPTYPE="mux" PRAGMA="" RTLNAME="mux_164_64_1_1_U63" SOURCE="gemm_no_taffoin.c:91" VARIABLE="tmp_28" MODULE="mm_Pipeline_VITIS_LOOP_82_7_VITIS_LOOP_84_8" LOOP="VITIS_LOOP_82_7_VITIS_LOOP_84_8" BUNDLEDNAME="" DSP="0" BRAM="0" URAM="0"/>
	<BindNode BINDTYPE="op" DISPLAY="bind_op dmul" ID="" IMPL="maxdsp" LATENCY="3" OPTYPE="dmul" PRAGMA="" RTLNAME="dmul_64ns_64ns_64_4_max_dsp_1_U15" SOURCE="gemm_no_taffoin.c:91" VARIABLE="mul79_12" MODULE="mm_Pipeline_VITIS_LOOP_82_7_VITIS_LOOP_84_8" LOOP="VITIS_LOOP_82_7_VITIS_LOOP_84_8" BUNDLEDNAME="" DSP="11" BRAM="0" URAM="0"/>
	<BindNode BINDTYPE="op" DISPLAY="bind_op dadd" ID="" IMPL="fulldsp" LATENCY="3" OPTYPE="dadd" PRAGMA="" RTLNAME="dadd_64ns_64ns_64_4_full_dsp_1_U6" SOURCE="gemm_no_taffoin.c:91" VARIABLE="z_13" MODULE="mm_Pipeline_VITIS_LOOP_82_7_VITIS_LOOP_84_8" LOOP="VITIS_LOOP_82_7_VITIS_LOOP_84_8" BUNDLEDNAME="" DSP="3" BRAM="0" URAM="0"/>
	<BindNode BINDTYPE="op" DISPLAY="bind_op mux" ID="" IMPL="auto" LATENCY="0" OPTYPE="mux" PRAGMA="" RTLNAME="mux_164_64_1_1_U64" SOURCE="gemm_no_taffoin.c:91" VARIABLE="tmp_29" MODULE="mm_Pipeline_VITIS_LOOP_82_7_VITIS_LOOP_84_8" LOOP="VITIS_LOOP_82_7_VITIS_LOOP_84_8" BUNDLEDNAME="" DSP="0" BRAM="0" URAM="0"/>
	<BindNode BINDTYPE="op" DISPLAY="bind_op dmul" ID="" IMPL="maxdsp" LATENCY="3" OPTYPE="dmul" PRAGMA="" RTLNAME="dmul_64ns_64ns_64_4_max_dsp_1_U16" SOURCE="gemm_no_taffoin.c:91" VARIABLE="mul79_13" MODULE="mm_Pipeline_VITIS_LOOP_82_7_VITIS_LOOP_84_8" LOOP="VITIS_LOOP_82_7_VITIS_LOOP_84_8" BUNDLEDNAME="" DSP="11" BRAM="0" URAM="0"/>
	<BindNode BINDTYPE="op" DISPLAY="bind_op dadd" ID="" IMPL="fulldsp" LATENCY="3" OPTYPE="dadd" PRAGMA="" RTLNAME="dadd_64ns_64ns_64_4_full_dsp_1_U7" SOURCE="gemm_no_taffoin.c:91" VARIABLE="z_14" MODULE="mm_Pipeline_VITIS_LOOP_82_7_VITIS_LOOP_84_8" LOOP="VITIS_LOOP_82_7_VITIS_LOOP_84_8" BUNDLEDNAME="" DSP="3" BRAM="0" URAM="0"/>
	<BindNode BINDTYPE="op" DISPLAY="bind_op mux" ID="" IMPL="auto" LATENCY="0" OPTYPE="mux" PRAGMA="" RTLNAME="mux_164_64_1_1_U65" SOURCE="gemm_no_taffoin.c:91" VARIABLE="tmp_30" MODULE="mm_Pipeline_VITIS_LOOP_82_7_VITIS_LOOP_84_8" LOOP="VITIS_LOOP_82_7_VITIS_LOOP_84_8" BUNDLEDNAME="" DSP="0" BRAM="0" URAM="0"/>
	<BindNode BINDTYPE="op" DISPLAY="bind_op dmul" ID="" IMPL="maxdsp" LATENCY="3" OPTYPE="dmul" PRAGMA="" RTLNAME="dmul_64ns_64ns_64_4_max_dsp_1_U17" SOURCE="gemm_no_taffoin.c:91" VARIABLE="mul79_14" MODULE="mm_Pipeline_VITIS_LOOP_82_7_VITIS_LOOP_84_8" LOOP="VITIS_LOOP_82_7_VITIS_LOOP_84_8" BUNDLEDNAME="" DSP="11" BRAM="0" URAM="0"/>
	<BindNode BINDTYPE="op" DISPLAY="bind_op dadd" ID="" IMPL="fulldsp" LATENCY="3" OPTYPE="dadd" PRAGMA="" RTLNAME="dadd_64ns_64ns_64_4_full_dsp_1_U8" SOURCE="gemm_no_taffoin.c:91" VARIABLE="tmp_32" MODULE="mm_Pipeline_VITIS_LOOP_82_7_VITIS_LOOP_84_8" LOOP="VITIS_LOOP_82_7_VITIS_LOOP_84_8" BUNDLEDNAME="" DSP="3" BRAM="0" URAM="0"/>
	<BindNode BINDTYPE="op" DISPLAY="bind_op dadd" ID="" IMPL="fabric" LATENCY="2" OPTYPE="dadd" PRAGMA="" RTLNAME="dadd_64ns_64ns_64_3_no_dsp_1_U9" SOURCE="gemm_no_taffoin.c:94" VARIABLE="sum" MODULE="mm_Pipeline_VITIS_LOOP_82_7_VITIS_LOOP_84_8" LOOP="VITIS_LOOP_82_7_VITIS_LOOP_84_8" BUNDLEDNAME="" DSP="0" BRAM="0" URAM="0"/>
	<BindNode BINDTYPE="op" DISPLAY="bind_op add" ID="" IMPL="fabric" LATENCY="0" OPTYPE="add" PRAGMA="" RTLNAME="add_ln84_fu_1233_p2" SOURCE="gemm_no_taffoin.c:84" VARIABLE="add_ln84" MODULE="mm_Pipeline_VITIS_LOOP_82_7_VITIS_LOOP_84_8" LOOP="VITIS_LOOP_82_7_VITIS_LOOP_84_8" BUNDLEDNAME="" DSP="0" BRAM="0" URAM="0"/>
	<BindNode BINDTYPE="op" DISPLAY="bind_op add" ID="" IMPL="fabric" LATENCY="0" OPTYPE="add" PRAGMA="" RTLNAME="add_ln515_fu_100_p2" SOURCE="/wrk/ci/prod/2022.2/hls_product/continuous/608/2022.2/src/shared/hls/clib/src/hls/utils/x_hls_utils.h:515" VARIABLE="add_ln515" MODULE="mm" LOOP="" BUNDLEDNAME="" DSP="0" BRAM="0" URAM="0"/>
	<BindNode BINDTYPE="op" DISPLAY="bind_op sub" ID="" IMPL="fabric" LATENCY="0" OPTYPE="sub" PRAGMA="" RTLNAME="sub_ln1512_fu_114_p2" SOURCE="/wrk/ci/prod/2022.2/hls_product/continuous/608/2022.2/src/shared/hls/clib/include/header_files/ap_fixed_base.h:1512" VARIABLE="sub_ln1512" MODULE="mm" LOOP="" BUNDLEDNAME="" DSP="0" BRAM="0" URAM="0"/>
	<BindNode BINDTYPE="op" DISPLAY="bind_op select" ID="" IMPL="auto_sel" LATENCY="0" OPTYPE="select" PRAGMA="" RTLNAME="ush_fu_124_p3" SOURCE="/wrk/ci/prod/2022.2/hls_product/continuous/608/2022.2/src/shared/hls/clib/include/header_files/ap_fixed_base.h:1512" VARIABLE="ush" MODULE="mm" LOOP="" BUNDLEDNAME="" DSP="0" BRAM="0" URAM="0"/>
	<BindNode BINDTYPE="op" DISPLAY="bind_op lshr" ID="" IMPL="auto_pipe" LATENCY="0" OPTYPE="lshr" PRAGMA="" RTLNAME="r_V_fu_140_p2" SOURCE="/wrk/ci/prod/2022.2/hls_product/continuous/608/2022.2/src/shared/hls/clib/include/header_files/ap_fixed_base.h:1488" VARIABLE="r_V" MODULE="mm" LOOP="" BUNDLEDNAME="" DSP="0" BRAM="0" URAM="0"/>
	<BindNode BINDTYPE="op" DISPLAY="bind_op shl" ID="" IMPL="auto_pipe" LATENCY="0" OPTYPE="shl" PRAGMA="" RTLNAME="r_V_1_fu_146_p2" SOURCE="/wrk/ci/prod/2022.2/hls_product/continuous/608/2022.2/src/shared/hls/clib/include/header_files/ap_fixed_base.h:1454" VARIABLE="r_V_1" MODULE="mm" LOOP="" BUNDLEDNAME="" DSP="0" BRAM="0" URAM="0"/>
	<BindNode BINDTYPE="op" DISPLAY="bind_op select" ID="" IMPL="auto_sel" LATENCY="0" OPTYPE="select" PRAGMA="" RTLNAME="val_fu_174_p3" SOURCE="/wrk/ci/prod/2022.2/hls_product/continuous/608/2022.2/src/shared/hls/clib/include/header_files/ap_fixed_base.h:1513" VARIABLE="val" MODULE="mm" LOOP="" BUNDLEDNAME="" DSP="0" BRAM="0" URAM="0"/>
	<BindNode BINDTYPE="op" DISPLAY="bind_op sub" ID="" IMPL="fabric" LATENCY="0" OPTYPE="sub" PRAGMA="" RTLNAME="result_V_2_fu_182_p2" SOURCE="/wrk/ci/prod/2022.2/hls_product/continuous/608/2022.2/src/shared/hls/clib/include/header_files/ap_fixed_base.h:813" VARIABLE="result_V_2" MODULE="mm" LOOP="" BUNDLEDNAME="" DSP="0" BRAM="0" URAM="0"/>
	<BindNode BINDTYPE="op" DISPLAY="bind_op select" ID="" IMPL="auto_sel" LATENCY="0" OPTYPE="select" PRAGMA="" RTLNAME="ap_return" SOURCE="/wrk/ci/prod/2022.2/hls_product/continuous/608/2022.2/src/shared/hls/clib/hlsmath/include/FloatingPoint/hls_case_IEEE754.h:59" VARIABLE="result_V" MODULE="mm" LOOP="" BUNDLEDNAME="" DSP="0" BRAM="0" URAM="0"/>
</BindInfo>
