<xilinx:hls_fe_msgs>
    <msg msg_groups="PRAGMA_VERBOSE_DUMP" msg_id="207-5471" msg_severity="WARNING" msg_loc="/home/bruno/Desktop/benchmarks/gemm/run_hls_matmult_no_taffo.tcl:77:9" msg_body="HLS pragma dump">
        <args ARG_PragmaContext="directive" ARG_PragmaFunction="mm" ARG_PragmaIsValid="1" ARG_PragmaOptions="name=mm" ARG_PragmaType="top" ClangWarningOption="dump-hls-pragmas"/>
    </msg>
    <msg msg_groups="PRAGMA_VERBOSE_DUMP" msg_id="207-5471" msg_severity="WARNING" msg_loc="gemm_no_taffoin.c:56:9" msg_body="HLS pragma dump">
        <args ARG_PragmaFunction="mm" ARG_PragmaIsValid="1" ARG_PragmaOptions="dim=1 type=complete variable=A" ARG_PragmaType="array_partition" ClangWarningOption="dump-hls-pragmas"/>
    </msg>
    <msg msg_groups="PRAGMA_VERBOSE_DUMP" msg_id="207-5471" msg_severity="WARNING" msg_loc="gemm_no_taffoin.c:57:9" msg_body="HLS pragma dump">
        <args ARG_PragmaFunction="mm" ARG_PragmaIsValid="1" ARG_PragmaOptions="dim=1 type=complete variable=B" ARG_PragmaType="array_partition" ClangWarningOption="dump-hls-pragmas"/>
    </msg>
    <msg msg_groups="PRAGMA_VERBOSE_DUMP" msg_id="207-5471" msg_severity="WARNING" msg_loc="gemm_no_taffoin.c:86:9" msg_body="HLS pragma dump">
        <args ARG_PragmaFunction="mm" ARG_PragmaIsValid="1" ARG_PragmaOptions="II=1" ARG_PragmaType="pipeline" ClangWarningOption="dump-hls-pragmas"/>
    </msg>
    <msg msg_groups="PRAGMA_UNROLL" msg_id="214-291" msg_severity="INFO" msg_loc="gemm_no_taffoin.c:88:30" msg_body="Loop 'VITIS_LOOP_88_9' is marked as complete unroll implied by the pipeline pragma">
        <args LoopName="VITIS_LOOP_88_9"/>
    </msg>
    <msg msg_groups="PRAGMA_UNROLL" msg_id="214-186" msg_severity="INFO" msg_loc="gemm_no_taffoin.c:44:0" msg_body="Unrolling loop 'VITIS_LOOP_88_9' (gemm_no_taffoin.c:88:30) in function 'mm' completely with a factor of 16">
        <args Factor="16" LoopLoc="gemm_no_taffoin.c:88:30" LoopName="VITIS_LOOP_88_9"/>
    </msg>
    <msg msg_groups="PRAGMA_INLINE" msg_id="214-178" msg_severity="INFO" msg_loc="/wrk/ci/prod/2022.2/hls_product/continuous/608/2022.2/src/shared/hls/clib/hlsmath/include/FloatingPoint/hls_case_IEEE754.h:12:0" msg_body="Inlining function 'fp_struct&lt;double&gt;::fp_struct(double)' into 'int generic_cast_IEEE754&lt;int, (ap_q_mode)6, double&gt;(double, bool, hls::enable_if&lt;std::numeric_limits&lt;int&gt;::is_signed, bool&gt;::type)'">
        <args Callee="fp_struct&lt;double&gt;::fp_struct(double)" Caller="int generic_cast_IEEE754&lt;int, (ap_q_mode)6, double&gt;(double, bool, hls::enable_if&lt;std::numeric_limits&lt;int&gt;::is_signed, bool&gt;::type)"/>
    </msg>
    <msg msg_groups="PRAGMA_INLINE" msg_id="214-178" msg_severity="INFO" msg_loc="/wrk/ci/prod/2022.2/hls_product/continuous/608/2022.2/src/shared/hls/clib/hlsmath/include/FloatingPoint/hls_case_IEEE754.h:12:0" msg_body="Inlining function 'fp_struct&lt;double&gt;::mantissa() const' into 'int generic_cast_IEEE754&lt;int, (ap_q_mode)6, double&gt;(double, bool, hls::enable_if&lt;std::numeric_limits&lt;int&gt;::is_signed, bool&gt;::type)'">
        <args Callee="fp_struct&lt;double&gt;::mantissa() const" Caller="int generic_cast_IEEE754&lt;int, (ap_q_mode)6, double&gt;(double, bool, hls::enable_if&lt;std::numeric_limits&lt;int&gt;::is_signed, bool&gt;::type)"/>
    </msg>
    <msg msg_groups="PRAGMA_INLINE" msg_id="214-178" msg_severity="INFO" msg_loc="/wrk/ci/prod/2022.2/hls_product/continuous/608/2022.2/src/shared/hls/clib/hlsmath/include/FloatingPoint/hls_case_IEEE754.h:12:0" msg_body="Inlining function 'fp_struct&lt;double&gt;::expv() const' into 'int generic_cast_IEEE754&lt;int, (ap_q_mode)6, double&gt;(double, bool, hls::enable_if&lt;std::numeric_limits&lt;int&gt;::is_signed, bool&gt;::type)'">
        <args Callee="fp_struct&lt;double&gt;::expv() const" Caller="int generic_cast_IEEE754&lt;int, (ap_q_mode)6, double&gt;(double, bool, hls::enable_if&lt;std::numeric_limits&lt;int&gt;::is_signed, bool&gt;::type)"/>
    </msg>
    <msg msg_groups="PRAGMA_INLINE" msg_id="214-178" msg_severity="INFO" msg_loc="/wrk/ci/prod/2022.2/hls_product/continuous/608/2022.2/src/shared/hls/clib/hlsmath/include/FloatingPoint/hls_case_IEEE754.h:12:0" msg_body="Inlining function 'fp_struct&lt;double&gt;::__signbit() const' into 'int generic_cast_IEEE754&lt;int, (ap_q_mode)6, double&gt;(double, bool, hls::enable_if&lt;std::numeric_limits&lt;int&gt;::is_signed, bool&gt;::type)'">
        <args Callee="fp_struct&lt;double&gt;::__signbit() const" Caller="int generic_cast_IEEE754&lt;int, (ap_q_mode)6, double&gt;(double, bool, hls::enable_if&lt;std::numeric_limits&lt;int&gt;::is_signed, bool&gt;::type)"/>
    </msg>
    <msg msg_groups="PRAGMA_INLINE" msg_id="214-178" msg_severity="INFO" msg_loc="/wrk/ci/prod/2022.2/hls_product/continuous/608/2022.2/src/shared/hls/clib/hlsmath/include/FloatingPoint/hls_case_IEEE754.h:116:0" msg_body="Inlining function 'int generic_cast_IEEE754&lt;int, (ap_q_mode)6, double&gt;(double, bool, hls::enable_if&lt;std::numeric_limits&lt;int&gt;::is_signed, bool&gt;::type)' into 'int generic_cast_IEEE754&lt;int, double&gt;(double, bool)'">
        <args Callee="int generic_cast_IEEE754&lt;int, (ap_q_mode)6, double&gt;(double, bool, hls::enable_if&lt;std::numeric_limits&lt;int&gt;::is_signed, bool&gt;::type)" Caller="int generic_cast_IEEE754&lt;int, double&gt;(double, bool)"/>
    </msg>
    <msg msg_groups="PRAGMA_INLINE" msg_id="214-178" msg_severity="INFO" msg_loc="/wrk/ci/prod/2022.2/hls_product/continuous/608/2022.2/src/shared/hls/clib/hlsmath/src/lib_floatconversion.cpp:55:0" msg_body="Inlining function 'int generic_cast_IEEE754&lt;int, double&gt;(double, bool)' into '__hls_fptosi_double_i32'">
        <args Callee="int generic_cast_IEEE754&lt;int, double&gt;(double, bool)" Caller="__hls_fptosi_double_i32"/>
    </msg>
    <msg msg_groups="PRAGMA_INLINE" msg_id="214-178" msg_severity="INFO" msg_loc="gemm_no_taffoin.c:44:0" msg_body="Inlining function '__hls_fptosi_double_i32' into 'mm'">
        <args Callee="__hls_fptosi_double_i32" Caller="mm"/>
    </msg>
</xilinx:hls_fe_msgs>

