<pragmas>
<pragma file="/wrk/ci/prod/2022.2/hls_product/continuous/608/2022.2/src/shared/hls/clib/include/header_files/ap_int_base.h" line="1669" pragmaType="inline" parentfunction="ap_int_base<137, false>::RType<137, false>::arg1 operator>><137, false>(ap_int_base<137, false> const&, int)" off="0" region="0" recursive="0"/>
<pragma file="/wrk/ci/prod/2022.2/hls_product/continuous/608/2022.2/src/shared/hls/clib/include/header_files/ap_int_base.h" line="1018" pragmaType="inline" parentfunction="bool ap_int_base<137, false>::operator==<137, false>(ap_int_base<137, false> const&) const" off="0" region="0" recursive="0"/>
<pragma file="/wrk/ci/prod/2022.2/hls_product/continuous/608/2022.2/src/shared/hls/clib/include/header_files/ap_fixed_base.h" line="1486" pragmaType="inline" parentfunction="ap_fixed_base<137, 84, false, (ap_q_mode)5, (ap_o_mode)3, 0>::operator>>(unsigned int) const" off="0" region="0" recursive="0"/>
<pragma file="/wrk/ci/prod/2022.2/hls_product/continuous/608/2022.2/src/shared/hls/clib/include/header_files/ap_fixed_base.h" line="1452" pragmaType="inline" parentfunction="ap_fixed_base<137, 84, false, (ap_q_mode)5, (ap_o_mode)3, 0>::operator<<(unsigned int) const" off="0" region="0" recursive="0"/>
<pragma file="/wrk/ci/prod/2022.2/hls_product/continuous/608/2022.2/src/shared/hls/clib/include/header_files/ap_fixed_base.h" line="0" pragmaType="inline" parentfunction="ap_fixed_base<137, 84, false, (ap_q_mode)5, (ap_o_mode)3, 0>& ap_fixed_base<137, 84, false, (ap_q_mode)5, (ap_o_mode)3, 0>::operator=<32, 32, true, (ap_q_mode)5, (ap_o_mode)3, 0>(ap_fixed_base<32, 32, true, (ap_q_mode)5, (ap_o_mode)3, 0> const&)" off="0" region="0" recursive="0"/>
<pragma file="gemm_no_taffoin.c" line="86" pragmaType="pipeline" parentfunction="mm" off="0" ii="1" rewind="0" style=""/>
<pragma file="gemm_no_taffoin.c" line="56" pragmaType="array_partition" parentfunction="mm" dim="1" factor="0" mode="complete" dynamic="0" variable="A"/>
<pragma file="gemm_no_taffoin.c" line="57" pragmaType="array_partition" parentfunction="mm" dim="1" factor="0" mode="complete" dynamic="0" variable="B"/>
<pragma file="/wrk/ci/prod/2022.2/hls_product/continuous/608/2022.2/src/shared/hls/clib/include/header_files/ap_fixed_base.h" line="1420" pragmaType="inline" parentfunction="ap_fixed_base<137, 84, false, (ap_q_mode)5, (ap_o_mode)3, 0>::operator!() const" off="0" region="0" recursive="0"/>
<pragma file="/wrk/ci/prod/2022.2/hls_product/continuous/608/2022.2/src/shared/hls/clib/include/header_files/ap_fixed_base.h" line="400" pragmaType="inline" parentfunction="ap_fixed_base<1, 32, false, (ap_q_mode)5, (ap_o_mode)0, 0>::ap_fixed_base<137, 84, false, (ap_q_mode)5, (ap_o_mode)3, 0>(ap_fixed_base<137, 84, false, (ap_q_mode)5, (ap_o_mode)3, 0> const&)" off="0" region="0" recursive="0"/>
<pragma file="/wrk/ci/prod/2022.2/hls_product/continuous/608/2022.2/src/shared/hls/clib/include/header_files/ap_common.h" line="523" pragmaType="inline" parentfunction="_ZN8ssdm_intILi1ELb0EEC2EDq1_j" off="0" region="0" recursive="0"/>
<pragma file="/wrk/ci/prod/2022.2/hls_product/continuous/608/2022.2/src/shared/hls/clib/include/header_files/ap_int_base.h" line="214" pragmaType="inline" parentfunction="ap_int_base<1, false>::ap_int_base(int)" off="0" region="0" recursive="0"/>
<pragma file="" line="0" pragmaType="inline" parentfunction="ap_uint<137>::ap_uint<137, false>(ap_int_base<137, false> const&)" off="0" region="0" recursive="0"/>
<pragma file="/wrk/ci/prod/2022.2/hls_product/continuous/608/2022.2/src/shared/hls/clib/include/header_files/ap_common.h" line="523" pragmaType="inline" parentfunction="_ZN8ssdm_intILi137ELb0EEC2EDq137_j" off="0" region="0" recursive="0"/>
<pragma file="/wrk/ci/prod/2022.2/hls_product/continuous/608/2022.2/src/shared/hls/clib/include/header_files/ap_fixed_base.h" line="530" pragmaType="inline" parentfunction="ap_fixed_base<137, 84, false, (ap_q_mode)5, (ap_o_mode)3, 0>::ap_fixed_base(int)" off="0" region="0" recursive="0"/>
<pragma file="/wrk/ci/prod/2022.2/hls_product/continuous/608/2022.2/src/shared/hls/clib/include/header_files/ap_common.h" line="523" pragmaType="inline" parentfunction="ssdm_int<32, false>::ssdm_int(unsigned int)" off="0" region="0" recursive="0"/>
<pragma file="/wrk/ci/prod/2022.2/hls_product/continuous/608/2022.2/src/shared/hls/clib/include/header_files/ap_fixed_base.h" line="1420" pragmaType="inline" parentfunction="ap_fixed_base<1, 32, false, (ap_q_mode)5, (ap_o_mode)0, 0>::operator!() const" off="0" region="0" recursive="0"/>
<pragma file="/wrk/ci/prod/2022.2/hls_product/continuous/608/2022.2/src/shared/hls/clib/include/header_files/ap_int_base.h" line="0" pragmaType="inline" parentfunction="checkOverflowBaseC" off="0" region="0" recursive="0"/>
<pragma file="/wrk/ci/prod/2022.2/hls_product/continuous/608/2022.2/src/shared/hls/clib/include/header_files/ap_fixed_base.h" line="395" pragmaType="inline" parentfunction="ap_fixed_base<32, 32, true, (ap_q_mode)5, (ap_o_mode)3, 0>::ap_fixed_base()" off="0" region="0" recursive="0"/>
<pragma file="/wrk/ci/prod/2022.2/hls_product/continuous/608/2022.2/src/shared/hls/clib/include/header_files/ap_int_ref.h" line="774" pragmaType="inline" parentfunction="ap_bit_ref<32, true>::ap_bit_ref(ap_int_base<32, true>*, int)" off="0" region="0" recursive="0"/>
<pragma file="/wrk/ci/prod/2022.2/hls_product/continuous/608/2022.2/src/shared/hls/clib/include/header_files/ap_fixed_base.h" line="400" pragmaType="inline" parentfunction="ap_fixed_base<32, 32, false, (ap_q_mode)6, (ap_o_mode)3, 0>::ap_fixed_base<137, 84, false, (ap_q_mode)5, (ap_o_mode)3, 0>(ap_fixed_base<137, 84, false, (ap_q_mode)5, (ap_o_mode)3, 0> const&)" off="0" region="0" recursive="0"/>
<pragma file="/wrk/ci/prod/2022.2/hls_product/continuous/608/2022.2/src/shared/hls/clib/include/header_files/ap_fixed_base.h" line="0" pragmaType="inline" parentfunction="overflow_adjust" off="0" region="0" recursive="0"/>
<pragma file="/wrk/ci/prod/2022.2/hls_product/continuous/608/2022.2/src/shared/hls/clib/include/header_files/ap_int_base.h" line="214" pragmaType="inline" parentfunction="ap_int_base<137, false>::ap_int_base(int)" off="0" region="0" recursive="0"/>
<pragma file="/wrk/ci/prod/2022.2/hls_product/continuous/608/2022.2/src/shared/hls/clib/include/header_files/ap_fixed_base.h" line="1654" pragmaType="inline" parentfunction="bool ap_fixed_base<1, 32, false, (ap_q_mode)5, (ap_o_mode)0, 0>::operator!=<32, 32, true, (ap_q_mode)5, (ap_o_mode)3, 0>(ap_fixed_base<32, 32, true, (ap_q_mode)5, (ap_o_mode)3, 0> const&) const" off="0" region="0" recursive="0"/>
<pragma file="/wrk/ci/prod/2022.2/hls_product/continuous/608/2022.2/src/shared/hls/clib/include/header_files/ap_fixed_base.h" line="400" pragmaType="inline" parentfunction="ap_fixed_base<33, 33, false, (ap_q_mode)5, (ap_o_mode)0, 0>::ap_fixed_base<1, 32, false, (ap_q_mode)5, (ap_o_mode)0, 0>(ap_fixed_base<1, 32, false, (ap_q_mode)5, (ap_o_mode)0, 0> const&)" off="0" region="0" recursive="0"/>
<pragma file="/wrk/ci/prod/2022.2/hls_product/continuous/608/2022.2/src/shared/hls/clib/include/header_files/ap_common.h" line="523" pragmaType="inline" parentfunction="_ZN8ssdm_intILi33ELb0EEC2EDq33_j" off="0" region="0" recursive="0"/>
<pragma file="/wrk/ci/prod/2022.2/hls_product/continuous/608/2022.2/src/shared/hls/clib/include/header_files/ap_fixed_base.h" line="1509" pragmaType="inline" parentfunction="ap_fixed_base<137, 84, false, (ap_q_mode)5, (ap_o_mode)3, 0>::operator<<(int) const" off="0" region="0" recursive="0"/>
<pragma file="" line="0" pragmaType="inline" parentfunction="ap_ufixed<137, 84, (ap_q_mode)5, (ap_o_mode)3, 0>::ap_ufixed<53, 1, false, (ap_q_mode)5, (ap_o_mode)3, 0>(ap_fixed_base<53, 1, false, (ap_q_mode)5, (ap_o_mode)3, 0> const&)" off="0" region="0" recursive="0"/>
<pragma file="/wrk/ci/prod/2022.2/hls_product/continuous/608/2022.2/src/shared/hls/clib/include/header_files/ap_int_base.h" line="1788" pragmaType="inline" parentfunction="bool operator!=<52, false>(int, ap_int_base<52, false> const&)" off="0" region="0" recursive="0"/>
<pragma file="" line="0" pragmaType="inline" parentfunction="ap_ufixed<137, 84, (ap_q_mode)5, (ap_o_mode)3, 0>::ap_ufixed<137, 84, false, (ap_q_mode)5, (ap_o_mode)3, 0>(ap_fixed_base<137, 84, false, (ap_q_mode)5, (ap_o_mode)3, 0> const&)" off="0" region="0" recursive="0"/>
<pragma file="" line="0" pragmaType="inline" parentfunction="ap_ufixed<1, 32, (ap_q_mode)5, (ap_o_mode)0, 0>::ap_ufixed<137, 84, false, (ap_q_mode)5, (ap_o_mode)3, 0>(ap_fixed_base<137, 84, false, (ap_q_mode)5, (ap_o_mode)3, 0> const&)" off="0" region="0" recursive="0"/>
<pragma file="" line="0" pragmaType="inline" parentfunction="ap_ufixed<32, 32, (ap_q_mode)6, (ap_o_mode)3, 0>::ap_ufixed<137, 84, false, (ap_q_mode)5, (ap_o_mode)3, 0>(ap_fixed_base<137, 84, false, (ap_q_mode)5, (ap_o_mode)3, 0> const&)" off="0" region="0" recursive="0"/>
<pragma file="/wrk/ci/prod/2022.2/hls_product/continuous/608/2022.2/src/shared/hls/clib/include/header_files/ap_fixed_base.h" line="2376" pragmaType="inline" parentfunction="bool operator!=<1, 32, false, (ap_q_mode)5, (ap_o_mode)0, 0>(ap_fixed_base<1, 32, false, (ap_q_mode)5, (ap_o_mode)0, 0> const&, int)" off="0" region="0" recursive="0"/>
<pragma file="" line="0" pragmaType="inline" parentfunction="ap_int<32>::ap_int(int)" off="0" region="0" recursive="0"/>
<pragma file="/wrk/ci/prod/2022.2/hls_product/continuous/608/2022.2/src/shared/hls/clib/include/header_files/ap_int_base.h" line="1126" pragmaType="inline" parentfunction="ap_int_base<32, true>::operator[](int)" off="0" region="0" recursive="0"/>
<pragma file="/wrk/ci/prod/2022.2/hls_product/continuous/608/2022.2/src/shared/hls/clib/include/header_files/ap_fixed_base.h" line="2376" pragmaType="inline" parentfunction="bool operator==<1, 32, false, (ap_q_mode)5, (ap_o_mode)0, 0>(int, ap_fixed_base<1, 32, false, (ap_q_mode)5, (ap_o_mode)0, 0> const&)" off="0" region="0" recursive="0"/>
<pragma file="/wrk/ci/prod/2022.2/hls_product/continuous/608/2022.2/src/shared/hls/clib/include/header_files/ap_int_base.h" line="1788" pragmaType="inline" parentfunction="bool operator==<11, false>(ap_int_base<11, false> const&, int)" off="0" region="0" recursive="0"/>
<pragma file="/wrk/ci/prod/2022.2/hls_product/continuous/608/2022.2/src/shared/hls/clib/include/header_files/ap_int_base.h" line="541" pragmaType="inline" parentfunction="ap_int_base<32, true>::operator long long() const" off="0" region="0" recursive="0"/>
<pragma file="" line="0" pragmaType="inline" parentfunction="ap_fixed<32, 32, (ap_q_mode)5, (ap_o_mode)3, 0>::ap_fixed<32, 32, false, (ap_q_mode)6, (ap_o_mode)3, 0>(ap_fixed_base<32, 32, false, (ap_q_mode)6, (ap_o_mode)3, 0> const&)" off="0" region="0" recursive="0"/>
<pragma file="/wrk/ci/prod/2022.2/hls_product/continuous/608/2022.2/src/shared/hls/clib/include/header_files/ap_fixed_base.h" line="1406" pragmaType="inline" parentfunction="ap_fixed_base<32, 32, false, (ap_q_mode)6, (ap_o_mode)3, 0>::operator-() const" off="0" region="0" recursive="0"/>
<pragma file="" line="0" pragmaType="inline" parentfunction="ap_fixed<32, 32, (ap_q_mode)5, (ap_o_mode)3, 0>::ap_fixed<33, 33, true, (ap_q_mode)5, (ap_o_mode)3, 0>(ap_fixed_base<33, 33, true, (ap_q_mode)5, (ap_o_mode)3, 0> const&)" off="0" region="0" recursive="0"/>
<pragma file="/wrk/ci/prod/2022.2/hls_product/continuous/608/2022.2/src/shared/hls/clib/include/header_files/ap_fixed_base.h" line="1197" pragmaType="inline" parentfunction="ap_fixed_base<32, 32, true, (ap_q_mode)5, (ap_o_mode)3, 0>::operator int() const" off="0" region="0" recursive="0"/>
<pragma file="/wrk/ci/prod/2022.2/hls_product/continuous/608/2022.2/src/shared/hls/clib/include/header_files/ap_fixed_base.h" line="1022" pragmaType="inline" parentfunction="to_int" off="0" region="0" recursive="0"/>
<pragma file="/wrk/ci/prod/2022.2/hls_product/continuous/608/2022.2/src/shared/hls/clib/include/header_files/ap_fixed_base.h" line="981" pragmaType="inline" parentfunction="to_ap_int_base" off="0" region="0" recursive="0"/>
<pragma file="/wrk/ci/prod/2022.2/hls_product/continuous/608/2022.2/src/shared/hls/clib/include/header_files/ap_int_base.h" line="552" pragmaType="inline" parentfunction="to_int" off="0" region="0" recursive="0"/>
<pragma file="/wrk/ci/prod/2022.2/hls_product/continuous/608/2022.2/src/shared/hls/clib/include/header_files/ap_int_base.h" line="214" pragmaType="inline" parentfunction="ap_int_base<32, true>::ap_int_base(int)" off="0" region="0" recursive="0"/>
<pragma file="/wrk/ci/prod/2022.2/hls_product/continuous/608/2022.2/src/shared/hls/clib/include/header_files/ap_int_base.h" line="1633" pragmaType="inline" parentfunction="ap_int_base<32, true>::RType<($_0)32, true>::plus operator+<32, true>(ap_int_base<32, true> const&, int)" off="0" region="0" recursive="0"/>
<pragma file="/wrk/ci/prod/2022.2/hls_product/continuous/608/2022.2/src/shared/hls/clib/include/header_files/ap_int_base.h" line="1495" pragmaType="inline" parentfunction="ap_int_base<32, true>::RType<32, true>::plus operator+<32, true, 32, true>(ap_int_base<32, true> const&, ap_int_base<32, true> const&)" off="0" region="0" recursive="0"/>
<pragma file="/wrk/ci/prod/2022.2/hls_product/continuous/608/2022.2/src/shared/hls/clib/include/header_files/ap_int_base.h" line="185" pragmaType="inline" parentfunction="ap_int_base<33, true>::ap_int_base<32, true>(ap_int_base<32, true> const&)" off="0" region="0" recursive="0"/>
<pragma file="/wrk/ci/prod/2022.2/hls_product/continuous/608/2022.2/src/shared/hls/clib/include/header_files/ap_int_base.h" line="214" pragmaType="inline" parentfunction="ap_int_base<33, true>::ap_int_base(int)" off="0" region="0" recursive="0"/>
<pragma file="" line="0" pragmaType="inline" parentfunction="ap_int<33>::ap_int<33, true>(ap_int_base<33, true> const&)" off="0" region="0" recursive="0"/>
<pragma file="/wrk/ci/prod/2022.2/hls_product/continuous/608/2022.2/src/shared/hls/clib/include/header_files/ap_common.h" line="515" pragmaType="inline" parentfunction="_ZN8ssdm_intILi33ELb1EEC2EDq33_i" off="0" region="0" recursive="0"/>
<pragma file="/wrk/ci/prod/2022.2/hls_product/continuous/608/2022.2/src/shared/hls/clib/include/header_files/ap_common.h" line="515" pragmaType="inline" parentfunction="ssdm_int<32, true>::ssdm_int(int)" off="0" region="0" recursive="0"/>
<pragma file="/wrk/ci/prod/2022.2/hls_product/continuous/608/2022.2/src/shared/hls/clib/include/header_files/ap_fixed_base.h" line="400" pragmaType="inline" parentfunction="ap_fixed_base<32, 32, true, (ap_q_mode)5, (ap_o_mode)3, 0>::ap_fixed_base<33, 33, true, (ap_q_mode)5, (ap_o_mode)3, 0>(ap_fixed_base<33, 33, true, (ap_q_mode)5, (ap_o_mode)3, 0> const&)" off="0" region="0" recursive="0"/>
<pragma file="/wrk/ci/prod/2022.2/hls_product/continuous/608/2022.2/src/shared/hls/clib/include/header_files/ap_fixed_base.h" line="1420" pragmaType="inline" parentfunction="ap_fixed_base<33, 33, true, (ap_q_mode)5, (ap_o_mode)3, 0>::operator!() const" off="0" region="0" recursive="0"/>
<pragma file="/wrk/ci/prod/2022.2/hls_product/continuous/608/2022.2/src/shared/hls/clib/include/header_files/ap_fixed_base.h" line="400" pragmaType="inline" parentfunction="ap_fixed_base<33, 33, true, (ap_q_mode)5, (ap_o_mode)3, 0>::ap_fixed_base<32, 32, false, (ap_q_mode)6, (ap_o_mode)3, 0>(ap_fixed_base<32, 32, false, (ap_q_mode)6, (ap_o_mode)3, 0> const&)" off="0" region="0" recursive="0"/>
<pragma file="" line="0" pragmaType="inline" parentfunction="ap_fixed<33, 33, (ap_q_mode)5, (ap_o_mode)3, 0>::ap_fixed<33, 33, true, (ap_q_mode)5, (ap_o_mode)3, 0>(ap_fixed_base<33, 33, true, (ap_q_mode)5, (ap_o_mode)3, 0> const&)" off="0" region="0" recursive="0"/>
<pragma file="/wrk/ci/prod/2022.2/hls_product/continuous/608/2022.2/src/shared/hls/clib/include/header_files/ap_fixed_base.h" line="0" pragmaType="inline" parentfunction="ap_fixed_base<32, 32, true, (ap_q_mode)5, (ap_o_mode)3, 0>& ap_fixed_base<32, 32, true, (ap_q_mode)5, (ap_o_mode)3, 0>::operator=<32, 32, false, (ap_q_mode)6, (ap_o_mode)3, 0>(ap_fixed_base<32, 32, false, (ap_q_mode)6, (ap_o_mode)3, 0> const&)" off="0" region="0" recursive="0"/>
<pragma file="/wrk/ci/prod/2022.2/hls_product/continuous/608/2022.2/src/shared/hls/clib/include/header_files/ap_fixed_base.h" line="1420" pragmaType="inline" parentfunction="ap_fixed_base<32, 32, false, (ap_q_mode)6, (ap_o_mode)3, 0>::operator!() const" off="0" region="0" recursive="0"/>
<pragma file="/wrk/ci/prod/2022.2/hls_product/continuous/608/2022.2/src/shared/hls/clib/include/header_files/ap_fixed_base.h" line="400" pragmaType="inline" parentfunction="ap_fixed_base<32, 32, true, (ap_q_mode)5, (ap_o_mode)3, 0>::ap_fixed_base<32, 32, false, (ap_q_mode)6, (ap_o_mode)3, 0>(ap_fixed_base<32, 32, false, (ap_q_mode)6, (ap_o_mode)3, 0> const&)" off="0" region="0" recursive="0"/>
<pragma file="/wrk/ci/prod/2022.2/hls_product/continuous/608/2022.2/src/shared/hls/clib/include/header_files/ap_int_base.h" line="552" pragmaType="inline" parentfunction="to_int" off="0" region="0" recursive="0"/>
<pragma file="/wrk/ci/prod/2022.2/hls_product/continuous/608/2022.2/src/shared/hls/clib/include/header_files/ap_int_base.h" line="1018" pragmaType="inline" parentfunction="bool ap_int_base<11, false>::operator==<32, true>(ap_int_base<32, true> const&) const" off="0" region="0" recursive="0"/>
<pragma file="/wrk/ci/prod/2022.2/hls_product/continuous/608/2022.2/src/shared/hls/clib/include/header_files/ap_int_base.h" line="1022" pragmaType="inline" parentfunction="bool ap_int_base<32, true>::operator!=<52, false>(ap_int_base<52, false> const&) const" off="0" region="0" recursive="0"/>
<pragma file="/wrk/ci/prod/2022.2/hls_product/continuous/608/2022.2/src/shared/hls/clib/include/header_files/ap_fixed_base.h" line="530" pragmaType="inline" parentfunction="ap_fixed_base<32, 32, true, (ap_q_mode)5, (ap_o_mode)3, 0>::ap_fixed_base(int)" off="0" region="0" recursive="0"/>
<pragma file="/wrk/ci/prod/2022.2/hls_product/continuous/608/2022.2/src/shared/hls/clib/include/header_files/ap_fixed_base.h" line="1653" pragmaType="inline" parentfunction="bool ap_fixed_base<32, 32, true, (ap_q_mode)5, (ap_o_mode)3, 0>::operator==<1, 32, false, (ap_q_mode)5, (ap_o_mode)0, 0>(ap_fixed_base<1, 32, false, (ap_q_mode)5, (ap_o_mode)0, 0> const&) const" off="0" region="0" recursive="0"/>
<pragma file="/wrk/ci/prod/2022.2/hls_product/continuous/608/2022.2/src/shared/hls/clib/include/header_files/ap_fixed_base.h" line="400" pragmaType="inline" parentfunction="ap_fixed_base<32, 32, false, (ap_q_mode)5, (ap_o_mode)0, 0>::ap_fixed_base<1, 32, false, (ap_q_mode)5, (ap_o_mode)0, 0>(ap_fixed_base<1, 32, false, (ap_q_mode)5, (ap_o_mode)0, 0> const&)" off="0" region="0" recursive="0"/>
<pragma file="/wrk/ci/prod/2022.2/hls_product/continuous/608/2022.2/src/shared/hls/clib/include/header_files/ap_fixed_base.h" line="1420" pragmaType="inline" parentfunction="ap_fixed_base<32, 32, true, (ap_q_mode)5, (ap_o_mode)3, 0>::operator!() const" off="0" region="0" recursive="0"/>
<pragma file="/wrk/ci/prod/2022.2/hls_product/continuous/608/2022.2/src/shared/hls/clib/include/header_files/ap_int_base.h" line="1633" pragmaType="inline" parentfunction="ap_int_base<11, false>::RType<($_0)32, true>::minus operator-<11, false>(ap_int_base<11, false> const&, int)" off="0" region="0" recursive="0"/>
<pragma file="/wrk/ci/prod/2022.2/hls_product/continuous/608/2022.2/src/shared/hls/clib/include/header_files/ap_int_base.h" line="541" pragmaType="inline" parentfunction="ap_int_base<33, true>::operator long long() const" off="0" region="0" recursive="0"/>
<pragma file="/wrk/ci/prod/2022.2/hls_product/continuous/608/2022.2/src/shared/hls/clib/include/header_files/ap_int_base.h" line="1496" pragmaType="inline" parentfunction="ap_int_base<11, false>::RType<32, true>::minus operator-<11, false, 32, true>(ap_int_base<11, false> const&, ap_int_base<32, true> const&)" off="0" region="0" recursive="0"/>
<pragma file="/wrk/ci/prod/2022.2/hls_product/continuous/608/2022.2/src/shared/hls/clib/include/header_files/ap_int_base.h" line="185" pragmaType="inline" parentfunction="ap_int_base<33, true>::ap_int_base<11, false>(ap_int_base<11, false> const&)" off="0" region="0" recursive="0"/>
<pragma file="/wrk/ci/prod/2022.2/hls_product/continuous/608/2022.2/src/shared/hls/clib/include/header_files/ap_fixed_base.h" line="400" pragmaType="inline" parentfunction="ap_fixed_base<137, 84, false, (ap_q_mode)5, (ap_o_mode)3, 0>::ap_fixed_base<53, 1, false, (ap_q_mode)5, (ap_o_mode)3, 0>(ap_fixed_base<53, 1, false, (ap_q_mode)5, (ap_o_mode)3, 0> const&)" off="0" region="0" recursive="0"/>
<pragma file="/wrk/ci/prod/2022.2/hls_product/continuous/608/2022.2/src/shared/hls/clib/include/header_files/ap_fixed_base.h" line="0" pragmaType="inline" parentfunction="wl" off="0" region="0" recursive="0"/>
<pragma file="/wrk/ci/prod/2022.2/hls_product/continuous/608/2022.2/src/shared/hls/clib/include/header_files/ap_fixed_base.h" line="1420" pragmaType="inline" parentfunction="ap_fixed_base<53, 1, false, (ap_q_mode)5, (ap_o_mode)3, 0>::operator!() const" off="0" region="0" recursive="0"/>
<pragma file="" line="0" pragmaType="inline" parentfunction="ap_ufixed<53, 1, (ap_q_mode)5, (ap_o_mode)3, 0>::ap_ufixed(int)" off="0" region="0" recursive="0"/>
<pragma file="/wrk/ci/prod/2022.2/hls_product/continuous/608/2022.2/src/shared/hls/clib/include/header_files/ap_int_base.h" line="1088" pragmaType="inline" parentfunction="ap_int_base<52, false>::operator()(int, int) const" off="0" region="0" recursive="0"/>
<pragma file="/wrk/ci/prod/2022.2/hls_product/continuous/608/2022.2/src/shared/hls/clib/include/header_files/ap_fixed_ref.h" line="0" pragmaType="inline" parentfunction="af_range_ref<53, 1, false, (ap_q_mode)5, (ap_o_mode)3, 0>& af_range_ref<53, 1, false, (ap_q_mode)5, (ap_o_mode)3, 0>::operator=<52, false>(ap_range_ref<52, false> const&)" off="0" region="0" recursive="0"/>
<pragma file="/wrk/ci/prod/2022.2/hls_product/continuous/608/2022.2/src/shared/hls/clib/include/header_files/ap_fixed_base.h" line="1783" pragmaType="inline" parentfunction="ap_fixed_base<53, 1, false, (ap_q_mode)5, (ap_o_mode)3, 0>::operator()(int, int)" off="0" region="0" recursive="0"/>
<pragma file="/wrk/ci/prod/2022.2/hls_product/continuous/608/2022.2/src/shared/hls/clib/include/header_files/ap_fixed_base.h" line="1668" pragmaType="inline" parentfunction="ap_fixed_base<53, 1, false, (ap_q_mode)5, (ap_o_mode)3, 0>::operator[](unsigned int)" off="0" region="0" recursive="0"/>
<pragma file="/wrk/ci/prod/2022.2/hls_product/continuous/608/2022.2/src/shared/hls/clib/include/header_files/ap_fixed_ref.h" line="47" pragmaType="inline" parentfunction="af_bit_ref<53, 1, false, (ap_q_mode)5, (ap_o_mode)3, 0>::af_bit_ref(ap_fixed_base<53, 1, false, (ap_q_mode)5, (ap_o_mode)3, 0>*, int)" off="0" region="0" recursive="0"/>
<pragma file="/wrk/ci/prod/2022.2/hls_product/continuous/608/2022.2/src/shared/hls/clib/include/header_files/ap_int_base.h" line="357" pragmaType="inline" parentfunction="ap_int_base<52, false>::ap_int_base<52, false>(ap_range_ref<52, false> const&)" off="0" region="0" recursive="0"/>
<pragma file="/wrk/ci/prod/2022.2/hls_product/continuous/608/2022.2/src/shared/hls/clib/include/header_files/ap_common.h" line="0" pragmaType="inline" parentfunction="ssdm_int<53, false>::ssdm_int()" off="0" region="0" recursive="0"/>
<pragma file="/wrk/ci/prod/2022.2/hls_product/continuous/608/2022.2/src/shared/hls/clib/include/header_files/ap_int_ref.h" line="626" pragmaType="inline" parentfunction="get" off="0" region="0" recursive="0"/>
<pragma file="/wrk/ci/prod/2022.2/hls_product/continuous/608/2022.2/src/shared/hls/clib/include/header_files/ap_int_base.h" line="175" pragmaType="inline" parentfunction="ap_int_base<52, false>::ap_int_base()" off="0" region="0" recursive="0"/>
<pragma file="/wrk/ci/prod/2022.2/hls_product/continuous/608/2022.2/src/shared/hls/clib/include/header_files/ap_fixed_base.h" line="1743" pragmaType="inline" parentfunction="range" off="0" region="0" recursive="0"/>
<pragma file="/wrk/ci/prod/2022.2/hls_product/continuous/608/2022.2/src/shared/hls/clib/include/header_files/ap_fixed_ref.h" line="232" pragmaType="inline" parentfunction="af_range_ref<53, 1, false, (ap_q_mode)5, (ap_o_mode)3, 0>::af_range_ref(ap_fixed_base<53, 1, false, (ap_q_mode)5, (ap_o_mode)3, 0>*, int, int)" off="0" region="0" recursive="0"/>
<pragma file="/wrk/ci/prod/2022.2/hls_product/continuous/608/2022.2/src/shared/hls/clib/include/header_files/ap_int_base.h" line="1052" pragmaType="inline" parentfunction="range" off="0" region="0" recursive="0"/>
<pragma file="/wrk/ci/prod/2022.2/hls_product/continuous/608/2022.2/src/shared/hls/clib/include/header_files/ap_int_ref.h" line="303" pragmaType="inline" parentfunction="ap_range_ref<52, false>::ap_range_ref(ap_int_base<52, false>*, int, int)" off="0" region="0" recursive="0"/>
<pragma file="/wrk/ci/prod/2022.2/hls_product/continuous/608/2022.2/src/shared/hls/clib/include/header_files/ap_fixed_base.h" line="530" pragmaType="inline" parentfunction="ap_fixed_base<53, 1, false, (ap_q_mode)5, (ap_o_mode)3, 0>::ap_fixed_base(int)" off="0" region="0" recursive="0"/>
<pragma file="/wrk/ci/prod/2022.2/hls_product/continuous/608/2022.2/src/shared/hls/clib/include/header_files/ap_fixed_base.h" line="0" pragmaType="inline" parentfunction="ap_fixed_base<53, 1, false, (ap_q_mode)5, (ap_o_mode)3, 0>& ap_fixed_base<53, 1, false, (ap_q_mode)5, (ap_o_mode)3, 0>::operator=<32, 32, true, (ap_q_mode)5, (ap_o_mode)3, 0>(ap_fixed_base<32, 32, true, (ap_q_mode)5, (ap_o_mode)3, 0> const&)" off="0" region="0" recursive="0"/>
<pragma file="" line="0" pragmaType="inline" parentfunction="ap_uint<1>::ap_uint()" off="0" region="0" recursive="0"/>
<pragma file="" line="0" pragmaType="inline" parentfunction="ap_uint<11>::ap_uint()" off="0" region="0" recursive="0"/>
<pragma file="" line="0" pragmaType="inline" parentfunction="ap_uint<52>::ap_uint()" off="0" region="0" recursive="0"/>
<pragma file="" line="0" pragmaType="inline" parentfunction="ap_uint<64>::ap_uint(unsigned long)" off="0" region="0" recursive="0"/>
<pragma file="/wrk/ci/prod/2022.2/hls_product/continuous/608/2022.2/src/shared/hls/clib/include/header_files/ap_int_base.h" line="1126" pragmaType="inline" parentfunction="ap_int_base<64, false>::operator[](int)" off="0" region="0" recursive="0"/>
<pragma file="/wrk/ci/prod/2022.2/hls_product/continuous/608/2022.2/src/shared/hls/clib/include/header_files/ap_int_base.h" line="1126" pragmaType="inline" parentfunction="ap_int_base<1, false>::operator[](int)" off="0" region="0" recursive="0"/>
<pragma file="/wrk/ci/prod/2022.2/hls_product/continuous/608/2022.2/src/shared/hls/clib/include/header_files/ap_int_base.h" line="1084" pragmaType="inline" parentfunction="ap_int_base<64, false>::operator()(int, int)" off="0" region="0" recursive="0"/>
<pragma file="/wrk/ci/prod/2022.2/hls_product/continuous/608/2022.2/src/shared/hls/clib/include/header_files/ap_int_base.h" line="1084" pragmaType="inline" parentfunction="ap_int_base<11, false>::operator()(int, int)" off="0" region="0" recursive="0"/>
<pragma file="/wrk/ci/prod/2022.2/hls_product/continuous/608/2022.2/src/shared/hls/clib/include/header_files/ap_int_base.h" line="1084" pragmaType="inline" parentfunction="ap_int_base<52, false>::operator()(int, int)" off="0" region="0" recursive="0"/>
<pragma file="/wrk/ci/prod/2022.2/hls_product/continuous/608/2022.2/src/shared/hls/clib/include/header_files/ap_int_base.h" line="357" pragmaType="inline" parentfunction="ap_int_base<64, false>::ap_int_base<64, false>(ap_range_ref<64, false> const&)" off="0" region="0" recursive="0"/>
<pragma file="/wrk/ci/prod/2022.2/hls_product/continuous/608/2022.2/src/shared/hls/clib/include/header_files/ap_int_base.h" line="185" pragmaType="inline" parentfunction="ap_int_base<52, false>::ap_int_base<64, false>(ap_int_base<64, false> const&)" off="0" region="0" recursive="0"/>
<pragma file="/wrk/ci/prod/2022.2/hls_product/continuous/608/2022.2/src/shared/hls/clib/include/header_files/ap_common.h" line="523" pragmaType="inline" parentfunction="_ZN8ssdm_intILi52ELb0EEC2EDq52_j" off="0" region="0" recursive="0"/>
<pragma file="/wrk/ci/prod/2022.2/hls_product/continuous/608/2022.2/src/shared/hls/clib/include/header_files/ap_int_ref.h" line="0" pragmaType="inline" parentfunction="ap_range_ref<11, false>& ap_range_ref<11, false>::operator=<64, false>(ap_int_base<64, false> const&)" off="0" region="0" recursive="0"/>
<pragma file="/wrk/ci/prod/2022.2/hls_product/continuous/608/2022.2/src/shared/hls/clib/include/header_files/ap_int_ref.h" line="626" pragmaType="inline" parentfunction="get" off="0" region="0" recursive="0"/>
<pragma file="/wrk/ci/prod/2022.2/hls_product/continuous/608/2022.2/src/shared/hls/clib/include/header_files/ap_int_base.h" line="175" pragmaType="inline" parentfunction="ap_int_base<64, false>::ap_int_base()" off="0" region="0" recursive="0"/>
<pragma file="/wrk/ci/prod/2022.2/hls_product/continuous/608/2022.2/src/shared/hls/clib/include/header_files/ap_int_base.h" line="1045" pragmaType="inline" parentfunction="range" off="0" region="0" recursive="0"/>
<pragma file="/wrk/ci/prod/2022.2/hls_product/continuous/608/2022.2/src/shared/hls/clib/include/header_files/ap_int_base.h" line="185" pragmaType="inline" parentfunction="ap_int_base<11, false>::ap_int_base<64, false>(ap_int_base<64, false> const&)" off="0" region="0" recursive="0"/>
<pragma file="/wrk/ci/prod/2022.2/hls_product/continuous/608/2022.2/src/shared/hls/clib/include/header_files/ap_common.h" line="523" pragmaType="inline" parentfunction="_ZN8ssdm_intILi11ELb0EEC2EDq11_j" off="0" region="0" recursive="0"/>
<pragma file="/wrk/ci/prod/2022.2/hls_product/continuous/608/2022.2/src/shared/hls/clib/include/header_files/ap_int_base.h" line="1045" pragmaType="inline" parentfunction="range" off="0" region="0" recursive="0"/>
<pragma file="/wrk/ci/prod/2022.2/hls_product/continuous/608/2022.2/src/shared/hls/clib/include/header_files/ap_int_ref.h" line="303" pragmaType="inline" parentfunction="ap_range_ref<11, false>::ap_range_ref(ap_int_base<11, false>*, int, int)" off="0" region="0" recursive="0"/>
<pragma file="/wrk/ci/prod/2022.2/hls_product/continuous/608/2022.2/src/shared/hls/clib/include/header_files/ap_int_base.h" line="1045" pragmaType="inline" parentfunction="range" off="0" region="0" recursive="0"/>
<pragma file="/wrk/ci/prod/2022.2/hls_product/continuous/608/2022.2/src/shared/hls/clib/include/header_files/ap_int_ref.h" line="303" pragmaType="inline" parentfunction="ap_range_ref<64, false>::ap_range_ref(ap_int_base<64, false>*, int, int)" off="0" region="0" recursive="0"/>
<pragma file="/wrk/ci/prod/2022.2/hls_product/continuous/608/2022.2/src/shared/hls/clib/include/header_files/ap_int_ref.h" line="779" pragmaType="inline" parentfunction="ap_bit_ref<64, false>::operator bool() const" off="0" region="0" recursive="0"/>
<pragma file="/wrk/ci/prod/2022.2/hls_product/continuous/608/2022.2/src/shared/hls/clib/include/header_files/ap_int_ref.h" line="774" pragmaType="inline" parentfunction="ap_bit_ref<1, false>::ap_bit_ref(ap_int_base<1, false>*, int)" off="0" region="0" recursive="0"/>
<pragma file="/wrk/ci/prod/2022.2/hls_product/continuous/608/2022.2/src/shared/hls/clib/include/header_files/ap_int_ref.h" line="774" pragmaType="inline" parentfunction="ap_bit_ref<64, false>::ap_bit_ref(ap_int_base<64, false>*, int)" off="0" region="0" recursive="0"/>
<pragma file="/wrk/ci/prod/2022.2/hls_product/continuous/608/2022.2/src/shared/hls/clib/include/header_files/ap_int_base.h" line="217" pragmaType="inline" parentfunction="ap_int_base<64, false>::ap_int_base(unsigned long)" off="0" region="0" recursive="0"/>
<pragma file="/wrk/ci/prod/2022.2/hls_product/continuous/608/2022.2/src/shared/hls/clib/include/header_files/ap_common.h" line="523" pragmaType="inline" parentfunction="ssdm_int<64, false>::ssdm_int(unsigned long)" off="0" region="0" recursive="0"/>
<pragma file="/wrk/ci/prod/2022.2/hls_product/continuous/608/2022.2/src/shared/hls/clib/include/header_files/ap_int_base.h" line="175" pragmaType="inline" parentfunction="ap_int_base<11, false>::ap_int_base()" off="0" region="0" recursive="0"/>
<pragma file="/wrk/ci/prod/2022.2/hls_product/continuous/608/2022.2/src/shared/hls/clib/include/header_files/ap_common.h" line="0" pragmaType="inline" parentfunction="ssdm_int<1, false>::ssdm_int()" off="0" region="0" recursive="0"/>
<pragma file="/wrk/ci/prod/2022.2/hls_product/continuous/608/2022.2/src/shared/hls/clib/include/header_files/ap_int_base.h" line="175" pragmaType="inline" parentfunction="ap_int_base<1, false>::ap_int_base()" off="0" region="0" recursive="0"/>
<pragma file="/wrk/ci/prod/2022.2/hls_product/continuous/608/2022.2/src/shared/hls/clib/include/header_files/ap_int_ref.h" line="0" pragmaType="inline" parentfunction="ap_bit_ref<32, true>::operator=(int)" off="0" region="0" recursive="0"/>
<pragma file="/wrk/ci/prod/2022.2/hls_product/continuous/608/2022.2/src/shared/hls/clib/include/header_files/ap_fixed_base.h" line="0" pragmaType="inline" parentfunction="report" off="0" region="0" recursive="0"/>
<pragma file="/wrk/ci/prod/2022.2/hls_product/continuous/608/2022.2/src/shared/hls/clib/include/header_files/ap_int_base.h" line="0" pragmaType="inline" parentfunction="ap_int_base<32, true>& ap_int_base<32, true>::operator=<33, true>(ap_int_base<33, true> const&)" off="0" region="0" recursive="0"/>
<pragma file="/wrk/ci/prod/2022.2/hls_product/continuous/608/2022.2/src/shared/hls/clib/include/header_files/ap_fixed_base.h" line="0" pragmaType="inline" parentfunction="report" off="0" region="0" recursive="0"/>
<pragma file="/wrk/ci/prod/2022.2/hls_product/continuous/608/2022.2/src/shared/hls/clib/include/header_files/ap_fixed_base.h" line="0" pragmaType="inline" parentfunction="ap_fixed_base<32, 32, true, (ap_q_mode)5, (ap_o_mode)3, 0>& ap_fixed_base<32, 32, true, (ap_q_mode)5, (ap_o_mode)3, 0>::operator=<33, 33, true, (ap_q_mode)5, (ap_o_mode)3, 0>(ap_fixed_base<33, 33, true, (ap_q_mode)5, (ap_o_mode)3, 0> const&)" off="0" region="0" recursive="0"/>
<pragma file="/wrk/ci/prod/2022.2/hls_product/continuous/608/2022.2/src/shared/hls/clib/include/header_files/ap_fixed_base.h" line="0" pragmaType="inline" parentfunction="ap_fixed_base<1, 32, false, (ap_q_mode)5, (ap_o_mode)0, 0>& ap_fixed_base<1, 32, false, (ap_q_mode)5, (ap_o_mode)0, 0>::operator=<137, 84, false, (ap_q_mode)5, (ap_o_mode)3, 0>(ap_fixed_base<137, 84, false, (ap_q_mode)5, (ap_o_mode)3, 0> const&)" off="0" region="0" recursive="0"/>
<pragma file="/wrk/ci/prod/2022.2/hls_product/continuous/608/2022.2/src/shared/hls/clib/include/header_files/ap_fixed_base.h" line="0" pragmaType="inline" parentfunction="ap_fixed_base<33, 33, true, (ap_q_mode)5, (ap_o_mode)3, 0>& ap_fixed_base<33, 33, true, (ap_q_mode)5, (ap_o_mode)3, 0>::operator=<32, 32, false, (ap_q_mode)6, (ap_o_mode)3, 0>(ap_fixed_base<32, 32, false, (ap_q_mode)6, (ap_o_mode)3, 0> const&)" off="0" region="0" recursive="0"/>
<pragma file="/wrk/ci/prod/2022.2/hls_product/continuous/608/2022.2/src/shared/hls/clib/include/header_files/ap_fixed_base.h" line="0" pragmaType="inline" parentfunction="report" off="0" region="0" recursive="0"/>
<pragma file="/wrk/ci/prod/2022.2/hls_product/continuous/608/2022.2/src/shared/hls/clib/include/header_files/ap_fixed_base.h" line="0" pragmaType="inline" parentfunction="ap_fixed_base<32, 32, false, (ap_q_mode)5, (ap_o_mode)0, 0>& ap_fixed_base<32, 32, false, (ap_q_mode)5, (ap_o_mode)0, 0>::operator=<1, 32, false, (ap_q_mode)5, (ap_o_mode)0, 0>(ap_fixed_base<1, 32, false, (ap_q_mode)5, (ap_o_mode)0, 0> const&)" off="0" region="0" recursive="0"/>
<pragma file="/wrk/ci/prod/2022.2/hls_product/continuous/608/2022.2/src/shared/hls/clib/include/header_files/ap_fixed_ref.h" line="0" pragmaType="inline" parentfunction="af_range_ref<53, 1, false, (ap_q_mode)5, (ap_o_mode)3, 0>& af_range_ref<53, 1, false, (ap_q_mode)5, (ap_o_mode)3, 0>::operator=<52, false>(ap_int_base<52, false> const&)" off="0" region="0" recursive="0"/>
<pragma file="/wrk/ci/prod/2022.2/hls_product/continuous/608/2022.2/src/shared/hls/clib/include/header_files/ap_fixed_ref.h" line="0" pragmaType="inline" parentfunction="af_bit_ref<53, 1, false, (ap_q_mode)5, (ap_o_mode)3, 0>::operator=(bool)" off="0" region="0" recursive="0"/>
<pragma file="/wrk/ci/prod/2022.2/hls_product/continuous/608/2022.2/src/shared/hls/clib/include/header_files/ap_fixed_base.h" line="0" pragmaType="inline" parentfunction="report" off="0" region="0" recursive="0"/>
<pragma file="/wrk/ci/prod/2022.2/hls_product/continuous/608/2022.2/src/shared/hls/clib/include/header_files/ap_common.h" line="0" pragmaType="inline" parentfunction="ssdm_int<32, true>::ssdm_int()" off="0" region="0" recursive="0"/>
<pragma file="/wrk/ci/prod/2022.2/hls_product/continuous/608/2022.2/src/shared/hls/clib/include/header_files/ap_fixed_base.h" line="0" pragmaType="inline" parentfunction="ap_fixed_base<33, 33, false, (ap_q_mode)5, (ap_o_mode)0, 0>& ap_fixed_base<33, 33, false, (ap_q_mode)5, (ap_o_mode)0, 0>::operator=<1, 32, false, (ap_q_mode)5, (ap_o_mode)0, 0>(ap_fixed_base<1, 32, false, (ap_q_mode)5, (ap_o_mode)0, 0> const&)" off="0" region="0" recursive="0"/>
<pragma file="/wrk/ci/prod/2022.2/hls_product/continuous/608/2022.2/src/shared/hls/clib/include/header_files/ap_fixed_base.h" line="0" pragmaType="inline" parentfunction="report" off="0" region="0" recursive="0"/>
<pragma file="/wrk/ci/prod/2022.2/hls_product/continuous/608/2022.2/src/shared/hls/clib/include/header_files/ap_fixed_base.h" line="0" pragmaType="inline" parentfunction="ap_fixed_base<32, 32, false, (ap_q_mode)6, (ap_o_mode)3, 0>& ap_fixed_base<32, 32, false, (ap_q_mode)6, (ap_o_mode)3, 0>::operator=<137, 84, false, (ap_q_mode)5, (ap_o_mode)3, 0>(ap_fixed_base<137, 84, false, (ap_q_mode)5, (ap_o_mode)3, 0> const&)" off="0" region="0" recursive="0"/>
<pragma file="/wrk/ci/prod/2022.2/hls_product/continuous/608/2022.2/src/shared/hls/clib/include/header_files/ap_int_ref.h" line="0" pragmaType="inline" parentfunction="ap_range_ref<52, false>& ap_range_ref<52, false>::operator=<64, false>(ap_int_base<64, false> const&)" off="0" region="0" recursive="0"/>
<pragma file="/wrk/ci/prod/2022.2/hls_product/continuous/608/2022.2/src/shared/hls/clib/include/header_files/ap_common.h" line="0" pragmaType="inline" parentfunction="ssdm_int<64, false>::ssdm_int()" off="0" region="0" recursive="0"/>
<pragma file="/wrk/ci/prod/2022.2/hls_product/continuous/608/2022.2/src/shared/hls/clib/include/header_files/ap_fixed_base.h" line="0" pragmaType="inline" parentfunction="report" off="0" region="0" recursive="0"/>
<pragma file="/wrk/ci/prod/2022.2/hls_product/continuous/608/2022.2/src/shared/hls/clib/include/header_files/ap_fixed_base.h" line="0" pragmaType="inline" parentfunction="ap_fixed_base<137, 84, false, (ap_q_mode)5, (ap_o_mode)3, 0>& ap_fixed_base<137, 84, false, (ap_q_mode)5, (ap_o_mode)3, 0>::operator=<53, 1, false, (ap_q_mode)5, (ap_o_mode)3, 0>(ap_fixed_base<53, 1, false, (ap_q_mode)5, (ap_o_mode)3, 0> const&)" off="0" region="0" recursive="0"/>
<pragma file="/wrk/ci/prod/2022.2/hls_product/continuous/608/2022.2/src/shared/hls/clib/include/header_files/ap_int_ref.h" line="0" pragmaType="inline" parentfunction="ap_bit_ref<1, false>& ap_bit_ref<1, false>::operator=<64, false>(ap_bit_ref<64, false> const&)" off="0" region="0" recursive="0"/>
<pragma file="/wrk/ci/prod/2022.2/hls_product/continuous/608/2022.2/src/shared/hls/clib/include/header_files/ap_int_base.h" line="0" pragmaType="inline" parentfunction="checkOverflowBaseC" off="0" region="0" recursive="0"/>
<pragma file="/wrk/ci/prod/2022.2/hls_product/continuous/608/2022.2/src/shared/hls/clib/include/header_files/ap_common.h" line="0" pragmaType="inline" parentfunction="ssdm_int<137, false>::ssdm_int()" off="0" region="0" recursive="0"/>
<pragma file="/wrk/ci/prod/2022.2/hls_product/continuous/608/2022.2/src/shared/hls/clib/include/header_files/ap_fixed_base.h" line="0" pragmaType="inline" parentfunction="report" off="0" region="0" recursive="0"/>
<pragma file="/wrk/ci/prod/2022.2/hls_product/continuous/608/2022.2/src/shared/hls/clib/include/header_files/ap_common.h" line="0" pragmaType="inline" parentfunction="ssdm_int<52, false>::ssdm_int()" off="0" region="0" recursive="0"/>
<pragma file="/wrk/ci/prod/2022.2/hls_product/continuous/608/2022.2/src/shared/hls/clib/include/header_files/ap_int_ref.h" line="0" pragmaType="inline" parentfunction="ap_range_ref<11, false>& ap_range_ref<11, false>::operator=<64, false>(ap_range_ref<64, false> const&)" off="0" region="0" recursive="0"/>
<pragma file="/wrk/ci/prod/2022.2/hls_product/continuous/608/2022.2/src/shared/hls/clib/include/header_files/ap_int_ref.h" line="0" pragmaType="inline" parentfunction="ap_range_ref<52, false>& ap_range_ref<52, false>::operator=<64, false>(ap_range_ref<64, false> const&)" off="0" region="0" recursive="0"/>
<pragma file="/wrk/ci/prod/2022.2/hls_product/continuous/608/2022.2/src/shared/hls/clib/include/header_files/ap_int_ref.h" line="0" pragmaType="inline" parentfunction="ap_bit_ref<1, false>::operator=(unsigned long long)" off="0" region="0" recursive="0"/>
<pragma file="/wrk/ci/prod/2022.2/hls_product/continuous/608/2022.2/src/shared/hls/clib/include/header_files/ap_common.h" line="0" pragmaType="inline" parentfunction="ssdm_int<11, false>::ssdm_int()" off="0" region="0" recursive="0"/>
</pragmas>
