<stg><name>mm</name>


<trans_list>

<trans id="33" from="1" to="2">
<condition id="-1">
<or_exp><and_exp></and_exp></or_exp>
</condition>
</trans>

<trans id="34" from="2" to="3">
<condition id="-1">
<or_exp><and_exp></and_exp></or_exp>
</condition>
</trans>
</trans_list>



<state_list>

<state id="1" st_id="1">

<operation id="4" st_id="1" stage="1" lat="1">
<core>NULL</core>
<MemPortIdVec></MemPortIdVec>
<condition id="-1">
<or_exp><and_exp></and_exp></or_exp>
</condition>

<Node id="1" bw="64" op_0_bw="64">
<![CDATA[
entry:0 %sum_1_loc = alloca i64 1

]]></Node>
<StgValue><ssdm name="sum_1_loc"/></StgValue>
</operation>

<operation id="5" st_id="1" stage="2" lat="2">
<core></core>
<MemPortIdVec></MemPortIdVec>
<condition id="-1">
<or_exp><and_exp></and_exp></or_exp>
</condition>

<Node id="4" bw="0" op_0_bw="0" op_1_bw="64">
<![CDATA[
entry:3 %call_ln0 = call void @mm_Pipeline_VITIS_LOOP_82_7_VITIS_LOOP_84_8, i64 %sum_1_loc

]]></Node>
<StgValue><ssdm name="call_ln0"/></StgValue>
</operation>
</state>

<state id="2" st_id="2">

<operation id="6" st_id="2" stage="1" lat="2">
<core></core>
<MemPortIdVec></MemPortIdVec>
<condition id="-1">
<or_exp><and_exp></and_exp></or_exp>
</condition>

<Node id="4" bw="0" op_0_bw="0" op_1_bw="64">
<![CDATA[
entry:3 %call_ln0 = call void @mm_Pipeline_VITIS_LOOP_82_7_VITIS_LOOP_84_8, i64 %sum_1_loc

]]></Node>
<StgValue><ssdm name="call_ln0"/></StgValue>
</operation>
</state>

<state id="3" st_id="3">

<operation id="7" st_id="3" stage="1" lat="1">
<core>NULL</core>
<MemPortIdVec></MemPortIdVec>
<condition id="-1">
<or_exp><and_exp></and_exp></or_exp>
</condition>

<Node id="2" bw="0" op_0_bw="0" op_1_bw="32">
<![CDATA[
entry:1 %specbitsmap_ln0 = specbitsmap void @_ssdm_op_SpecBitsMap, i32 0

]]></Node>
<StgValue><ssdm name="specbitsmap_ln0"/></StgValue>
</operation>

<operation id="8" st_id="3" stage="1" lat="1">
<core>NULL</core>
<MemPortIdVec></MemPortIdVec>
<condition id="-1">
<or_exp><and_exp></and_exp></or_exp>
</condition>

<Node id="3" bw="0" op_0_bw="0" op_1_bw="0">
<![CDATA[
entry:2 %spectopmodule_ln42 = spectopmodule void @_ssdm_op_SpecTopModule, void @empty

]]></Node>
<StgValue><ssdm name="spectopmodule_ln42"/></StgValue>
</operation>

<operation id="9" st_id="3" stage="1" lat="1">
<core>NULL</core>
<MemPortIdVec></MemPortIdVec>
<condition id="-1">
<or_exp><and_exp></and_exp></or_exp>
</condition>

<Node id="5" bw="64" op_0_bw="64" op_1_bw="0">
<![CDATA[
entry:4 %sum_1_loc_load = load i64 %sum_1_loc

]]></Node>
<StgValue><ssdm name="sum_1_loc_load"/></StgValue>
</operation>

<operation id="10" st_id="3" stage="1" lat="1">
<core>NULL</core>
<MemPortIdVec></MemPortIdVec>
<condition id="-1">
<or_exp><and_exp></and_exp></or_exp>
</condition>

<Node id="6" bw="64" op_0_bw="64">
<![CDATA[
entry:5 %data_V = bitcast i64 %sum_1_loc_load

]]></Node>
<StgValue><ssdm name="data_V"/></StgValue>
</operation>

<operation id="11" st_id="3" stage="1" lat="1">
<core>NULL</core>
<MemPortIdVec></MemPortIdVec>
<condition id="-1">
<or_exp><and_exp></and_exp></or_exp>
</condition>

<Node id="7" bw="1" op_0_bw="1" op_1_bw="64" op_2_bw="32">
<![CDATA[
entry:6 %p_Result_s = bitselect i1 @_ssdm_op_BitSelect.i1.i64.i32, i64 %data_V, i32 63

]]></Node>
<StgValue><ssdm name="p_Result_s"/></StgValue>
</operation>

<operation id="12" st_id="3" stage="1" lat="1">
<core>NULL</core>
<MemPortIdVec></MemPortIdVec>
<condition id="-1">
<or_exp><and_exp></and_exp></or_exp>
</condition>

<Node id="8" bw="11" op_0_bw="11" op_1_bw="64" op_2_bw="32" op_3_bw="32">
<![CDATA[
entry:7 %xs_exp_V = partselect i11 @_ssdm_op_PartSelect.i11.i64.i32.i32, i64 %data_V, i32 52, i32 62

]]></Node>
<StgValue><ssdm name="xs_exp_V"/></StgValue>
</operation>

<operation id="13" st_id="3" stage="1" lat="1">
<core>NULL</core>
<MemPortIdVec></MemPortIdVec>
<condition id="-1">
<or_exp><and_exp></and_exp></or_exp>
</condition>

<Node id="9" bw="52" op_0_bw="64">
<![CDATA[
entry:8 %p_Result_1 = trunc i64 %data_V

]]></Node>
<StgValue><ssdm name="p_Result_1"/></StgValue>
</operation>

<operation id="14" st_id="3" stage="1" lat="1">
<core>NULL</core>
<MemPortIdVec></MemPortIdVec>
<condition id="-1">
<or_exp><and_exp></and_exp></or_exp>
</condition>

<Node id="10" bw="54" op_0_bw="54" op_1_bw="1" op_2_bw="52" op_3_bw="1">
<![CDATA[
entry:9 %mantissa = bitconcatenate i54 @_ssdm_op_BitConcatenate.i54.i1.i52.i1, i1 1, i52 %p_Result_1, i1 0

]]></Node>
<StgValue><ssdm name="mantissa"/></StgValue>
</operation>

<operation id="15" st_id="3" stage="1" lat="1">
<core>NULL</core>
<MemPortIdVec></MemPortIdVec>
<condition id="-1">
<or_exp><and_exp></and_exp></or_exp>
</condition>

<Node id="11" bw="137" op_0_bw="54">
<![CDATA[
entry:10 %zext_ln15 = zext i54 %mantissa

]]></Node>
<StgValue><ssdm name="zext_ln15"/></StgValue>
</operation>

<operation id="16" st_id="3" stage="1" lat="1">
<core>NULL</core>
<MemPortIdVec></MemPortIdVec>
<condition id="-1">
<or_exp><and_exp></and_exp></or_exp>
</condition>

<Node id="12" bw="12" op_0_bw="11">
<![CDATA[
entry:11 %zext_ln515 = zext i11 %xs_exp_V

]]></Node>
<StgValue><ssdm name="zext_ln515"/></StgValue>
</operation>

<operation id="17" st_id="3" stage="1" lat="1">
<core>Adder</core>
<MemPortIdVec></MemPortIdVec>
<condition id="-1">
<or_exp><and_exp></and_exp></or_exp>
</condition>

<Node id="13" bw="12" op_0_bw="12" op_1_bw="12">
<![CDATA[
entry:12 %add_ln515 = add i12 %zext_ln515, i12 3073

]]></Node>
<StgValue><ssdm name="add_ln515"/></StgValue>
</operation>

<operation id="18" st_id="3" stage="1" lat="1">
<core>NULL</core>
<MemPortIdVec></MemPortIdVec>
<condition id="-1">
<or_exp><and_exp></and_exp></or_exp>
</condition>

<Node id="14" bw="1" op_0_bw="1" op_1_bw="12" op_2_bw="32">
<![CDATA[
entry:13 %isNeg = bitselect i1 @_ssdm_op_BitSelect.i1.i12.i32, i12 %add_ln515, i32 11

]]></Node>
<StgValue><ssdm name="isNeg"/></StgValue>
</operation>

<operation id="19" st_id="3" stage="1" lat="1">
<core>Adder</core>
<MemPortIdVec></MemPortIdVec>
<condition id="-1">
<or_exp><and_exp></and_exp></or_exp>
</condition>

<Node id="15" bw="11" op_0_bw="11" op_1_bw="11">
<![CDATA[
entry:14 %sub_ln1512 = sub i11 1023, i11 %xs_exp_V

]]></Node>
<StgValue><ssdm name="sub_ln1512"/></StgValue>
</operation>

<operation id="20" st_id="3" stage="1" lat="1">
<core>NULL</core>
<MemPortIdVec></MemPortIdVec>
<condition id="-1">
<or_exp><and_exp></and_exp></or_exp>
</condition>

<Node id="16" bw="12" op_0_bw="11">
<![CDATA[
entry:15 %sext_ln1512 = sext i11 %sub_ln1512

]]></Node>
<StgValue><ssdm name="sext_ln1512"/></StgValue>
</operation>

<operation id="21" st_id="3" stage="1" lat="1">
<core>Sel</core>
<MemPortIdVec></MemPortIdVec>
<condition id="-1">
<or_exp><and_exp></and_exp></or_exp>
</condition>

<Node id="17" bw="12" op_0_bw="1" op_1_bw="12" op_2_bw="12">
<![CDATA[
entry:16 %ush = select i1 %isNeg, i12 %sext_ln1512, i12 %add_ln515

]]></Node>
<StgValue><ssdm name="ush"/></StgValue>
</operation>

<operation id="22" st_id="3" stage="1" lat="1">
<core>NULL</core>
<MemPortIdVec></MemPortIdVec>
<condition id="-1">
<or_exp><and_exp></and_exp></or_exp>
</condition>

<Node id="18" bw="32" op_0_bw="12">
<![CDATA[
entry:17 %sext_ln1488 = sext i12 %ush

]]></Node>
<StgValue><ssdm name="sext_ln1488"/></StgValue>
</operation>

<operation id="23" st_id="3" stage="1" lat="1">
<core>NULL</core>
<MemPortIdVec></MemPortIdVec>
<condition id="-1">
<or_exp><and_exp></and_exp></or_exp>
</condition>

<Node id="19" bw="137" op_0_bw="32">
<![CDATA[
entry:18 %zext_ln1488 = zext i32 %sext_ln1488

]]></Node>
<StgValue><ssdm name="zext_ln1488"/></StgValue>
</operation>

<operation id="24" st_id="3" stage="1" lat="1">
<core>Shifter</core>
<MemPortIdVec></MemPortIdVec>
<condition id="-1">
<or_exp><and_exp></and_exp></or_exp>
</condition>

<Node id="20" bw="137" op_0_bw="137" op_1_bw="137">
<![CDATA[
entry:19 %r_V = lshr i137 %zext_ln15, i137 %zext_ln1488

]]></Node>
<StgValue><ssdm name="r_V"/></StgValue>
</operation>

<operation id="25" st_id="3" stage="1" lat="1">
<core>Shifter</core>
<MemPortIdVec></MemPortIdVec>
<condition id="-1">
<or_exp><and_exp></and_exp></or_exp>
</condition>

<Node id="21" bw="137" op_0_bw="137" op_1_bw="137">
<![CDATA[
entry:20 %r_V_1 = shl i137 %zext_ln15, i137 %zext_ln1488

]]></Node>
<StgValue><ssdm name="r_V_1"/></StgValue>
</operation>

<operation id="26" st_id="3" stage="1" lat="1">
<core>NULL</core>
<MemPortIdVec></MemPortIdVec>
<condition id="-1">
<or_exp><and_exp></and_exp></or_exp>
</condition>

<Node id="22" bw="1" op_0_bw="1" op_1_bw="137" op_2_bw="32">
<![CDATA[
entry:21 %tmp = bitselect i1 @_ssdm_op_BitSelect.i1.i137.i32, i137 %r_V, i32 53

]]></Node>
<StgValue><ssdm name="tmp"/></StgValue>
</operation>

<operation id="27" st_id="3" stage="1" lat="1">
<core>NULL</core>
<MemPortIdVec></MemPortIdVec>
<condition id="-1">
<or_exp><and_exp></and_exp></or_exp>
</condition>

<Node id="23" bw="32" op_0_bw="1">
<![CDATA[
entry:22 %zext_ln818 = zext i1 %tmp

]]></Node>
<StgValue><ssdm name="zext_ln818"/></StgValue>
</operation>

<operation id="28" st_id="3" stage="1" lat="1">
<core>NULL</core>
<MemPortIdVec></MemPortIdVec>
<condition id="-1">
<or_exp><and_exp></and_exp></or_exp>
</condition>

<Node id="24" bw="32" op_0_bw="32" op_1_bw="137" op_2_bw="32" op_3_bw="32">
<![CDATA[
entry:23 %tmp_s = partselect i32 @_ssdm_op_PartSelect.i32.i137.i32.i32, i137 %r_V_1, i32 53, i32 84

]]></Node>
<StgValue><ssdm name="tmp_s"/></StgValue>
</operation>

<operation id="29" st_id="3" stage="1" lat="1">
<core>Sel</core>
<MemPortIdVec></MemPortIdVec>
<condition id="-1">
<or_exp><and_exp></and_exp></or_exp>
</condition>

<Node id="25" bw="32" op_0_bw="1" op_1_bw="32" op_2_bw="32">
<![CDATA[
entry:24 %val = select i1 %isNeg, i32 %zext_ln818, i32 %tmp_s

]]></Node>
<StgValue><ssdm name="val"/></StgValue>
</operation>

<operation id="30" st_id="3" stage="1" lat="1">
<core>Adder</core>
<MemPortIdVec></MemPortIdVec>
<condition id="-1">
<or_exp><and_exp></and_exp></or_exp>
</condition>

<Node id="26" bw="32" op_0_bw="32" op_1_bw="32">
<![CDATA[
entry:25 %result_V_2 = sub i32 0, i32 %val

]]></Node>
<StgValue><ssdm name="result_V_2"/></StgValue>
</operation>

<operation id="31" st_id="3" stage="1" lat="1">
<core>Sel</core>
<MemPortIdVec></MemPortIdVec>
<condition id="-1">
<or_exp><and_exp></and_exp></or_exp>
</condition>

<Node id="27" bw="32" op_0_bw="1" op_1_bw="32" op_2_bw="32">
<![CDATA[
entry:26 %result_V = select i1 %p_Result_s, i32 %result_V_2, i32 %val

]]></Node>
<StgValue><ssdm name="result_V"/></StgValue>
</operation>

<operation id="32" st_id="3" stage="1" lat="1">
<core>NULL</core>
<MemPortIdVec></MemPortIdVec>
<condition id="-1">
<or_exp><and_exp></and_exp></or_exp>
</condition>

<Node id="28" bw="0" op_0_bw="32">
<![CDATA[
entry:27 %ret_ln101 = ret i32 %result_V

]]></Node>
<StgValue><ssdm name="ret_ln101"/></StgValue>
</operation>
</state>
</state_list>


<ports>
</ports>


<dataflows>
<dataflow id="36" from="StgValue_35" to="sum_1_loc" fromId="35" toId="4">
</dataflow>
<dataflow id="38" from="mm_Pipeline_VITIS_LOOP_82_7_VITIS_LOOP_84_8" to="call_ln0" fromId="37" toId="5">
</dataflow>
<dataflow id="39" from="sum_1_loc" to="call_ln0" fromId="4" toId="5">
</dataflow>
<dataflow id="40" from="mm_Pipeline_VITIS_LOOP_82_7_VITIS_LOOP_84_8" to="call_ln0" fromId="37" toId="6">
</dataflow>
<dataflow id="41" from="sum_1_loc" to="call_ln0" fromId="4" toId="6">
</dataflow>
<dataflow id="43" from="_ssdm_op_SpecBitsMap" to="specbitsmap_ln0" fromId="42" toId="7">
</dataflow>
<dataflow id="45" from="StgValue_44" to="specbitsmap_ln0" fromId="44" toId="7">
</dataflow>
<dataflow id="47" from="_ssdm_op_SpecTopModule" to="spectopmodule_ln42" fromId="46" toId="8">
</dataflow>
<dataflow id="49" from="empty" to="spectopmodule_ln42" fromId="48" toId="8">
</dataflow>
<dataflow id="50" from="sum_1_loc" to="sum_1_loc_load" fromId="4" toId="9">
</dataflow>
<dataflow id="51" from="sum_1_loc_load" to="data_V" fromId="9" toId="10">
</dataflow>
<dataflow id="53" from="_ssdm_op_BitSelect.i1.i64.i32" to="p_Result_s" fromId="52" toId="11">
</dataflow>
<dataflow id="54" from="data_V" to="p_Result_s" fromId="10" toId="11">
</dataflow>
<dataflow id="56" from="StgValue_55" to="p_Result_s" fromId="55" toId="11">
</dataflow>
<dataflow id="58" from="_ssdm_op_PartSelect.i11.i64.i32.i32" to="xs_exp_V" fromId="57" toId="12">
</dataflow>
<dataflow id="59" from="data_V" to="xs_exp_V" fromId="10" toId="12">
</dataflow>
<dataflow id="61" from="StgValue_60" to="xs_exp_V" fromId="60" toId="12">
</dataflow>
<dataflow id="63" from="StgValue_62" to="xs_exp_V" fromId="62" toId="12">
</dataflow>
<dataflow id="64" from="data_V" to="p_Result_1" fromId="10" toId="13">
</dataflow>
<dataflow id="66" from="_ssdm_op_BitConcatenate.i54.i1.i52.i1" to="mantissa" fromId="65" toId="14">
</dataflow>
<dataflow id="68" from="StgValue_67" to="mantissa" fromId="67" toId="14">
</dataflow>
<dataflow id="69" from="p_Result_1" to="mantissa" fromId="13" toId="14">
</dataflow>
<dataflow id="71" from="StgValue_70" to="mantissa" fromId="70" toId="14">
</dataflow>
<dataflow id="72" from="mantissa" to="zext_ln15" fromId="14" toId="15">
</dataflow>
<dataflow id="73" from="xs_exp_V" to="zext_ln515" fromId="12" toId="16">
</dataflow>
<dataflow id="74" from="zext_ln515" to="add_ln515" fromId="16" toId="17">
</dataflow>
<dataflow id="76" from="StgValue_75" to="add_ln515" fromId="75" toId="17">
</dataflow>
<dataflow id="78" from="_ssdm_op_BitSelect.i1.i12.i32" to="isNeg" fromId="77" toId="18">
</dataflow>
<dataflow id="79" from="add_ln515" to="isNeg" fromId="17" toId="18">
</dataflow>
<dataflow id="81" from="StgValue_80" to="isNeg" fromId="80" toId="18">
</dataflow>
<dataflow id="83" from="StgValue_82" to="sub_ln1512" fromId="82" toId="19">
</dataflow>
<dataflow id="84" from="xs_exp_V" to="sub_ln1512" fromId="12" toId="19">
</dataflow>
<dataflow id="85" from="sub_ln1512" to="sext_ln1512" fromId="19" toId="20">
</dataflow>
<dataflow id="86" from="isNeg" to="ush" fromId="18" toId="21">
</dataflow>
<dataflow id="87" from="sext_ln1512" to="ush" fromId="20" toId="21">
</dataflow>
<dataflow id="88" from="add_ln515" to="ush" fromId="17" toId="21">
</dataflow>
<dataflow id="89" from="ush" to="sext_ln1488" fromId="21" toId="22">
</dataflow>
<dataflow id="90" from="sext_ln1488" to="zext_ln1488" fromId="22" toId="23">
</dataflow>
<dataflow id="91" from="zext_ln15" to="r_V" fromId="15" toId="24">
</dataflow>
<dataflow id="92" from="zext_ln1488" to="r_V" fromId="23" toId="24">
</dataflow>
<dataflow id="93" from="zext_ln15" to="r_V_1" fromId="15" toId="25">
</dataflow>
<dataflow id="94" from="zext_ln1488" to="r_V_1" fromId="23" toId="25">
</dataflow>
<dataflow id="96" from="_ssdm_op_BitSelect.i1.i137.i32" to="tmp" fromId="95" toId="26">
</dataflow>
<dataflow id="97" from="r_V" to="tmp" fromId="24" toId="26">
</dataflow>
<dataflow id="99" from="StgValue_98" to="tmp" fromId="98" toId="26">
</dataflow>
<dataflow id="100" from="tmp" to="zext_ln818" fromId="26" toId="27">
</dataflow>
<dataflow id="102" from="_ssdm_op_PartSelect.i32.i137.i32.i32" to="tmp_s" fromId="101" toId="28">
</dataflow>
<dataflow id="103" from="r_V_1" to="tmp_s" fromId="25" toId="28">
</dataflow>
<dataflow id="104" from="StgValue_98" to="tmp_s" fromId="98" toId="28">
</dataflow>
<dataflow id="106" from="StgValue_105" to="tmp_s" fromId="105" toId="28">
</dataflow>
<dataflow id="107" from="isNeg" to="val" fromId="18" toId="29">
</dataflow>
<dataflow id="108" from="zext_ln818" to="val" fromId="27" toId="29">
</dataflow>
<dataflow id="109" from="tmp_s" to="val" fromId="28" toId="29">
</dataflow>
<dataflow id="110" from="StgValue_44" to="result_V_2" fromId="44" toId="30">
</dataflow>
<dataflow id="111" from="val" to="result_V_2" fromId="29" toId="30">
</dataflow>
<dataflow id="112" from="p_Result_s" to="result_V" fromId="11" toId="31">
</dataflow>
<dataflow id="113" from="result_V_2" to="result_V" fromId="30" toId="31">
</dataflow>
<dataflow id="114" from="val" to="result_V" fromId="29" toId="31">
</dataflow>
<dataflow id="115" from="result_V" to="ret_ln101" fromId="31" toId="32">
</dataflow>
</dataflows>


</stg>
