<profile>

<RTLDesignHierarchy>
<TopModule>
<ModuleName>mm</ModuleName>
<InstancesList>
<Instance>
<InstName>grp_mm_Pipeline_VITIS_LOOP_82_7_VITIS_LOOP_84_8_fu_48</InstName>
<ModuleName>mm_Pipeline_VITIS_LOOP_82_7_VITIS_LOOP_84_8</ModuleName>
<IsCompInst>true</IsCompInst>
<ID>48</ID>
</Instance>
</InstancesList>
</TopModule>
</RTLDesignHierarchy>

<ModuleInformation>
<Module>
<Name>mm_Pipeline_VITIS_LOOP_82_7_VITIS_LOOP_84_8</Name>
<Loops>
<VITIS_LOOP_82_7_VITIS_LOOP_84_8></VITIS_LOOP_82_7_VITIS_LOOP_84_8>
</Loops>
<PerformanceEstimates>
<SummaryOfTimingAnalysis>
<TargetClockPeriod>20.00</TargetClockPeriod>
<ClockUncertainty>5.40</ClockUncertainty>
<EstimatedClockPeriod>13.284</EstimatedClockPeriod>
</SummaryOfTimingAnalysis>
<SummaryOfOverallLatency>
<Best-caseLatency>583</Best-caseLatency>
<Average-caseLatency>583</Average-caseLatency>
<Worst-caseLatency>583</Worst-caseLatency>
<Best-caseRealTimeLatency>11.660 us</Best-caseRealTimeLatency>
<Average-caseRealTimeLatency>11.660 us</Average-caseRealTimeLatency>
<Worst-caseRealTimeLatency>11.660 us</Worst-caseRealTimeLatency>
<PipelineInitiationInterval>583</PipelineInitiationInterval>
<PipelineType>no</PipelineType>
</SummaryOfOverallLatency>
<SummaryOfLoopLatency>
<VITIS_LOOP_82_7_VITIS_LOOP_84_8>
<Name>VITIS_LOOP_82_7_VITIS_LOOP_84_8</Name>
<Slack>14.60</Slack>
<TripCount>256</TripCount>
<Latency>581</Latency>
<AbsoluteTimeLatency>11.620 us</AbsoluteTimeLatency>
<PipelineII>2</PipelineII>
<PipelineDepth>72</PipelineDepth>
<PipelineType>yes</PipelineType>
<InstanceList>
</InstanceList>
</VITIS_LOOP_82_7_VITIS_LOOP_84_8>
</SummaryOfLoopLatency>
</PerformanceEstimates>
<AreaEstimates>
<Resources>
<DSP>112</DSP>
<AVAIL_DSP>1260</AVAIL_DSP>
<UTIL_DSP>8</UTIL_DSP>
<FF>9138</FF>
<AVAIL_FF>728400</AVAIL_FF>
<UTIL_FF>1</UTIL_FF>
<LUT>13551</LUT>
<AVAIL_LUT>364200</AVAIL_LUT>
<UTIL_LUT>3</UTIL_LUT>
<BRAM_18K>0</BRAM_18K>
<AVAIL_BRAM>1590</AVAIL_BRAM>
<UTIL_BRAM>0</UTIL_BRAM>
<URAM>0</URAM>
<AVAIL_URAM>0</AVAIL_URAM>
<UTIL_URAM>0</UTIL_URAM>
</Resources>
</AreaEstimates>
<InterfaceSummary>
<RtlPorts>
<name>ap_clk</name>
<Object>mm_Pipeline_VITIS_LOOP_82_7_VITIS_LOOP_84_8</Object>
<Type>return value</Type>
<Scope></Scope>
<IOProtocol>ap_ctrl_hs</IOProtocol>
<IOConfig></IOConfig>
<Dir>in</Dir>
<Bits>1</Bits>
<Attribute>control</Attribute>
</RtlPorts>
<RtlPorts>
<name>ap_rst</name>
<Object>mm_Pipeline_VITIS_LOOP_82_7_VITIS_LOOP_84_8</Object>
<Type>return value</Type>
<Scope></Scope>
<IOProtocol>ap_ctrl_hs</IOProtocol>
<IOConfig></IOConfig>
<Dir>in</Dir>
<Bits>1</Bits>
<Attribute>control</Attribute>
</RtlPorts>
<RtlPorts>
<name>ap_start</name>
<Object>mm_Pipeline_VITIS_LOOP_82_7_VITIS_LOOP_84_8</Object>
<Type>return value</Type>
<Scope></Scope>
<IOProtocol>ap_ctrl_hs</IOProtocol>
<IOConfig></IOConfig>
<Dir>in</Dir>
<Bits>1</Bits>
<Attribute>control</Attribute>
</RtlPorts>
<RtlPorts>
<name>ap_done</name>
<Object>mm_Pipeline_VITIS_LOOP_82_7_VITIS_LOOP_84_8</Object>
<Type>return value</Type>
<Scope></Scope>
<IOProtocol>ap_ctrl_hs</IOProtocol>
<IOConfig></IOConfig>
<Dir>out</Dir>
<Bits>1</Bits>
<Attribute>control</Attribute>
</RtlPorts>
<RtlPorts>
<name>ap_idle</name>
<Object>mm_Pipeline_VITIS_LOOP_82_7_VITIS_LOOP_84_8</Object>
<Type>return value</Type>
<Scope></Scope>
<IOProtocol>ap_ctrl_hs</IOProtocol>
<IOConfig></IOConfig>
<Dir>out</Dir>
<Bits>1</Bits>
<Attribute>control</Attribute>
</RtlPorts>
<RtlPorts>
<name>ap_ready</name>
<Object>mm_Pipeline_VITIS_LOOP_82_7_VITIS_LOOP_84_8</Object>
<Type>return value</Type>
<Scope></Scope>
<IOProtocol>ap_ctrl_hs</IOProtocol>
<IOConfig></IOConfig>
<Dir>out</Dir>
<Bits>1</Bits>
<Attribute>control</Attribute>
</RtlPorts>
<RtlPorts>
<name>sum_1_out</name>
<Object>sum_1_out</Object>
<Type>pointer</Type>
<Scope></Scope>
<IOProtocol>ap_vld</IOProtocol>
<IOConfig></IOConfig>
<Dir>out</Dir>
<Bits>64</Bits>
<Attribute>data</Attribute>
</RtlPorts>
<RtlPorts>
<name>sum_1_out_ap_vld</name>
<Object>sum_1_out</Object>
<Type>pointer</Type>
<Scope></Scope>
<IOProtocol>ap_vld</IOProtocol>
<IOConfig></IOConfig>
<Dir>out</Dir>
<Bits>1</Bits>
<Attribute>control</Attribute>
</RtlPorts>
</InterfaceSummary>
</Module>
<Module>
<Name>mm</Name>
<PerformanceEstimates>
<SummaryOfTimingAnalysis>
<TargetClockPeriod>20.00</TargetClockPeriod>
<ClockUncertainty>5.40</ClockUncertainty>
<EstimatedClockPeriod>13.284</EstimatedClockPeriod>
</SummaryOfTimingAnalysis>
<SummaryOfOverallLatency>
<Best-caseLatency>585</Best-caseLatency>
<Average-caseLatency>585</Average-caseLatency>
<Worst-caseLatency>585</Worst-caseLatency>
<Best-caseRealTimeLatency>11.700 us</Best-caseRealTimeLatency>
<Average-caseRealTimeLatency>11.700 us</Average-caseRealTimeLatency>
<Worst-caseRealTimeLatency>11.700 us</Worst-caseRealTimeLatency>
<PipelineInitiationInterval>586</PipelineInitiationInterval>
<PipelineType>no</PipelineType>
</SummaryOfOverallLatency>
</PerformanceEstimates>
<AreaEstimates>
<Resources>
<DSP>112</DSP>
<AVAIL_DSP>1260</AVAIL_DSP>
<UTIL_DSP>8</UTIL_DSP>
<FF>9142</FF>
<AVAIL_FF>728400</AVAIL_FF>
<UTIL_FF>1</UTIL_FF>
<LUT>14640</LUT>
<AVAIL_LUT>364200</AVAIL_LUT>
<UTIL_LUT>4</UTIL_LUT>
<BRAM_18K>0</BRAM_18K>
<AVAIL_BRAM>1590</AVAIL_BRAM>
<UTIL_BRAM>0</UTIL_BRAM>
<URAM>0</URAM>
<AVAIL_URAM>0</AVAIL_URAM>
<UTIL_URAM>0</UTIL_URAM>
</Resources>
</AreaEstimates>
<InterfaceSummary>
<RtlPorts>
<name>ap_clk</name>
<Object>mm</Object>
<Type>return value</Type>
<Scope></Scope>
<IOProtocol>ap_ctrl_hs</IOProtocol>
<IOConfig></IOConfig>
<Dir>in</Dir>
<Bits>1</Bits>
<Attribute>control</Attribute>
</RtlPorts>
<RtlPorts>
<name>ap_rst</name>
<Object>mm</Object>
<Type>return value</Type>
<Scope></Scope>
<IOProtocol>ap_ctrl_hs</IOProtocol>
<IOConfig></IOConfig>
<Dir>in</Dir>
<Bits>1</Bits>
<Attribute>control</Attribute>
</RtlPorts>
<RtlPorts>
<name>ap_start</name>
<Object>mm</Object>
<Type>return value</Type>
<Scope></Scope>
<IOProtocol>ap_ctrl_hs</IOProtocol>
<IOConfig></IOConfig>
<Dir>in</Dir>
<Bits>1</Bits>
<Attribute>control</Attribute>
</RtlPorts>
<RtlPorts>
<name>ap_done</name>
<Object>mm</Object>
<Type>return value</Type>
<Scope></Scope>
<IOProtocol>ap_ctrl_hs</IOProtocol>
<IOConfig></IOConfig>
<Dir>out</Dir>
<Bits>1</Bits>
<Attribute>control</Attribute>
</RtlPorts>
<RtlPorts>
<name>ap_idle</name>
<Object>mm</Object>
<Type>return value</Type>
<Scope></Scope>
<IOProtocol>ap_ctrl_hs</IOProtocol>
<IOConfig></IOConfig>
<Dir>out</Dir>
<Bits>1</Bits>
<Attribute>control</Attribute>
</RtlPorts>
<RtlPorts>
<name>ap_ready</name>
<Object>mm</Object>
<Type>return value</Type>
<Scope></Scope>
<IOProtocol>ap_ctrl_hs</IOProtocol>
<IOConfig></IOConfig>
<Dir>out</Dir>
<Bits>1</Bits>
<Attribute>control</Attribute>
</RtlPorts>
<RtlPorts>
<name>ap_return</name>
<Object>mm</Object>
<Type>return value</Type>
<Scope></Scope>
<IOProtocol>ap_ctrl_hs</IOProtocol>
<IOConfig></IOConfig>
<Dir>out</Dir>
<Bits>32</Bits>
<Attribute>data</Attribute>
</RtlPorts>
</InterfaceSummary>
</Module>
</ModuleInformation>

<FIFOInformation>
</FIFOInformation>

</profile>
