<?xml version="1.0" encoding="UTF-8"?>
<vivadoHLSLog:LogRoot xmlns:vivadoHLSLog="www.xilinx.com/vivadoHLSLog">
  <errorLogs>
    <logs>
      <synLog/>
      <simLog/>
      <mgLog/>
      <packageLog/>
      <csimLog/>
    </logs>
  </errorLogs>
  <warningLogs>
    <logs>
      <synLog>
        <logs message="WARNING: [HLS 200-880] The II Violation in module 'mm_Pipeline_VITIS_LOOP_86_9_VITIS_LOOP_88_10' (loop 'VITIS_LOOP_86_9_VITIS_LOOP_88_10'): Unable to enforce a carried dependence constraint (II = 1, distance = 1, offset = 0) between 'store' operation ('sum_1_write_ln88', gemm_no_taffoin.c:88) of variable 'sum', gemm_no_taffoin.c:98 on local variable 'sum' and 'load' operation ('sum_1_load', gemm_no_taffoin.c:98) on local variable 'sum'.&#xA;Resolution: For help on HLS 200-880 see www.xilinx.com/cgi-bin/docs/rdoc?v=2022.2;t=hls+guidance;d=200-880.html" projectName="proj_gemm_no_taffo" solutionName="solution1" date="2023-11-07T22:03:16.825+0100" type="Warning"/>
      </synLog>
      <simLog/>
      <mgLog/>
      <packageLog/>
      <csimLog/>
    </logs>
  </warningLogs>
</vivadoHLSLog:LogRoot>
