<?xml version="1.0" encoding="utf-8"?>
<Messages>
	<Message severity="INFO" prefix="[COSIM 212-47]" key="COSIM_TCL_47_1115" tag="" content="Using XSIM for RTL simulation." resolution=""/>
	<Message severity="INFO" prefix="[COSIM 212-14]" key="COSIM_TCL_14_1084" tag="" content="Instrumenting C test bench ..." resolution=""/>
	<Message severity="INFO" prefix="[HLS 200-10]" key="HLS_10_1427" tag="" content="Running &apos;/home/bruno/Documents/Vitis_HLS/2022.2/bin/unwrapped/lnx64.o/apcc&apos;" resolution=""/>
	<Message severity="INFO" prefix="[HLS 200-10]" key="HLS_10_1428" tag="" content="For user &apos;bruno&apos; on host &apos;bruno-ubuntu&apos; (Linux_x86_64 version 5.15.0-91-generic) on Sun Jan 14 19:48:43 CET 2024" resolution=""/>
	<Message severity="INFO" prefix="[HLS 200-10]" key="HLS_10_1429" tag="" content="On os Ubuntu 22.04.3 LTS" resolution=""/>
	<Message severity="INFO" prefix="[HLS 200-10]" key="HLS_10_1430" tag="" content="In directory &apos;/home/bruno/Desktop/benchmarks/gemm/proj_gemm_no_taffo/solution1/sim/wrapc&apos;" resolution=""/>
	<Message severity="INFO" prefix="[APCC 202-3]" key="APCC_3_1610" tag="" content="Tmp directory is /tmp/apcc_db_bruno/287101705258123990775" resolution=""/>
	<Message severity="INFO" prefix="[APCC 202-1]" key="APCC_1_1611" tag="" content="APCC is done." resolution=""/>
	<Message severity="INFO" prefix="[COSIM 212-302]" key="COSIM_TCL_302_1177" tag="" content="Starting C TB testing ..." resolution=""/>
	<Message severity="ERROR" prefix="[COSIM 212-359]" key="COSIM_TCL_359_1230" tag="" content="Aborting co-simulation: C TB simulation failed, nonzero return value &apos;146&apos;." resolution=""/>
	<Message severity="ERROR" prefix="[COSIM 212-320]" key="COSIM_TCL_320_1192" tag="" content="C TB testing failed, stop generating test vectors. Please check C TB or re-run cosim." resolution=""/>
	<Message severity="ERROR" prefix="[COSIM 212-5]" key="COSIM_TCL_5_1075" tag="" content="*** C/RTL co-simulation file generation failed. ***" resolution=""/>
	<Message severity="ERROR" prefix="[COSIM 212-4]" key="COSIM_TCL_4_1074" tag="" content="*** C/RTL co-simulation finished: FAIL ***" resolution=""/>
	<Message severity="INFO" prefix="[HLS 200-111]" key="HLS_111_966" tag="RUNTIME" content="Finished Command cosim_design CPU user time: 6.4 seconds. CPU system time: 1.05 seconds. Elapsed time: 7.24 seconds; current allocated memory: 2.539 MB." resolution=""/>
</Messages>
