<?xml version="1.0" encoding="utf-8"?>
<BindInfo>
	<BindNode BINDTYPE="op" DISPLAY="bind_op icmp" ID="" IMPL="auto" LATENCY="0" OPTYPE="icmp" PRAGMA="" RTLNAME="icmp_ln65_fu_103_p2" SOURCE="gemm_no_taffoin2.c:65" VARIABLE="icmp_ln65" MODULE="mm_Pipeline_VITIS_LOOP_65_5_VITIS_LOOP_66_6" LOOP="VITIS_LOOP_65_5_VITIS_LOOP_66_6" BUNDLEDNAME="" DSP="0" BRAM="0" URAM="0"/>
	<BindNode BINDTYPE="op" DISPLAY="bind_op add" ID="" IMPL="fabric" LATENCY="0" OPTYPE="add" PRAGMA="" RTLNAME="add_ln65_fu_109_p2" SOURCE="gemm_no_taffoin2.c:65" VARIABLE="add_ln65" MODULE="mm_Pipeline_VITIS_LOOP_65_5_VITIS_LOOP_66_6" LOOP="VITIS_LOOP_65_5_VITIS_LOOP_66_6" BUNDLEDNAME="" DSP="0" BRAM="0" URAM="0"/>
	<BindNode BINDTYPE="op" DISPLAY="bind_op icmp" ID="" IMPL="auto" LATENCY="0" OPTYPE="icmp" PRAGMA="" RTLNAME="icmp_ln66_fu_121_p2" SOURCE="gemm_no_taffoin2.c:66" VARIABLE="icmp_ln66" MODULE="mm_Pipeline_VITIS_LOOP_65_5_VITIS_LOOP_66_6" LOOP="VITIS_LOOP_65_5_VITIS_LOOP_66_6" BUNDLEDNAME="" DSP="0" BRAM="0" URAM="0"/>
	<BindNode BINDTYPE="op" DISPLAY="bind_op select" ID="" IMPL="auto_sel" LATENCY="0" OPTYPE="select" PRAGMA="" RTLNAME="select_ln67_fu_127_p3" SOURCE="gemm_no_taffoin2.c:67" VARIABLE="select_ln67" MODULE="mm_Pipeline_VITIS_LOOP_65_5_VITIS_LOOP_66_6" LOOP="VITIS_LOOP_65_5_VITIS_LOOP_66_6" BUNDLEDNAME="" DSP="0" BRAM="0" URAM="0"/>
	<BindNode BINDTYPE="op" DISPLAY="bind_op add" ID="" IMPL="fabric" LATENCY="0" OPTYPE="add" PRAGMA="" RTLNAME="add_ln65_1_fu_135_p2" SOURCE="gemm_no_taffoin2.c:65" VARIABLE="add_ln65_1" MODULE="mm_Pipeline_VITIS_LOOP_65_5_VITIS_LOOP_66_6" LOOP="VITIS_LOOP_65_5_VITIS_LOOP_66_6" BUNDLEDNAME="" DSP="0" BRAM="0" URAM="0"/>
	<BindNode BINDTYPE="op" DISPLAY="bind_op select" ID="" IMPL="auto_sel" LATENCY="0" OPTYPE="select" PRAGMA="" RTLNAME="select_ln67_1_fu_141_p3" SOURCE="gemm_no_taffoin2.c:67" VARIABLE="select_ln67_1" MODULE="mm_Pipeline_VITIS_LOOP_65_5_VITIS_LOOP_66_6" LOOP="VITIS_LOOP_65_5_VITIS_LOOP_66_6" BUNDLEDNAME="" DSP="0" BRAM="0" URAM="0"/>
	<BindNode BINDTYPE="op" DISPLAY="bind_op add" ID="" IMPL="fabric" LATENCY="0" OPTYPE="add" PRAGMA="" RTLNAME="mul_ln67_fu_175_p0" SOURCE="gemm_no_taffoin2.c:67" VARIABLE="add_ln67" MODULE="mm_Pipeline_VITIS_LOOP_65_5_VITIS_LOOP_66_6" LOOP="VITIS_LOOP_65_5_VITIS_LOOP_66_6" BUNDLEDNAME="" DSP="0" BRAM="0" URAM="0"/>
	<BindNode BINDTYPE="op" DISPLAY="bind_op mul" ID="" IMPL="auto" LATENCY="0" OPTYPE="mul" PRAGMA="" RTLNAME="mul_5s_5s_5_1_1_U4" SOURCE="gemm_no_taffoin2.c:67" VARIABLE="mul_ln67" MODULE="mm_Pipeline_VITIS_LOOP_65_5_VITIS_LOOP_66_6" LOOP="VITIS_LOOP_65_5_VITIS_LOOP_66_6" BUNDLEDNAME="" DSP="0" BRAM="0" URAM="0"/>
	<BindNode BINDTYPE="op" DISPLAY="bind_op sitofp" ID="" IMPL="auto" LATENCY="1" OPTYPE="sitofp" PRAGMA="" RTLNAME="sitofp_32ns_32_2_no_dsp_1_U3" SOURCE="gemm_no_taffoin2.c:67" VARIABLE="conv" MODULE="mm_Pipeline_VITIS_LOOP_65_5_VITIS_LOOP_66_6" LOOP="VITIS_LOOP_65_5_VITIS_LOOP_66_6" BUNDLEDNAME="" DSP="0" BRAM="0" URAM="0"/>
	<BindNode BINDTYPE="op" DISPLAY="bind_op add" ID="" IMPL="fabric" LATENCY="0" OPTYPE="add" PRAGMA="" RTLNAME="add_ln67_1_fu_186_p2" SOURCE="gemm_no_taffoin2.c:67" VARIABLE="add_ln67_1" MODULE="mm_Pipeline_VITIS_LOOP_65_5_VITIS_LOOP_66_6" LOOP="VITIS_LOOP_65_5_VITIS_LOOP_66_6" BUNDLEDNAME="" DSP="0" BRAM="0" URAM="0"/>
	<BindNode BINDTYPE="op" DISPLAY="bind_op add" ID="" IMPL="fabric" LATENCY="0" OPTYPE="add" PRAGMA="" RTLNAME="add_ln66_fu_192_p2" SOURCE="gemm_no_taffoin2.c:66" VARIABLE="add_ln66" MODULE="mm_Pipeline_VITIS_LOOP_65_5_VITIS_LOOP_66_6" LOOP="VITIS_LOOP_65_5_VITIS_LOOP_66_6" BUNDLEDNAME="" DSP="0" BRAM="0" URAM="0"/>
	<BindNode BINDTYPE="op" DISPLAY="bind_op icmp" ID="" IMPL="auto" LATENCY="0" OPTYPE="icmp" PRAGMA="" RTLNAME="icmp_ln84_fu_13110_p2" SOURCE="gemm_no_taffoin2.c:84" VARIABLE="icmp_ln84" MODULE="mm_Pipeline_VITIS_LOOP_84_7_VITIS_LOOP_86_8" LOOP="VITIS_LOOP_84_7_VITIS_LOOP_86_8" BUNDLEDNAME="" DSP="0" BRAM="0" URAM="0"/>
	<BindNode BINDTYPE="op" DISPLAY="bind_op add" ID="" IMPL="fabric" LATENCY="0" OPTYPE="add" PRAGMA="" RTLNAME="add_ln84_fu_13116_p2" SOURCE="gemm_no_taffoin2.c:84" VARIABLE="add_ln84" MODULE="mm_Pipeline_VITIS_LOOP_84_7_VITIS_LOOP_86_8" LOOP="VITIS_LOOP_84_7_VITIS_LOOP_86_8" BUNDLEDNAME="" DSP="0" BRAM="0" URAM="0"/>
	<BindNode BINDTYPE="op" DISPLAY="bind_op icmp" ID="" IMPL="auto" LATENCY="0" OPTYPE="icmp" PRAGMA="" RTLNAME="icmp_ln86_fu_13125_p2" SOURCE="gemm_no_taffoin2.c:86" VARIABLE="icmp_ln86" MODULE="mm_Pipeline_VITIS_LOOP_84_7_VITIS_LOOP_86_8" LOOP="VITIS_LOOP_84_7_VITIS_LOOP_86_8" BUNDLEDNAME="" DSP="0" BRAM="0" URAM="0"/>
	<BindNode BINDTYPE="op" DISPLAY="bind_op select" ID="" IMPL="auto_sel" LATENCY="0" OPTYPE="select" PRAGMA="" RTLNAME="select_ln84_fu_13131_p3" SOURCE="gemm_no_taffoin2.c:84" VARIABLE="select_ln84" MODULE="mm_Pipeline_VITIS_LOOP_84_7_VITIS_LOOP_86_8" LOOP="VITIS_LOOP_84_7_VITIS_LOOP_86_8" BUNDLEDNAME="" DSP="0" BRAM="0" URAM="0"/>
	<BindNode BINDTYPE="op" DISPLAY="bind_op add" ID="" IMPL="fabric" LATENCY="0" OPTYPE="add" PRAGMA="" RTLNAME="add_ln84_1_fu_13139_p2" SOURCE="gemm_no_taffoin2.c:84" VARIABLE="add_ln84_1" MODULE="mm_Pipeline_VITIS_LOOP_84_7_VITIS_LOOP_86_8" LOOP="VITIS_LOOP_84_7_VITIS_LOOP_86_8" BUNDLEDNAME="" DSP="0" BRAM="0" URAM="0"/>
	<BindNode BINDTYPE="op" DISPLAY="bind_op select" ID="" IMPL="auto_sel" LATENCY="0" OPTYPE="select" PRAGMA="" RTLNAME="select_ln84_1_fu_13157_p3" SOURCE="gemm_no_taffoin2.c:84" VARIABLE="select_ln84_1" MODULE="mm_Pipeline_VITIS_LOOP_84_7_VITIS_LOOP_86_8" LOOP="VITIS_LOOP_84_7_VITIS_LOOP_86_8" BUNDLEDNAME="" DSP="0" BRAM="0" URAM="0"/>
	<BindNode BINDTYPE="op" DISPLAY="bind_op select" ID="" IMPL="auto_sel" LATENCY="0" OPTYPE="select" PRAGMA="" RTLNAME="select_ln84_2_fu_13170_p3" SOURCE="gemm_no_taffoin2.c:84" VARIABLE="select_ln84_2" MODULE="mm_Pipeline_VITIS_LOOP_84_7_VITIS_LOOP_86_8" LOOP="VITIS_LOOP_84_7_VITIS_LOOP_86_8" BUNDLEDNAME="" DSP="0" BRAM="0" URAM="0"/>
	<BindNode BINDTYPE="op" DISPLAY="bind_op add" ID="" IMPL="fabric" LATENCY="0" OPTYPE="add" PRAGMA="" RTLNAME="add_ln89_fu_13182_p2" SOURCE="gemm_no_taffoin2.c:89" VARIABLE="add_ln89" MODULE="mm_Pipeline_VITIS_LOOP_84_7_VITIS_LOOP_86_8" LOOP="VITIS_LOOP_84_7_VITIS_LOOP_86_8" BUNDLEDNAME="" DSP="0" BRAM="0" URAM="0"/>
	<BindNode BINDTYPE="op" DISPLAY="bind_op mux" ID="" IMPL="auto" LATENCY="0" OPTYPE="mux" PRAGMA="" RTLNAME="mux_325_32_1_1_U107" SOURCE="gemm_no_taffoin2.c:92" VARIABLE="tmp" MODULE="mm_Pipeline_VITIS_LOOP_84_7_VITIS_LOOP_86_8" LOOP="VITIS_LOOP_84_7_VITIS_LOOP_86_8" BUNDLEDNAME="" DSP="0" BRAM="0" URAM="0"/>
	<BindNode BINDTYPE="op" DISPLAY="bind_op fadd" ID="" IMPL="fulldsp" LATENCY="1" OPTYPE="fadd" PRAGMA="" RTLNAME="fadd_32ns_32ns_32_2_full_dsp_1_U8" SOURCE="gemm_no_taffoin2.c:93" VARIABLE="add" MODULE="mm_Pipeline_VITIS_LOOP_84_7_VITIS_LOOP_86_8" LOOP="VITIS_LOOP_84_7_VITIS_LOOP_86_8" BUNDLEDNAME="" DSP="2" BRAM="0" URAM="0"/>
	<BindNode BINDTYPE="op" DISPLAY="bind_op icmp" ID="" IMPL="auto" LATENCY="0" OPTYPE="icmp" PRAGMA="" RTLNAME="icmp_ln92_fu_13298_p2" SOURCE="gemm_no_taffoin2.c:92" VARIABLE="icmp_ln92" MODULE="mm_Pipeline_VITIS_LOOP_84_7_VITIS_LOOP_86_8" LOOP="VITIS_LOOP_84_7_VITIS_LOOP_86_8" BUNDLEDNAME="" DSP="0" BRAM="0" URAM="0"/>
	<BindNode BINDTYPE="op" DISPLAY="bind_op select" ID="" IMPL="auto_sel" LATENCY="0" OPTYPE="select" PRAGMA="" RTLNAME="select_ln92_fu_13303_p3" SOURCE="gemm_no_taffoin2.c:92" VARIABLE="select_ln92" MODULE="mm_Pipeline_VITIS_LOOP_84_7_VITIS_LOOP_86_8" LOOP="VITIS_LOOP_84_7_VITIS_LOOP_86_8" BUNDLEDNAME="" DSP="0" BRAM="0" URAM="0"/>
	<BindNode BINDTYPE="op" DISPLAY="bind_op mux" ID="" IMPL="auto" LATENCY="0" OPTYPE="mux" PRAGMA="" RTLNAME="mux_325_32_1_1_U108" SOURCE="gemm_no_taffoin2.c:92" VARIABLE="tmp_1" MODULE="mm_Pipeline_VITIS_LOOP_84_7_VITIS_LOOP_86_8" LOOP="VITIS_LOOP_84_7_VITIS_LOOP_86_8" BUNDLEDNAME="" DSP="0" BRAM="0" URAM="0"/>
	<BindNode BINDTYPE="op" DISPLAY="bind_op fmul" ID="" IMPL="maxdsp" LATENCY="1" OPTYPE="fmul" PRAGMA="" RTLNAME="fmul_32ns_32ns_32_2_max_dsp_1_U44" SOURCE="gemm_no_taffoin2.c:92" VARIABLE="mul78_1" MODULE="mm_Pipeline_VITIS_LOOP_84_7_VITIS_LOOP_86_8" LOOP="VITIS_LOOP_84_7_VITIS_LOOP_86_8" BUNDLEDNAME="" DSP="3" BRAM="0" URAM="0"/>
	<BindNode BINDTYPE="op" DISPLAY="bind_op fmul" ID="" IMPL="maxdsp" LATENCY="1" OPTYPE="fmul" PRAGMA="" RTLNAME="fmul_32ns_32ns_32_2_max_dsp_1_U45" SOURCE="gemm_no_taffoin2.c:92" VARIABLE="z_1" MODULE="mm_Pipeline_VITIS_LOOP_84_7_VITIS_LOOP_86_8" LOOP="VITIS_LOOP_84_7_VITIS_LOOP_86_8" BUNDLEDNAME="" DSP="3" BRAM="0" URAM="0"/>
	<BindNode BINDTYPE="op" DISPLAY="bind_op fadd" ID="" IMPL="fulldsp" LATENCY="1" OPTYPE="fadd" PRAGMA="" RTLNAME="fadd_32ns_32ns_32_2_full_dsp_1_U9" SOURCE="gemm_no_taffoin2.c:93" VARIABLE="add84_1" MODULE="mm_Pipeline_VITIS_LOOP_84_7_VITIS_LOOP_86_8" LOOP="VITIS_LOOP_84_7_VITIS_LOOP_86_8" BUNDLEDNAME="" DSP="2" BRAM="0" URAM="0"/>
	<BindNode BINDTYPE="op" DISPLAY="bind_op mul" ID="" IMPL="auto" LATENCY="0" OPTYPE="mul" PRAGMA="" RTLNAME="mul_7ns_9ns_15_1_1_U109" SOURCE="gemm_no_taffoin2.c:92" VARIABLE="mul_ln92" MODULE="mm_Pipeline_VITIS_LOOP_84_7_VITIS_LOOP_86_8" LOOP="VITIS_LOOP_84_7_VITIS_LOOP_86_8" BUNDLEDNAME="" DSP="0" BRAM="0" URAM="0"/>
	<BindNode BINDTYPE="op" DISPLAY="bind_op mux" ID="" IMPL="auto" LATENCY="0" OPTYPE="mux" PRAGMA="" RTLNAME="mux_325_32_1_1_U110" SOURCE="gemm_no_taffoin2.c:92" VARIABLE="tmp_2" MODULE="mm_Pipeline_VITIS_LOOP_84_7_VITIS_LOOP_86_8" LOOP="VITIS_LOOP_84_7_VITIS_LOOP_86_8" BUNDLEDNAME="" DSP="0" BRAM="0" URAM="0"/>
	<BindNode BINDTYPE="op" DISPLAY="bind_op fmul" ID="" IMPL="maxdsp" LATENCY="1" OPTYPE="fmul" PRAGMA="" RTLNAME="fmul_32ns_32ns_32_2_max_dsp_1_U46" SOURCE="gemm_no_taffoin2.c:92" VARIABLE="mul78_2" MODULE="mm_Pipeline_VITIS_LOOP_84_7_VITIS_LOOP_86_8" LOOP="VITIS_LOOP_84_7_VITIS_LOOP_86_8" BUNDLEDNAME="" DSP="3" BRAM="0" URAM="0"/>
	<BindNode BINDTYPE="op" DISPLAY="bind_op fmul" ID="" IMPL="maxdsp" LATENCY="1" OPTYPE="fmul" PRAGMA="" RTLNAME="fmul_32ns_32ns_32_2_max_dsp_1_U47" SOURCE="gemm_no_taffoin2.c:92" VARIABLE="z_2" MODULE="mm_Pipeline_VITIS_LOOP_84_7_VITIS_LOOP_86_8" LOOP="VITIS_LOOP_84_7_VITIS_LOOP_86_8" BUNDLEDNAME="" DSP="3" BRAM="0" URAM="0"/>
	<BindNode BINDTYPE="op" DISPLAY="bind_op fadd" ID="" IMPL="fulldsp" LATENCY="1" OPTYPE="fadd" PRAGMA="" RTLNAME="fadd_32ns_32ns_32_2_full_dsp_1_U10" SOURCE="gemm_no_taffoin2.c:93" VARIABLE="add84_2" MODULE="mm_Pipeline_VITIS_LOOP_84_7_VITIS_LOOP_86_8" LOOP="VITIS_LOOP_84_7_VITIS_LOOP_86_8" BUNDLEDNAME="" DSP="2" BRAM="0" URAM="0"/>
	<BindNode BINDTYPE="op" DISPLAY="bind_op xor" ID="" IMPL="auto" LATENCY="0" OPTYPE="xor" PRAGMA="" RTLNAME="xor_ln92_fu_13566_p2" SOURCE="gemm_no_taffoin2.c:92" VARIABLE="xor_ln92" MODULE="mm_Pipeline_VITIS_LOOP_84_7_VITIS_LOOP_86_8" LOOP="VITIS_LOOP_84_7_VITIS_LOOP_86_8" BUNDLEDNAME="" DSP="0" BRAM="0" URAM="0"/>
	<BindNode BINDTYPE="op" DISPLAY="bind_op mul" ID="" IMPL="auto" LATENCY="0" OPTYPE="mul" PRAGMA="" RTLNAME="mul_7ns_9ns_15_1_1_U111" SOURCE="gemm_no_taffoin2.c:92" VARIABLE="mul_ln92_1" MODULE="mm_Pipeline_VITIS_LOOP_84_7_VITIS_LOOP_86_8" LOOP="VITIS_LOOP_84_7_VITIS_LOOP_86_8" BUNDLEDNAME="" DSP="0" BRAM="0" URAM="0"/>
	<BindNode BINDTYPE="op" DISPLAY="bind_op mux" ID="" IMPL="auto" LATENCY="0" OPTYPE="mux" PRAGMA="" RTLNAME="mux_325_32_1_1_U112" SOURCE="gemm_no_taffoin2.c:92" VARIABLE="tmp_3" MODULE="mm_Pipeline_VITIS_LOOP_84_7_VITIS_LOOP_86_8" LOOP="VITIS_LOOP_84_7_VITIS_LOOP_86_8" BUNDLEDNAME="" DSP="0" BRAM="0" URAM="0"/>
	<BindNode BINDTYPE="op" DISPLAY="bind_op fmul" ID="" IMPL="maxdsp" LATENCY="1" OPTYPE="fmul" PRAGMA="" RTLNAME="fmul_32ns_32ns_32_2_max_dsp_1_U48" SOURCE="gemm_no_taffoin2.c:92" VARIABLE="mul78_3" MODULE="mm_Pipeline_VITIS_LOOP_84_7_VITIS_LOOP_86_8" LOOP="VITIS_LOOP_84_7_VITIS_LOOP_86_8" BUNDLEDNAME="" DSP="3" BRAM="0" URAM="0"/>
	<BindNode BINDTYPE="op" DISPLAY="bind_op fmul" ID="" IMPL="maxdsp" LATENCY="1" OPTYPE="fmul" PRAGMA="" RTLNAME="fmul_32ns_32ns_32_2_max_dsp_1_U49" SOURCE="gemm_no_taffoin2.c:92" VARIABLE="z_3" MODULE="mm_Pipeline_VITIS_LOOP_84_7_VITIS_LOOP_86_8" LOOP="VITIS_LOOP_84_7_VITIS_LOOP_86_8" BUNDLEDNAME="" DSP="3" BRAM="0" URAM="0"/>
	<BindNode BINDTYPE="op" DISPLAY="bind_op fadd" ID="" IMPL="fulldsp" LATENCY="1" OPTYPE="fadd" PRAGMA="" RTLNAME="fadd_32ns_32ns_32_2_full_dsp_1_U11" SOURCE="gemm_no_taffoin2.c:93" VARIABLE="add84_3" MODULE="mm_Pipeline_VITIS_LOOP_84_7_VITIS_LOOP_86_8" LOOP="VITIS_LOOP_84_7_VITIS_LOOP_86_8" BUNDLEDNAME="" DSP="2" BRAM="0" URAM="0"/>
	<BindNode BINDTYPE="op" DISPLAY="bind_op mul" ID="" IMPL="auto" LATENCY="0" OPTYPE="mul" PRAGMA="" RTLNAME="mul_8ns_10ns_17_1_1_U113" SOURCE="gemm_no_taffoin2.c:92" VARIABLE="mul_ln92_2" MODULE="mm_Pipeline_VITIS_LOOP_84_7_VITIS_LOOP_86_8" LOOP="VITIS_LOOP_84_7_VITIS_LOOP_86_8" BUNDLEDNAME="" DSP="0" BRAM="0" URAM="0"/>
	<BindNode BINDTYPE="op" DISPLAY="bind_op mux" ID="" IMPL="auto" LATENCY="0" OPTYPE="mux" PRAGMA="" RTLNAME="mux_325_32_1_1_U114" SOURCE="gemm_no_taffoin2.c:92" VARIABLE="tmp_4" MODULE="mm_Pipeline_VITIS_LOOP_84_7_VITIS_LOOP_86_8" LOOP="VITIS_LOOP_84_7_VITIS_LOOP_86_8" BUNDLEDNAME="" DSP="0" BRAM="0" URAM="0"/>
	<BindNode BINDTYPE="op" DISPLAY="bind_op fmul" ID="" IMPL="maxdsp" LATENCY="1" OPTYPE="fmul" PRAGMA="" RTLNAME="fmul_32ns_32ns_32_2_max_dsp_1_U50" SOURCE="gemm_no_taffoin2.c:92" VARIABLE="mul78_4" MODULE="mm_Pipeline_VITIS_LOOP_84_7_VITIS_LOOP_86_8" LOOP="VITIS_LOOP_84_7_VITIS_LOOP_86_8" BUNDLEDNAME="" DSP="3" BRAM="0" URAM="0"/>
	<BindNode BINDTYPE="op" DISPLAY="bind_op fmul" ID="" IMPL="maxdsp" LATENCY="1" OPTYPE="fmul" PRAGMA="" RTLNAME="fmul_32ns_32ns_32_2_max_dsp_1_U51" SOURCE="gemm_no_taffoin2.c:92" VARIABLE="z_4" MODULE="mm_Pipeline_VITIS_LOOP_84_7_VITIS_LOOP_86_8" LOOP="VITIS_LOOP_84_7_VITIS_LOOP_86_8" BUNDLEDNAME="" DSP="3" BRAM="0" URAM="0"/>
	<BindNode BINDTYPE="op" DISPLAY="bind_op fadd" ID="" IMPL="fulldsp" LATENCY="1" OPTYPE="fadd" PRAGMA="" RTLNAME="fadd_32ns_32ns_32_2_full_dsp_1_U12" SOURCE="gemm_no_taffoin2.c:93" VARIABLE="add84_4" MODULE="mm_Pipeline_VITIS_LOOP_84_7_VITIS_LOOP_86_8" LOOP="VITIS_LOOP_84_7_VITIS_LOOP_86_8" BUNDLEDNAME="" DSP="2" BRAM="0" URAM="0"/>
	<BindNode BINDTYPE="op" DISPLAY="bind_op add" ID="" IMPL="fabric" LATENCY="0" OPTYPE="add" PRAGMA="" RTLNAME="add_ln92_fu_13857_p2" SOURCE="gemm_no_taffoin2.c:92" VARIABLE="add_ln92" MODULE="mm_Pipeline_VITIS_LOOP_84_7_VITIS_LOOP_86_8" LOOP="VITIS_LOOP_84_7_VITIS_LOOP_86_8" BUNDLEDNAME="" DSP="0" BRAM="0" URAM="0"/>
	<BindNode BINDTYPE="op" DISPLAY="bind_op mul" ID="" IMPL="auto" LATENCY="0" OPTYPE="mul" PRAGMA="" RTLNAME="mul_8ns_10ns_17_1_1_U115" SOURCE="gemm_no_taffoin2.c:92" VARIABLE="mul_ln92_3" MODULE="mm_Pipeline_VITIS_LOOP_84_7_VITIS_LOOP_86_8" LOOP="VITIS_LOOP_84_7_VITIS_LOOP_86_8" BUNDLEDNAME="" DSP="0" BRAM="0" URAM="0"/>
	<BindNode BINDTYPE="op" DISPLAY="bind_op mux" ID="" IMPL="auto" LATENCY="0" OPTYPE="mux" PRAGMA="" RTLNAME="mux_325_32_1_1_U116" SOURCE="gemm_no_taffoin2.c:92" VARIABLE="tmp_5" MODULE="mm_Pipeline_VITIS_LOOP_84_7_VITIS_LOOP_86_8" LOOP="VITIS_LOOP_84_7_VITIS_LOOP_86_8" BUNDLEDNAME="" DSP="0" BRAM="0" URAM="0"/>
	<BindNode BINDTYPE="op" DISPLAY="bind_op fmul" ID="" IMPL="maxdsp" LATENCY="1" OPTYPE="fmul" PRAGMA="" RTLNAME="fmul_32ns_32ns_32_2_max_dsp_1_U52" SOURCE="gemm_no_taffoin2.c:92" VARIABLE="mul78_5" MODULE="mm_Pipeline_VITIS_LOOP_84_7_VITIS_LOOP_86_8" LOOP="VITIS_LOOP_84_7_VITIS_LOOP_86_8" BUNDLEDNAME="" DSP="3" BRAM="0" URAM="0"/>
	<BindNode BINDTYPE="op" DISPLAY="bind_op fmul" ID="" IMPL="maxdsp" LATENCY="1" OPTYPE="fmul" PRAGMA="" RTLNAME="fmul_32ns_32ns_32_2_max_dsp_1_U53" SOURCE="gemm_no_taffoin2.c:92" VARIABLE="z_5" MODULE="mm_Pipeline_VITIS_LOOP_84_7_VITIS_LOOP_86_8" LOOP="VITIS_LOOP_84_7_VITIS_LOOP_86_8" BUNDLEDNAME="" DSP="3" BRAM="0" URAM="0"/>
	<BindNode BINDTYPE="op" DISPLAY="bind_op fadd" ID="" IMPL="fulldsp" LATENCY="1" OPTYPE="fadd" PRAGMA="" RTLNAME="fadd_32ns_32ns_32_2_full_dsp_1_U13" SOURCE="gemm_no_taffoin2.c:93" VARIABLE="add84_5" MODULE="mm_Pipeline_VITIS_LOOP_84_7_VITIS_LOOP_86_8" LOOP="VITIS_LOOP_84_7_VITIS_LOOP_86_8" BUNDLEDNAME="" DSP="2" BRAM="0" URAM="0"/>
	<BindNode BINDTYPE="op" DISPLAY="bind_op mul" ID="" IMPL="auto" LATENCY="0" OPTYPE="mul" PRAGMA="" RTLNAME="mul_8ns_10ns_17_1_1_U117" SOURCE="gemm_no_taffoin2.c:92" VARIABLE="mul_ln92_4" MODULE="mm_Pipeline_VITIS_LOOP_84_7_VITIS_LOOP_86_8" LOOP="VITIS_LOOP_84_7_VITIS_LOOP_86_8" BUNDLEDNAME="" DSP="0" BRAM="0" URAM="0"/>
	<BindNode BINDTYPE="op" DISPLAY="bind_op mux" ID="" IMPL="auto" LATENCY="0" OPTYPE="mux" PRAGMA="" RTLNAME="mux_325_32_1_1_U118" SOURCE="gemm_no_taffoin2.c:92" VARIABLE="tmp_6" MODULE="mm_Pipeline_VITIS_LOOP_84_7_VITIS_LOOP_86_8" LOOP="VITIS_LOOP_84_7_VITIS_LOOP_86_8" BUNDLEDNAME="" DSP="0" BRAM="0" URAM="0"/>
	<BindNode BINDTYPE="op" DISPLAY="bind_op fmul" ID="" IMPL="maxdsp" LATENCY="1" OPTYPE="fmul" PRAGMA="" RTLNAME="fmul_32ns_32ns_32_2_max_dsp_1_U54" SOURCE="gemm_no_taffoin2.c:92" VARIABLE="mul78_6" MODULE="mm_Pipeline_VITIS_LOOP_84_7_VITIS_LOOP_86_8" LOOP="VITIS_LOOP_84_7_VITIS_LOOP_86_8" BUNDLEDNAME="" DSP="3" BRAM="0" URAM="0"/>
	<BindNode BINDTYPE="op" DISPLAY="bind_op fmul" ID="" IMPL="maxdsp" LATENCY="1" OPTYPE="fmul" PRAGMA="" RTLNAME="fmul_32ns_32ns_32_2_max_dsp_1_U55" SOURCE="gemm_no_taffoin2.c:92" VARIABLE="z_6" MODULE="mm_Pipeline_VITIS_LOOP_84_7_VITIS_LOOP_86_8" LOOP="VITIS_LOOP_84_7_VITIS_LOOP_86_8" BUNDLEDNAME="" DSP="3" BRAM="0" URAM="0"/>
	<BindNode BINDTYPE="op" DISPLAY="bind_op fadd" ID="" IMPL="fulldsp" LATENCY="1" OPTYPE="fadd" PRAGMA="" RTLNAME="fadd_32ns_32ns_32_2_full_dsp_1_U14" SOURCE="gemm_no_taffoin2.c:93" VARIABLE="add84_6" MODULE="mm_Pipeline_VITIS_LOOP_84_7_VITIS_LOOP_86_8" LOOP="VITIS_LOOP_84_7_VITIS_LOOP_86_8" BUNDLEDNAME="" DSP="2" BRAM="0" URAM="0"/>
	<BindNode BINDTYPE="op" DISPLAY="bind_op mul" ID="" IMPL="auto" LATENCY="0" OPTYPE="mul" PRAGMA="" RTLNAME="mul_8ns_10ns_17_1_1_U119" SOURCE="gemm_no_taffoin2.c:92" VARIABLE="mul_ln92_5" MODULE="mm_Pipeline_VITIS_LOOP_84_7_VITIS_LOOP_86_8" LOOP="VITIS_LOOP_84_7_VITIS_LOOP_86_8" BUNDLEDNAME="" DSP="0" BRAM="0" URAM="0"/>
	<BindNode BINDTYPE="op" DISPLAY="bind_op mux" ID="" IMPL="auto" LATENCY="0" OPTYPE="mux" PRAGMA="" RTLNAME="mux_325_32_1_1_U120" SOURCE="gemm_no_taffoin2.c:92" VARIABLE="tmp_7" MODULE="mm_Pipeline_VITIS_LOOP_84_7_VITIS_LOOP_86_8" LOOP="VITIS_LOOP_84_7_VITIS_LOOP_86_8" BUNDLEDNAME="" DSP="0" BRAM="0" URAM="0"/>
	<BindNode BINDTYPE="op" DISPLAY="bind_op fmul" ID="" IMPL="maxdsp" LATENCY="1" OPTYPE="fmul" PRAGMA="" RTLNAME="fmul_32ns_32ns_32_2_max_dsp_1_U56" SOURCE="gemm_no_taffoin2.c:92" VARIABLE="mul78_7" MODULE="mm_Pipeline_VITIS_LOOP_84_7_VITIS_LOOP_86_8" LOOP="VITIS_LOOP_84_7_VITIS_LOOP_86_8" BUNDLEDNAME="" DSP="3" BRAM="0" URAM="0"/>
	<BindNode BINDTYPE="op" DISPLAY="bind_op fmul" ID="" IMPL="maxdsp" LATENCY="1" OPTYPE="fmul" PRAGMA="" RTLNAME="fmul_32ns_32ns_32_2_max_dsp_1_U57" SOURCE="gemm_no_taffoin2.c:92" VARIABLE="z_7" MODULE="mm_Pipeline_VITIS_LOOP_84_7_VITIS_LOOP_86_8" LOOP="VITIS_LOOP_84_7_VITIS_LOOP_86_8" BUNDLEDNAME="" DSP="3" BRAM="0" URAM="0"/>
	<BindNode BINDTYPE="op" DISPLAY="bind_op fadd" ID="" IMPL="fulldsp" LATENCY="1" OPTYPE="fadd" PRAGMA="" RTLNAME="fadd_32ns_32ns_32_2_full_dsp_1_U15" SOURCE="gemm_no_taffoin2.c:93" VARIABLE="add84_7" MODULE="mm_Pipeline_VITIS_LOOP_84_7_VITIS_LOOP_86_8" LOOP="VITIS_LOOP_84_7_VITIS_LOOP_86_8" BUNDLEDNAME="" DSP="2" BRAM="0" URAM="0"/>
	<BindNode BINDTYPE="op" DISPLAY="bind_op mul" ID="" IMPL="dsp48" LATENCY="3" OPTYPE="mul" PRAGMA="" RTLNAME="mul_mul_9ns_10ns_19_4_1_U145" SOURCE="gemm_no_taffoin2.c:92" VARIABLE="mul_ln92_6" MODULE="mm_Pipeline_VITIS_LOOP_84_7_VITIS_LOOP_86_8" LOOP="VITIS_LOOP_84_7_VITIS_LOOP_86_8" BUNDLEDNAME="" DSP="1" BRAM="0" URAM="0"/>
	<BindNode BINDTYPE="op" DISPLAY="bind_op mux" ID="" IMPL="auto" LATENCY="0" OPTYPE="mux" PRAGMA="" RTLNAME="mux_325_32_1_1_U121" SOURCE="gemm_no_taffoin2.c:92" VARIABLE="tmp_8" MODULE="mm_Pipeline_VITIS_LOOP_84_7_VITIS_LOOP_86_8" LOOP="VITIS_LOOP_84_7_VITIS_LOOP_86_8" BUNDLEDNAME="" DSP="0" BRAM="0" URAM="0"/>
	<BindNode BINDTYPE="op" DISPLAY="bind_op fmul" ID="" IMPL="maxdsp" LATENCY="1" OPTYPE="fmul" PRAGMA="" RTLNAME="fmul_32ns_32ns_32_2_max_dsp_1_U58" SOURCE="gemm_no_taffoin2.c:92" VARIABLE="mul78_8" MODULE="mm_Pipeline_VITIS_LOOP_84_7_VITIS_LOOP_86_8" LOOP="VITIS_LOOP_84_7_VITIS_LOOP_86_8" BUNDLEDNAME="" DSP="3" BRAM="0" URAM="0"/>
	<BindNode BINDTYPE="op" DISPLAY="bind_op fmul" ID="" IMPL="maxdsp" LATENCY="1" OPTYPE="fmul" PRAGMA="" RTLNAME="fmul_32ns_32ns_32_2_max_dsp_1_U59" SOURCE="gemm_no_taffoin2.c:92" VARIABLE="z_8" MODULE="mm_Pipeline_VITIS_LOOP_84_7_VITIS_LOOP_86_8" LOOP="VITIS_LOOP_84_7_VITIS_LOOP_86_8" BUNDLEDNAME="" DSP="3" BRAM="0" URAM="0"/>
	<BindNode BINDTYPE="op" DISPLAY="bind_op fadd" ID="" IMPL="fulldsp" LATENCY="1" OPTYPE="fadd" PRAGMA="" RTLNAME="fadd_32ns_32ns_32_2_full_dsp_1_U16" SOURCE="gemm_no_taffoin2.c:93" VARIABLE="add84_8" MODULE="mm_Pipeline_VITIS_LOOP_84_7_VITIS_LOOP_86_8" LOOP="VITIS_LOOP_84_7_VITIS_LOOP_86_8" BUNDLEDNAME="" DSP="2" BRAM="0" URAM="0"/>
	<BindNode BINDTYPE="op" DISPLAY="bind_op add" ID="" IMPL="fabric" LATENCY="0" OPTYPE="add" PRAGMA="" RTLNAME="add_ln92_1_fu_14289_p2" SOURCE="gemm_no_taffoin2.c:92" VARIABLE="add_ln92_1" MODULE="mm_Pipeline_VITIS_LOOP_84_7_VITIS_LOOP_86_8" LOOP="VITIS_LOOP_84_7_VITIS_LOOP_86_8" BUNDLEDNAME="" DSP="0" BRAM="0" URAM="0"/>
	<BindNode BINDTYPE="op" DISPLAY="bind_op mul" ID="" IMPL="dsp48" LATENCY="3" OPTYPE="mul" PRAGMA="" RTLNAME="mul_mul_9ns_10ns_19_4_1_U147" SOURCE="gemm_no_taffoin2.c:92" VARIABLE="mul_ln92_7" MODULE="mm_Pipeline_VITIS_LOOP_84_7_VITIS_LOOP_86_8" LOOP="VITIS_LOOP_84_7_VITIS_LOOP_86_8" BUNDLEDNAME="" DSP="1" BRAM="0" URAM="0"/>
	<BindNode BINDTYPE="op" DISPLAY="bind_op mux" ID="" IMPL="auto" LATENCY="0" OPTYPE="mux" PRAGMA="" RTLNAME="mux_325_32_1_1_U122" SOURCE="gemm_no_taffoin2.c:92" VARIABLE="tmp_9" MODULE="mm_Pipeline_VITIS_LOOP_84_7_VITIS_LOOP_86_8" LOOP="VITIS_LOOP_84_7_VITIS_LOOP_86_8" BUNDLEDNAME="" DSP="0" BRAM="0" URAM="0"/>
	<BindNode BINDTYPE="op" DISPLAY="bind_op fmul" ID="" IMPL="maxdsp" LATENCY="1" OPTYPE="fmul" PRAGMA="" RTLNAME="fmul_32ns_32ns_32_2_max_dsp_1_U60" SOURCE="gemm_no_taffoin2.c:92" VARIABLE="mul78_9" MODULE="mm_Pipeline_VITIS_LOOP_84_7_VITIS_LOOP_86_8" LOOP="VITIS_LOOP_84_7_VITIS_LOOP_86_8" BUNDLEDNAME="" DSP="3" BRAM="0" URAM="0"/>
	<BindNode BINDTYPE="op" DISPLAY="bind_op fmul" ID="" IMPL="maxdsp" LATENCY="1" OPTYPE="fmul" PRAGMA="" RTLNAME="fmul_32ns_32ns_32_2_max_dsp_1_U61" SOURCE="gemm_no_taffoin2.c:92" VARIABLE="z_9" MODULE="mm_Pipeline_VITIS_LOOP_84_7_VITIS_LOOP_86_8" LOOP="VITIS_LOOP_84_7_VITIS_LOOP_86_8" BUNDLEDNAME="" DSP="3" BRAM="0" URAM="0"/>
	<BindNode BINDTYPE="op" DISPLAY="bind_op fadd" ID="" IMPL="fulldsp" LATENCY="1" OPTYPE="fadd" PRAGMA="" RTLNAME="fadd_32ns_32ns_32_2_full_dsp_1_U17" SOURCE="gemm_no_taffoin2.c:93" VARIABLE="add84_9" MODULE="mm_Pipeline_VITIS_LOOP_84_7_VITIS_LOOP_86_8" LOOP="VITIS_LOOP_84_7_VITIS_LOOP_86_8" BUNDLEDNAME="" DSP="2" BRAM="0" URAM="0"/>
	<BindNode BINDTYPE="op" DISPLAY="bind_op mul" ID="" IMPL="dsp48" LATENCY="3" OPTYPE="mul" PRAGMA="" RTLNAME="mul_mul_9ns_10ns_19_4_1_U149" SOURCE="gemm_no_taffoin2.c:92" VARIABLE="mul_ln92_8" MODULE="mm_Pipeline_VITIS_LOOP_84_7_VITIS_LOOP_86_8" LOOP="VITIS_LOOP_84_7_VITIS_LOOP_86_8" BUNDLEDNAME="" DSP="1" BRAM="0" URAM="0"/>
	<BindNode BINDTYPE="op" DISPLAY="bind_op mux" ID="" IMPL="auto" LATENCY="0" OPTYPE="mux" PRAGMA="" RTLNAME="mux_325_32_1_1_U123" SOURCE="gemm_no_taffoin2.c:92" VARIABLE="tmp_s" MODULE="mm_Pipeline_VITIS_LOOP_84_7_VITIS_LOOP_86_8" LOOP="VITIS_LOOP_84_7_VITIS_LOOP_86_8" BUNDLEDNAME="" DSP="0" BRAM="0" URAM="0"/>
	<BindNode BINDTYPE="op" DISPLAY="bind_op fmul" ID="" IMPL="maxdsp" LATENCY="1" OPTYPE="fmul" PRAGMA="" RTLNAME="fmul_32ns_32ns_32_2_max_dsp_1_U62" SOURCE="gemm_no_taffoin2.c:92" VARIABLE="mul78_s" MODULE="mm_Pipeline_VITIS_LOOP_84_7_VITIS_LOOP_86_8" LOOP="VITIS_LOOP_84_7_VITIS_LOOP_86_8" BUNDLEDNAME="" DSP="3" BRAM="0" URAM="0"/>
	<BindNode BINDTYPE="op" DISPLAY="bind_op fmul" ID="" IMPL="maxdsp" LATENCY="1" OPTYPE="fmul" PRAGMA="" RTLNAME="fmul_32ns_32ns_32_2_max_dsp_1_U63" SOURCE="gemm_no_taffoin2.c:92" VARIABLE="z_10" MODULE="mm_Pipeline_VITIS_LOOP_84_7_VITIS_LOOP_86_8" LOOP="VITIS_LOOP_84_7_VITIS_LOOP_86_8" BUNDLEDNAME="" DSP="3" BRAM="0" URAM="0"/>
	<BindNode BINDTYPE="op" DISPLAY="bind_op fadd" ID="" IMPL="fulldsp" LATENCY="1" OPTYPE="fadd" PRAGMA="" RTLNAME="fadd_32ns_32ns_32_2_full_dsp_1_U18" SOURCE="gemm_no_taffoin2.c:93" VARIABLE="add84_s" MODULE="mm_Pipeline_VITIS_LOOP_84_7_VITIS_LOOP_86_8" LOOP="VITIS_LOOP_84_7_VITIS_LOOP_86_8" BUNDLEDNAME="" DSP="2" BRAM="0" URAM="0"/>
	<BindNode BINDTYPE="op" DISPLAY="bind_op add" ID="" IMPL="fabric" LATENCY="0" OPTYPE="add" PRAGMA="" RTLNAME="add_ln92_2_fu_14594_p2" SOURCE="gemm_no_taffoin2.c:92" VARIABLE="add_ln92_2" MODULE="mm_Pipeline_VITIS_LOOP_84_7_VITIS_LOOP_86_8" LOOP="VITIS_LOOP_84_7_VITIS_LOOP_86_8" BUNDLEDNAME="" DSP="0" BRAM="0" URAM="0"/>
	<BindNode BINDTYPE="op" DISPLAY="bind_op mul" ID="" IMPL="dsp48" LATENCY="3" OPTYPE="mul" PRAGMA="" RTLNAME="mul_mul_9ns_10ns_19_4_1_U151" SOURCE="gemm_no_taffoin2.c:92" VARIABLE="mul_ln92_9" MODULE="mm_Pipeline_VITIS_LOOP_84_7_VITIS_LOOP_86_8" LOOP="VITIS_LOOP_84_7_VITIS_LOOP_86_8" BUNDLEDNAME="" DSP="1" BRAM="0" URAM="0"/>
	<BindNode BINDTYPE="op" DISPLAY="bind_op mux" ID="" IMPL="auto" LATENCY="0" OPTYPE="mux" PRAGMA="" RTLNAME="mux_325_32_1_1_U124" SOURCE="gemm_no_taffoin2.c:92" VARIABLE="tmp_10" MODULE="mm_Pipeline_VITIS_LOOP_84_7_VITIS_LOOP_86_8" LOOP="VITIS_LOOP_84_7_VITIS_LOOP_86_8" BUNDLEDNAME="" DSP="0" BRAM="0" URAM="0"/>
	<BindNode BINDTYPE="op" DISPLAY="bind_op fmul" ID="" IMPL="maxdsp" LATENCY="1" OPTYPE="fmul" PRAGMA="" RTLNAME="fmul_32ns_32ns_32_2_max_dsp_1_U64" SOURCE="gemm_no_taffoin2.c:92" VARIABLE="mul78_10" MODULE="mm_Pipeline_VITIS_LOOP_84_7_VITIS_LOOP_86_8" LOOP="VITIS_LOOP_84_7_VITIS_LOOP_86_8" BUNDLEDNAME="" DSP="3" BRAM="0" URAM="0"/>
	<BindNode BINDTYPE="op" DISPLAY="bind_op fmul" ID="" IMPL="maxdsp" LATENCY="1" OPTYPE="fmul" PRAGMA="" RTLNAME="fmul_32ns_32ns_32_2_max_dsp_1_U65" SOURCE="gemm_no_taffoin2.c:92" VARIABLE="z_11" MODULE="mm_Pipeline_VITIS_LOOP_84_7_VITIS_LOOP_86_8" LOOP="VITIS_LOOP_84_7_VITIS_LOOP_86_8" BUNDLEDNAME="" DSP="3" BRAM="0" URAM="0"/>
	<BindNode BINDTYPE="op" DISPLAY="bind_op fadd" ID="" IMPL="fulldsp" LATENCY="1" OPTYPE="fadd" PRAGMA="" RTLNAME="fadd_32ns_32ns_32_2_full_dsp_1_U19" SOURCE="gemm_no_taffoin2.c:93" VARIABLE="add84_10" MODULE="mm_Pipeline_VITIS_LOOP_84_7_VITIS_LOOP_86_8" LOOP="VITIS_LOOP_84_7_VITIS_LOOP_86_8" BUNDLEDNAME="" DSP="2" BRAM="0" URAM="0"/>
	<BindNode BINDTYPE="op" DISPLAY="bind_op mul" ID="" IMPL="dsp48" LATENCY="3" OPTYPE="mul" PRAGMA="" RTLNAME="mul_mul_9ns_10ns_19_4_1_U153" SOURCE="gemm_no_taffoin2.c:92" VARIABLE="mul_ln92_10" MODULE="mm_Pipeline_VITIS_LOOP_84_7_VITIS_LOOP_86_8" LOOP="VITIS_LOOP_84_7_VITIS_LOOP_86_8" BUNDLEDNAME="" DSP="1" BRAM="0" URAM="0"/>
	<BindNode BINDTYPE="op" DISPLAY="bind_op mux" ID="" IMPL="auto" LATENCY="0" OPTYPE="mux" PRAGMA="" RTLNAME="mux_325_32_1_1_U125" SOURCE="gemm_no_taffoin2.c:92" VARIABLE="tmp_11" MODULE="mm_Pipeline_VITIS_LOOP_84_7_VITIS_LOOP_86_8" LOOP="VITIS_LOOP_84_7_VITIS_LOOP_86_8" BUNDLEDNAME="" DSP="0" BRAM="0" URAM="0"/>
	<BindNode BINDTYPE="op" DISPLAY="bind_op fmul" ID="" IMPL="maxdsp" LATENCY="1" OPTYPE="fmul" PRAGMA="" RTLNAME="fmul_32ns_32ns_32_2_max_dsp_1_U66" SOURCE="gemm_no_taffoin2.c:92" VARIABLE="mul78_11" MODULE="mm_Pipeline_VITIS_LOOP_84_7_VITIS_LOOP_86_8" LOOP="VITIS_LOOP_84_7_VITIS_LOOP_86_8" BUNDLEDNAME="" DSP="3" BRAM="0" URAM="0"/>
	<BindNode BINDTYPE="op" DISPLAY="bind_op fmul" ID="" IMPL="maxdsp" LATENCY="1" OPTYPE="fmul" PRAGMA="" RTLNAME="fmul_32ns_32ns_32_2_max_dsp_1_U67" SOURCE="gemm_no_taffoin2.c:92" VARIABLE="z_12" MODULE="mm_Pipeline_VITIS_LOOP_84_7_VITIS_LOOP_86_8" LOOP="VITIS_LOOP_84_7_VITIS_LOOP_86_8" BUNDLEDNAME="" DSP="3" BRAM="0" URAM="0"/>
	<BindNode BINDTYPE="op" DISPLAY="bind_op fadd" ID="" IMPL="fulldsp" LATENCY="1" OPTYPE="fadd" PRAGMA="" RTLNAME="fadd_32ns_32ns_32_2_full_dsp_1_U20" SOURCE="gemm_no_taffoin2.c:93" VARIABLE="add84_11" MODULE="mm_Pipeline_VITIS_LOOP_84_7_VITIS_LOOP_86_8" LOOP="VITIS_LOOP_84_7_VITIS_LOOP_86_8" BUNDLEDNAME="" DSP="2" BRAM="0" URAM="0"/>
	<BindNode BINDTYPE="op" DISPLAY="bind_op mul" ID="" IMPL="dsp48" LATENCY="3" OPTYPE="mul" PRAGMA="" RTLNAME="mul_mul_9ns_10ns_19_4_1_U155" SOURCE="gemm_no_taffoin2.c:92" VARIABLE="mul_ln92_11" MODULE="mm_Pipeline_VITIS_LOOP_84_7_VITIS_LOOP_86_8" LOOP="VITIS_LOOP_84_7_VITIS_LOOP_86_8" BUNDLEDNAME="" DSP="1" BRAM="0" URAM="0"/>
	<BindNode BINDTYPE="op" DISPLAY="bind_op mux" ID="" IMPL="auto" LATENCY="0" OPTYPE="mux" PRAGMA="" RTLNAME="mux_325_32_1_1_U126" SOURCE="gemm_no_taffoin2.c:92" VARIABLE="tmp_12" MODULE="mm_Pipeline_VITIS_LOOP_84_7_VITIS_LOOP_86_8" LOOP="VITIS_LOOP_84_7_VITIS_LOOP_86_8" BUNDLEDNAME="" DSP="0" BRAM="0" URAM="0"/>
	<BindNode BINDTYPE="op" DISPLAY="bind_op fmul" ID="" IMPL="maxdsp" LATENCY="1" OPTYPE="fmul" PRAGMA="" RTLNAME="fmul_32ns_32ns_32_2_max_dsp_1_U68" SOURCE="gemm_no_taffoin2.c:92" VARIABLE="mul78_12" MODULE="mm_Pipeline_VITIS_LOOP_84_7_VITIS_LOOP_86_8" LOOP="VITIS_LOOP_84_7_VITIS_LOOP_86_8" BUNDLEDNAME="" DSP="3" BRAM="0" URAM="0"/>
	<BindNode BINDTYPE="op" DISPLAY="bind_op fmul" ID="" IMPL="maxdsp" LATENCY="1" OPTYPE="fmul" PRAGMA="" RTLNAME="fmul_32ns_32ns_32_2_max_dsp_1_U69" SOURCE="gemm_no_taffoin2.c:92" VARIABLE="z_13" MODULE="mm_Pipeline_VITIS_LOOP_84_7_VITIS_LOOP_86_8" LOOP="VITIS_LOOP_84_7_VITIS_LOOP_86_8" BUNDLEDNAME="" DSP="3" BRAM="0" URAM="0"/>
	<BindNode BINDTYPE="op" DISPLAY="bind_op fadd" ID="" IMPL="fulldsp" LATENCY="1" OPTYPE="fadd" PRAGMA="" RTLNAME="fadd_32ns_32ns_32_2_full_dsp_1_U21" SOURCE="gemm_no_taffoin2.c:93" VARIABLE="add84_12" MODULE="mm_Pipeline_VITIS_LOOP_84_7_VITIS_LOOP_86_8" LOOP="VITIS_LOOP_84_7_VITIS_LOOP_86_8" BUNDLEDNAME="" DSP="2" BRAM="0" URAM="0"/>
	<BindNode BINDTYPE="op" DISPLAY="bind_op mul" ID="" IMPL="dsp48" LATENCY="3" OPTYPE="mul" PRAGMA="" RTLNAME="mul_mul_9ns_10ns_19_4_1_U157" SOURCE="gemm_no_taffoin2.c:92" VARIABLE="mul_ln92_12" MODULE="mm_Pipeline_VITIS_LOOP_84_7_VITIS_LOOP_86_8" LOOP="VITIS_LOOP_84_7_VITIS_LOOP_86_8" BUNDLEDNAME="" DSP="1" BRAM="0" URAM="0"/>
	<BindNode BINDTYPE="op" DISPLAY="bind_op mux" ID="" IMPL="auto" LATENCY="0" OPTYPE="mux" PRAGMA="" RTLNAME="mux_325_32_1_1_U127" SOURCE="gemm_no_taffoin2.c:92" VARIABLE="tmp_13" MODULE="mm_Pipeline_VITIS_LOOP_84_7_VITIS_LOOP_86_8" LOOP="VITIS_LOOP_84_7_VITIS_LOOP_86_8" BUNDLEDNAME="" DSP="0" BRAM="0" URAM="0"/>
	<BindNode BINDTYPE="op" DISPLAY="bind_op fmul" ID="" IMPL="maxdsp" LATENCY="1" OPTYPE="fmul" PRAGMA="" RTLNAME="fmul_32ns_32ns_32_2_max_dsp_1_U70" SOURCE="gemm_no_taffoin2.c:92" VARIABLE="mul78_13" MODULE="mm_Pipeline_VITIS_LOOP_84_7_VITIS_LOOP_86_8" LOOP="VITIS_LOOP_84_7_VITIS_LOOP_86_8" BUNDLEDNAME="" DSP="3" BRAM="0" URAM="0"/>
	<BindNode BINDTYPE="op" DISPLAY="bind_op fmul" ID="" IMPL="maxdsp" LATENCY="1" OPTYPE="fmul" PRAGMA="" RTLNAME="fmul_32ns_32ns_32_2_max_dsp_1_U71" SOURCE="gemm_no_taffoin2.c:92" VARIABLE="z_14" MODULE="mm_Pipeline_VITIS_LOOP_84_7_VITIS_LOOP_86_8" LOOP="VITIS_LOOP_84_7_VITIS_LOOP_86_8" BUNDLEDNAME="" DSP="3" BRAM="0" URAM="0"/>
	<BindNode BINDTYPE="op" DISPLAY="bind_op fadd" ID="" IMPL="fulldsp" LATENCY="1" OPTYPE="fadd" PRAGMA="" RTLNAME="fadd_32ns_32ns_32_2_full_dsp_1_U22" SOURCE="gemm_no_taffoin2.c:93" VARIABLE="add84_13" MODULE="mm_Pipeline_VITIS_LOOP_84_7_VITIS_LOOP_86_8" LOOP="VITIS_LOOP_84_7_VITIS_LOOP_86_8" BUNDLEDNAME="" DSP="2" BRAM="0" URAM="0"/>
	<BindNode BINDTYPE="op" DISPLAY="bind_op mul" ID="" IMPL="dsp48" LATENCY="3" OPTYPE="mul" PRAGMA="" RTLNAME="mul_mul_9ns_10ns_19_4_1_U159" SOURCE="gemm_no_taffoin2.c:92" VARIABLE="mul_ln92_13" MODULE="mm_Pipeline_VITIS_LOOP_84_7_VITIS_LOOP_86_8" LOOP="VITIS_LOOP_84_7_VITIS_LOOP_86_8" BUNDLEDNAME="" DSP="1" BRAM="0" URAM="0"/>
	<BindNode BINDTYPE="op" DISPLAY="bind_op mux" ID="" IMPL="auto" LATENCY="0" OPTYPE="mux" PRAGMA="" RTLNAME="mux_325_32_1_1_U128" SOURCE="gemm_no_taffoin2.c:92" VARIABLE="tmp_14" MODULE="mm_Pipeline_VITIS_LOOP_84_7_VITIS_LOOP_86_8" LOOP="VITIS_LOOP_84_7_VITIS_LOOP_86_8" BUNDLEDNAME="" DSP="0" BRAM="0" URAM="0"/>
	<BindNode BINDTYPE="op" DISPLAY="bind_op fmul" ID="" IMPL="maxdsp" LATENCY="1" OPTYPE="fmul" PRAGMA="" RTLNAME="fmul_32ns_32ns_32_2_max_dsp_1_U72" SOURCE="gemm_no_taffoin2.c:92" VARIABLE="mul78_14" MODULE="mm_Pipeline_VITIS_LOOP_84_7_VITIS_LOOP_86_8" LOOP="VITIS_LOOP_84_7_VITIS_LOOP_86_8" BUNDLEDNAME="" DSP="3" BRAM="0" URAM="0"/>
	<BindNode BINDTYPE="op" DISPLAY="bind_op fmul" ID="" IMPL="maxdsp" LATENCY="1" OPTYPE="fmul" PRAGMA="" RTLNAME="fmul_32ns_32ns_32_2_max_dsp_1_U73" SOURCE="gemm_no_taffoin2.c:92" VARIABLE="z_15" MODULE="mm_Pipeline_VITIS_LOOP_84_7_VITIS_LOOP_86_8" LOOP="VITIS_LOOP_84_7_VITIS_LOOP_86_8" BUNDLEDNAME="" DSP="3" BRAM="0" URAM="0"/>
	<BindNode BINDTYPE="op" DISPLAY="bind_op fadd" ID="" IMPL="fulldsp" LATENCY="1" OPTYPE="fadd" PRAGMA="" RTLNAME="fadd_32ns_32ns_32_2_full_dsp_1_U23" SOURCE="gemm_no_taffoin2.c:93" VARIABLE="add84_14" MODULE="mm_Pipeline_VITIS_LOOP_84_7_VITIS_LOOP_86_8" LOOP="VITIS_LOOP_84_7_VITIS_LOOP_86_8" BUNDLEDNAME="" DSP="2" BRAM="0" URAM="0"/>
	<BindNode BINDTYPE="op" DISPLAY="bind_op mul" ID="" IMPL="dsp48" LATENCY="3" OPTYPE="mul" PRAGMA="" RTLNAME="mul_mul_10ns_11ns_21_4_1_U161" SOURCE="gemm_no_taffoin2.c:92" VARIABLE="mul_ln92_14" MODULE="mm_Pipeline_VITIS_LOOP_84_7_VITIS_LOOP_86_8" LOOP="VITIS_LOOP_84_7_VITIS_LOOP_86_8" BUNDLEDNAME="" DSP="1" BRAM="0" URAM="0"/>
	<BindNode BINDTYPE="op" DISPLAY="bind_op mux" ID="" IMPL="auto" LATENCY="0" OPTYPE="mux" PRAGMA="" RTLNAME="mux_325_32_1_1_U129" SOURCE="gemm_no_taffoin2.c:92" VARIABLE="tmp_15" MODULE="mm_Pipeline_VITIS_LOOP_84_7_VITIS_LOOP_86_8" LOOP="VITIS_LOOP_84_7_VITIS_LOOP_86_8" BUNDLEDNAME="" DSP="0" BRAM="0" URAM="0"/>
	<BindNode BINDTYPE="op" DISPLAY="bind_op fmul" ID="" IMPL="maxdsp" LATENCY="1" OPTYPE="fmul" PRAGMA="" RTLNAME="fmul_32ns_32ns_32_2_max_dsp_1_U74" SOURCE="gemm_no_taffoin2.c:92" VARIABLE="mul78_15" MODULE="mm_Pipeline_VITIS_LOOP_84_7_VITIS_LOOP_86_8" LOOP="VITIS_LOOP_84_7_VITIS_LOOP_86_8" BUNDLEDNAME="" DSP="3" BRAM="0" URAM="0"/>
	<BindNode BINDTYPE="op" DISPLAY="bind_op fmul" ID="" IMPL="maxdsp" LATENCY="1" OPTYPE="fmul" PRAGMA="" RTLNAME="fmul_32ns_32ns_32_2_max_dsp_1_U75" SOURCE="gemm_no_taffoin2.c:92" VARIABLE="z_16" MODULE="mm_Pipeline_VITIS_LOOP_84_7_VITIS_LOOP_86_8" LOOP="VITIS_LOOP_84_7_VITIS_LOOP_86_8" BUNDLEDNAME="" DSP="3" BRAM="0" URAM="0"/>
	<BindNode BINDTYPE="op" DISPLAY="bind_op fadd" ID="" IMPL="fulldsp" LATENCY="1" OPTYPE="fadd" PRAGMA="" RTLNAME="fadd_32ns_32ns_32_2_full_dsp_1_U24" SOURCE="gemm_no_taffoin2.c:93" VARIABLE="add84_15" MODULE="mm_Pipeline_VITIS_LOOP_84_7_VITIS_LOOP_86_8" LOOP="VITIS_LOOP_84_7_VITIS_LOOP_86_8" BUNDLEDNAME="" DSP="2" BRAM="0" URAM="0"/>
	<BindNode BINDTYPE="op" DISPLAY="bind_op add" ID="" IMPL="fabric" LATENCY="0" OPTYPE="add" PRAGMA="" RTLNAME="add_ln92_3_fu_15482_p2" SOURCE="gemm_no_taffoin2.c:92" VARIABLE="add_ln92_3" MODULE="mm_Pipeline_VITIS_LOOP_84_7_VITIS_LOOP_86_8" LOOP="VITIS_LOOP_84_7_VITIS_LOOP_86_8" BUNDLEDNAME="" DSP="0" BRAM="0" URAM="0"/>
	<BindNode BINDTYPE="op" DISPLAY="bind_op mul" ID="" IMPL="dsp48" LATENCY="3" OPTYPE="mul" PRAGMA="" RTLNAME="mul_mul_10ns_11ns_21_4_1_U162" SOURCE="gemm_no_taffoin2.c:92" VARIABLE="mul_ln92_15" MODULE="mm_Pipeline_VITIS_LOOP_84_7_VITIS_LOOP_86_8" LOOP="VITIS_LOOP_84_7_VITIS_LOOP_86_8" BUNDLEDNAME="" DSP="1" BRAM="0" URAM="0"/>
	<BindNode BINDTYPE="op" DISPLAY="bind_op mux" ID="" IMPL="auto" LATENCY="0" OPTYPE="mux" PRAGMA="" RTLNAME="mux_325_32_1_1_U130" SOURCE="gemm_no_taffoin2.c:92" VARIABLE="tmp_16" MODULE="mm_Pipeline_VITIS_LOOP_84_7_VITIS_LOOP_86_8" LOOP="VITIS_LOOP_84_7_VITIS_LOOP_86_8" BUNDLEDNAME="" DSP="0" BRAM="0" URAM="0"/>
	<BindNode BINDTYPE="op" DISPLAY="bind_op fmul" ID="" IMPL="maxdsp" LATENCY="1" OPTYPE="fmul" PRAGMA="" RTLNAME="fmul_32ns_32ns_32_2_max_dsp_1_U76" SOURCE="gemm_no_taffoin2.c:92" VARIABLE="mul78_16" MODULE="mm_Pipeline_VITIS_LOOP_84_7_VITIS_LOOP_86_8" LOOP="VITIS_LOOP_84_7_VITIS_LOOP_86_8" BUNDLEDNAME="" DSP="3" BRAM="0" URAM="0"/>
	<BindNode BINDTYPE="op" DISPLAY="bind_op fmul" ID="" IMPL="maxdsp" LATENCY="1" OPTYPE="fmul" PRAGMA="" RTLNAME="fmul_32ns_32ns_32_2_max_dsp_1_U77" SOURCE="gemm_no_taffoin2.c:92" VARIABLE="z_17" MODULE="mm_Pipeline_VITIS_LOOP_84_7_VITIS_LOOP_86_8" LOOP="VITIS_LOOP_84_7_VITIS_LOOP_86_8" BUNDLEDNAME="" DSP="3" BRAM="0" URAM="0"/>
	<BindNode BINDTYPE="op" DISPLAY="bind_op fadd" ID="" IMPL="fulldsp" LATENCY="1" OPTYPE="fadd" PRAGMA="" RTLNAME="fadd_32ns_32ns_32_2_full_dsp_1_U25" SOURCE="gemm_no_taffoin2.c:93" VARIABLE="add84_16" MODULE="mm_Pipeline_VITIS_LOOP_84_7_VITIS_LOOP_86_8" LOOP="VITIS_LOOP_84_7_VITIS_LOOP_86_8" BUNDLEDNAME="" DSP="2" BRAM="0" URAM="0"/>
	<BindNode BINDTYPE="op" DISPLAY="bind_op mul" ID="" IMPL="dsp48" LATENCY="3" OPTYPE="mul" PRAGMA="" RTLNAME="mul_mul_10ns_11ns_21_4_1_U163" SOURCE="gemm_no_taffoin2.c:92" VARIABLE="mul_ln92_16" MODULE="mm_Pipeline_VITIS_LOOP_84_7_VITIS_LOOP_86_8" LOOP="VITIS_LOOP_84_7_VITIS_LOOP_86_8" BUNDLEDNAME="" DSP="1" BRAM="0" URAM="0"/>
	<BindNode BINDTYPE="op" DISPLAY="bind_op mux" ID="" IMPL="auto" LATENCY="0" OPTYPE="mux" PRAGMA="" RTLNAME="mux_325_32_1_1_U131" SOURCE="gemm_no_taffoin2.c:92" VARIABLE="tmp_17" MODULE="mm_Pipeline_VITIS_LOOP_84_7_VITIS_LOOP_86_8" LOOP="VITIS_LOOP_84_7_VITIS_LOOP_86_8" BUNDLEDNAME="" DSP="0" BRAM="0" URAM="0"/>
	<BindNode BINDTYPE="op" DISPLAY="bind_op fmul" ID="" IMPL="maxdsp" LATENCY="1" OPTYPE="fmul" PRAGMA="" RTLNAME="fmul_32ns_32ns_32_2_max_dsp_1_U78" SOURCE="gemm_no_taffoin2.c:92" VARIABLE="mul78_17" MODULE="mm_Pipeline_VITIS_LOOP_84_7_VITIS_LOOP_86_8" LOOP="VITIS_LOOP_84_7_VITIS_LOOP_86_8" BUNDLEDNAME="" DSP="3" BRAM="0" URAM="0"/>
	<BindNode BINDTYPE="op" DISPLAY="bind_op fmul" ID="" IMPL="maxdsp" LATENCY="1" OPTYPE="fmul" PRAGMA="" RTLNAME="fmul_32ns_32ns_32_2_max_dsp_1_U79" SOURCE="gemm_no_taffoin2.c:92" VARIABLE="z_18" MODULE="mm_Pipeline_VITIS_LOOP_84_7_VITIS_LOOP_86_8" LOOP="VITIS_LOOP_84_7_VITIS_LOOP_86_8" BUNDLEDNAME="" DSP="3" BRAM="0" URAM="0"/>
	<BindNode BINDTYPE="op" DISPLAY="bind_op fadd" ID="" IMPL="fulldsp" LATENCY="1" OPTYPE="fadd" PRAGMA="" RTLNAME="fadd_32ns_32ns_32_2_full_dsp_1_U26" SOURCE="gemm_no_taffoin2.c:93" VARIABLE="add84_17" MODULE="mm_Pipeline_VITIS_LOOP_84_7_VITIS_LOOP_86_8" LOOP="VITIS_LOOP_84_7_VITIS_LOOP_86_8" BUNDLEDNAME="" DSP="2" BRAM="0" URAM="0"/>
	<BindNode BINDTYPE="op" DISPLAY="bind_op add" ID="" IMPL="fabric" LATENCY="0" OPTYPE="add" PRAGMA="" RTLNAME="add_ln92_4_fu_15752_p2" SOURCE="gemm_no_taffoin2.c:92" VARIABLE="add_ln92_4" MODULE="mm_Pipeline_VITIS_LOOP_84_7_VITIS_LOOP_86_8" LOOP="VITIS_LOOP_84_7_VITIS_LOOP_86_8" BUNDLEDNAME="" DSP="0" BRAM="0" URAM="0"/>
	<BindNode BINDTYPE="op" DISPLAY="bind_op mul" ID="" IMPL="dsp48" LATENCY="3" OPTYPE="mul" PRAGMA="" RTLNAME="mul_mul_10ns_11ns_21_4_1_U164" SOURCE="gemm_no_taffoin2.c:92" VARIABLE="mul_ln92_17" MODULE="mm_Pipeline_VITIS_LOOP_84_7_VITIS_LOOP_86_8" LOOP="VITIS_LOOP_84_7_VITIS_LOOP_86_8" BUNDLEDNAME="" DSP="1" BRAM="0" URAM="0"/>
	<BindNode BINDTYPE="op" DISPLAY="bind_op mux" ID="" IMPL="auto" LATENCY="0" OPTYPE="mux" PRAGMA="" RTLNAME="mux_325_32_1_1_U132" SOURCE="gemm_no_taffoin2.c:92" VARIABLE="tmp_18" MODULE="mm_Pipeline_VITIS_LOOP_84_7_VITIS_LOOP_86_8" LOOP="VITIS_LOOP_84_7_VITIS_LOOP_86_8" BUNDLEDNAME="" DSP="0" BRAM="0" URAM="0"/>
	<BindNode BINDTYPE="op" DISPLAY="bind_op fmul" ID="" IMPL="maxdsp" LATENCY="1" OPTYPE="fmul" PRAGMA="" RTLNAME="fmul_32ns_32ns_32_2_max_dsp_1_U80" SOURCE="gemm_no_taffoin2.c:92" VARIABLE="mul78_18" MODULE="mm_Pipeline_VITIS_LOOP_84_7_VITIS_LOOP_86_8" LOOP="VITIS_LOOP_84_7_VITIS_LOOP_86_8" BUNDLEDNAME="" DSP="3" BRAM="0" URAM="0"/>
	<BindNode BINDTYPE="op" DISPLAY="bind_op fmul" ID="" IMPL="maxdsp" LATENCY="1" OPTYPE="fmul" PRAGMA="" RTLNAME="fmul_32ns_32ns_32_2_max_dsp_1_U81" SOURCE="gemm_no_taffoin2.c:92" VARIABLE="z_19" MODULE="mm_Pipeline_VITIS_LOOP_84_7_VITIS_LOOP_86_8" LOOP="VITIS_LOOP_84_7_VITIS_LOOP_86_8" BUNDLEDNAME="" DSP="3" BRAM="0" URAM="0"/>
	<BindNode BINDTYPE="op" DISPLAY="bind_op fadd" ID="" IMPL="fulldsp" LATENCY="1" OPTYPE="fadd" PRAGMA="" RTLNAME="fadd_32ns_32ns_32_2_full_dsp_1_U27" SOURCE="gemm_no_taffoin2.c:93" VARIABLE="add84_18" MODULE="mm_Pipeline_VITIS_LOOP_84_7_VITIS_LOOP_86_8" LOOP="VITIS_LOOP_84_7_VITIS_LOOP_86_8" BUNDLEDNAME="" DSP="2" BRAM="0" URAM="0"/>
	<BindNode BINDTYPE="op" DISPLAY="bind_op mul" ID="" IMPL="dsp48" LATENCY="3" OPTYPE="mul" PRAGMA="" RTLNAME="mul_mul_10ns_11ns_21_4_1_U165" SOURCE="gemm_no_taffoin2.c:92" VARIABLE="mul_ln92_18" MODULE="mm_Pipeline_VITIS_LOOP_84_7_VITIS_LOOP_86_8" LOOP="VITIS_LOOP_84_7_VITIS_LOOP_86_8" BUNDLEDNAME="" DSP="1" BRAM="0" URAM="0"/>
	<BindNode BINDTYPE="op" DISPLAY="bind_op mux" ID="" IMPL="auto" LATENCY="0" OPTYPE="mux" PRAGMA="" RTLNAME="mux_325_32_1_1_U133" SOURCE="gemm_no_taffoin2.c:92" VARIABLE="tmp_19" MODULE="mm_Pipeline_VITIS_LOOP_84_7_VITIS_LOOP_86_8" LOOP="VITIS_LOOP_84_7_VITIS_LOOP_86_8" BUNDLEDNAME="" DSP="0" BRAM="0" URAM="0"/>
	<BindNode BINDTYPE="op" DISPLAY="bind_op fmul" ID="" IMPL="maxdsp" LATENCY="1" OPTYPE="fmul" PRAGMA="" RTLNAME="fmul_32ns_32ns_32_2_max_dsp_1_U82" SOURCE="gemm_no_taffoin2.c:92" VARIABLE="mul78_19" MODULE="mm_Pipeline_VITIS_LOOP_84_7_VITIS_LOOP_86_8" LOOP="VITIS_LOOP_84_7_VITIS_LOOP_86_8" BUNDLEDNAME="" DSP="3" BRAM="0" URAM="0"/>
	<BindNode BINDTYPE="op" DISPLAY="bind_op fmul" ID="" IMPL="maxdsp" LATENCY="1" OPTYPE="fmul" PRAGMA="" RTLNAME="fmul_32ns_32ns_32_2_max_dsp_1_U83" SOURCE="gemm_no_taffoin2.c:92" VARIABLE="z_20" MODULE="mm_Pipeline_VITIS_LOOP_84_7_VITIS_LOOP_86_8" LOOP="VITIS_LOOP_84_7_VITIS_LOOP_86_8" BUNDLEDNAME="" DSP="3" BRAM="0" URAM="0"/>
	<BindNode BINDTYPE="op" DISPLAY="bind_op fadd" ID="" IMPL="fulldsp" LATENCY="1" OPTYPE="fadd" PRAGMA="" RTLNAME="fadd_32ns_32ns_32_2_full_dsp_1_U28" SOURCE="gemm_no_taffoin2.c:93" VARIABLE="add84_19" MODULE="mm_Pipeline_VITIS_LOOP_84_7_VITIS_LOOP_86_8" LOOP="VITIS_LOOP_84_7_VITIS_LOOP_86_8" BUNDLEDNAME="" DSP="2" BRAM="0" URAM="0"/>
	<BindNode BINDTYPE="op" DISPLAY="bind_op add" ID="" IMPL="fabric" LATENCY="0" OPTYPE="add" PRAGMA="" RTLNAME="add_ln92_5_fu_16033_p2" SOURCE="gemm_no_taffoin2.c:92" VARIABLE="add_ln92_5" MODULE="mm_Pipeline_VITIS_LOOP_84_7_VITIS_LOOP_86_8" LOOP="VITIS_LOOP_84_7_VITIS_LOOP_86_8" BUNDLEDNAME="" DSP="0" BRAM="0" URAM="0"/>
	<BindNode BINDTYPE="op" DISPLAY="bind_op mul" ID="" IMPL="dsp48" LATENCY="3" OPTYPE="mul" PRAGMA="" RTLNAME="mul_mul_10ns_11ns_21_4_1_U167" SOURCE="gemm_no_taffoin2.c:92" VARIABLE="mul_ln92_19" MODULE="mm_Pipeline_VITIS_LOOP_84_7_VITIS_LOOP_86_8" LOOP="VITIS_LOOP_84_7_VITIS_LOOP_86_8" BUNDLEDNAME="" DSP="1" BRAM="0" URAM="0"/>
	<BindNode BINDTYPE="op" DISPLAY="bind_op mux" ID="" IMPL="auto" LATENCY="0" OPTYPE="mux" PRAGMA="" RTLNAME="mux_325_32_1_1_U134" SOURCE="gemm_no_taffoin2.c:92" VARIABLE="tmp_20" MODULE="mm_Pipeline_VITIS_LOOP_84_7_VITIS_LOOP_86_8" LOOP="VITIS_LOOP_84_7_VITIS_LOOP_86_8" BUNDLEDNAME="" DSP="0" BRAM="0" URAM="0"/>
	<BindNode BINDTYPE="op" DISPLAY="bind_op fmul" ID="" IMPL="maxdsp" LATENCY="1" OPTYPE="fmul" PRAGMA="" RTLNAME="fmul_32ns_32ns_32_2_max_dsp_1_U84" SOURCE="gemm_no_taffoin2.c:92" VARIABLE="mul78_20" MODULE="mm_Pipeline_VITIS_LOOP_84_7_VITIS_LOOP_86_8" LOOP="VITIS_LOOP_84_7_VITIS_LOOP_86_8" BUNDLEDNAME="" DSP="3" BRAM="0" URAM="0"/>
	<BindNode BINDTYPE="op" DISPLAY="bind_op fmul" ID="" IMPL="maxdsp" LATENCY="1" OPTYPE="fmul" PRAGMA="" RTLNAME="fmul_32ns_32ns_32_2_max_dsp_1_U85" SOURCE="gemm_no_taffoin2.c:92" VARIABLE="z_21" MODULE="mm_Pipeline_VITIS_LOOP_84_7_VITIS_LOOP_86_8" LOOP="VITIS_LOOP_84_7_VITIS_LOOP_86_8" BUNDLEDNAME="" DSP="3" BRAM="0" URAM="0"/>
	<BindNode BINDTYPE="op" DISPLAY="bind_op fadd" ID="" IMPL="fulldsp" LATENCY="1" OPTYPE="fadd" PRAGMA="" RTLNAME="fadd_32ns_32ns_32_2_full_dsp_1_U29" SOURCE="gemm_no_taffoin2.c:93" VARIABLE="add84_20" MODULE="mm_Pipeline_VITIS_LOOP_84_7_VITIS_LOOP_86_8" LOOP="VITIS_LOOP_84_7_VITIS_LOOP_86_8" BUNDLEDNAME="" DSP="2" BRAM="0" URAM="0"/>
	<BindNode BINDTYPE="op" DISPLAY="bind_op mul" ID="" IMPL="dsp48" LATENCY="3" OPTYPE="mul" PRAGMA="" RTLNAME="mul_mul_10ns_11ns_21_4_1_U166" SOURCE="gemm_no_taffoin2.c:92" VARIABLE="mul_ln92_20" MODULE="mm_Pipeline_VITIS_LOOP_84_7_VITIS_LOOP_86_8" LOOP="VITIS_LOOP_84_7_VITIS_LOOP_86_8" BUNDLEDNAME="" DSP="1" BRAM="0" URAM="0"/>
	<BindNode BINDTYPE="op" DISPLAY="bind_op mux" ID="" IMPL="auto" LATENCY="0" OPTYPE="mux" PRAGMA="" RTLNAME="mux_325_32_1_1_U135" SOURCE="gemm_no_taffoin2.c:92" VARIABLE="tmp_21" MODULE="mm_Pipeline_VITIS_LOOP_84_7_VITIS_LOOP_86_8" LOOP="VITIS_LOOP_84_7_VITIS_LOOP_86_8" BUNDLEDNAME="" DSP="0" BRAM="0" URAM="0"/>
	<BindNode BINDTYPE="op" DISPLAY="bind_op fmul" ID="" IMPL="maxdsp" LATENCY="1" OPTYPE="fmul" PRAGMA="" RTLNAME="fmul_32ns_32ns_32_2_max_dsp_1_U86" SOURCE="gemm_no_taffoin2.c:92" VARIABLE="mul78_21" MODULE="mm_Pipeline_VITIS_LOOP_84_7_VITIS_LOOP_86_8" LOOP="VITIS_LOOP_84_7_VITIS_LOOP_86_8" BUNDLEDNAME="" DSP="3" BRAM="0" URAM="0"/>
	<BindNode BINDTYPE="op" DISPLAY="bind_op fmul" ID="" IMPL="maxdsp" LATENCY="1" OPTYPE="fmul" PRAGMA="" RTLNAME="fmul_32ns_32ns_32_2_max_dsp_1_U87" SOURCE="gemm_no_taffoin2.c:92" VARIABLE="z_22" MODULE="mm_Pipeline_VITIS_LOOP_84_7_VITIS_LOOP_86_8" LOOP="VITIS_LOOP_84_7_VITIS_LOOP_86_8" BUNDLEDNAME="" DSP="3" BRAM="0" URAM="0"/>
	<BindNode BINDTYPE="op" DISPLAY="bind_op fadd" ID="" IMPL="fulldsp" LATENCY="1" OPTYPE="fadd" PRAGMA="" RTLNAME="fadd_32ns_32ns_32_2_full_dsp_1_U30" SOURCE="gemm_no_taffoin2.c:93" VARIABLE="add84_21" MODULE="mm_Pipeline_VITIS_LOOP_84_7_VITIS_LOOP_86_8" LOOP="VITIS_LOOP_84_7_VITIS_LOOP_86_8" BUNDLEDNAME="" DSP="2" BRAM="0" URAM="0"/>
	<BindNode BINDTYPE="op" DISPLAY="bind_op add" ID="" IMPL="fabric" LATENCY="0" OPTYPE="add" PRAGMA="" RTLNAME="add_ln92_6_fu_16042_p2" SOURCE="gemm_no_taffoin2.c:92" VARIABLE="add_ln92_6" MODULE="mm_Pipeline_VITIS_LOOP_84_7_VITIS_LOOP_86_8" LOOP="VITIS_LOOP_84_7_VITIS_LOOP_86_8" BUNDLEDNAME="" DSP="0" BRAM="0" URAM="0"/>
	<BindNode BINDTYPE="op" DISPLAY="bind_op mul" ID="" IMPL="dsp48" LATENCY="3" OPTYPE="mul" PRAGMA="" RTLNAME="mul_mul_10ns_11ns_21_4_1_U168" SOURCE="gemm_no_taffoin2.c:92" VARIABLE="mul_ln92_21" MODULE="mm_Pipeline_VITIS_LOOP_84_7_VITIS_LOOP_86_8" LOOP="VITIS_LOOP_84_7_VITIS_LOOP_86_8" BUNDLEDNAME="" DSP="1" BRAM="0" URAM="0"/>
	<BindNode BINDTYPE="op" DISPLAY="bind_op mux" ID="" IMPL="auto" LATENCY="0" OPTYPE="mux" PRAGMA="" RTLNAME="mux_325_32_1_1_U136" SOURCE="gemm_no_taffoin2.c:92" VARIABLE="tmp_22" MODULE="mm_Pipeline_VITIS_LOOP_84_7_VITIS_LOOP_86_8" LOOP="VITIS_LOOP_84_7_VITIS_LOOP_86_8" BUNDLEDNAME="" DSP="0" BRAM="0" URAM="0"/>
	<BindNode BINDTYPE="op" DISPLAY="bind_op fmul" ID="" IMPL="maxdsp" LATENCY="1" OPTYPE="fmul" PRAGMA="" RTLNAME="fmul_32ns_32ns_32_2_max_dsp_1_U88" SOURCE="gemm_no_taffoin2.c:92" VARIABLE="mul78_22" MODULE="mm_Pipeline_VITIS_LOOP_84_7_VITIS_LOOP_86_8" LOOP="VITIS_LOOP_84_7_VITIS_LOOP_86_8" BUNDLEDNAME="" DSP="3" BRAM="0" URAM="0"/>
	<BindNode BINDTYPE="op" DISPLAY="bind_op fmul" ID="" IMPL="maxdsp" LATENCY="1" OPTYPE="fmul" PRAGMA="" RTLNAME="fmul_32ns_32ns_32_2_max_dsp_1_U89" SOURCE="gemm_no_taffoin2.c:92" VARIABLE="z_23" MODULE="mm_Pipeline_VITIS_LOOP_84_7_VITIS_LOOP_86_8" LOOP="VITIS_LOOP_84_7_VITIS_LOOP_86_8" BUNDLEDNAME="" DSP="3" BRAM="0" URAM="0"/>
	<BindNode BINDTYPE="op" DISPLAY="bind_op fadd" ID="" IMPL="fulldsp" LATENCY="1" OPTYPE="fadd" PRAGMA="" RTLNAME="fadd_32ns_32ns_32_2_full_dsp_1_U31" SOURCE="gemm_no_taffoin2.c:93" VARIABLE="add84_22" MODULE="mm_Pipeline_VITIS_LOOP_84_7_VITIS_LOOP_86_8" LOOP="VITIS_LOOP_84_7_VITIS_LOOP_86_8" BUNDLEDNAME="" DSP="2" BRAM="0" URAM="0"/>
	<BindNode BINDTYPE="op" DISPLAY="bind_op mul" ID="" IMPL="dsp48" LATENCY="3" OPTYPE="mul" PRAGMA="" RTLNAME="mul_mul_10ns_11ns_21_4_1_U146" SOURCE="gemm_no_taffoin2.c:92" VARIABLE="mul_ln92_22" MODULE="mm_Pipeline_VITIS_LOOP_84_7_VITIS_LOOP_86_8" LOOP="VITIS_LOOP_84_7_VITIS_LOOP_86_8" BUNDLEDNAME="" DSP="1" BRAM="0" URAM="0"/>
	<BindNode BINDTYPE="op" DISPLAY="bind_op mux" ID="" IMPL="auto" LATENCY="0" OPTYPE="mux" PRAGMA="" RTLNAME="mux_325_32_1_1_U137" SOURCE="gemm_no_taffoin2.c:92" VARIABLE="tmp_23" MODULE="mm_Pipeline_VITIS_LOOP_84_7_VITIS_LOOP_86_8" LOOP="VITIS_LOOP_84_7_VITIS_LOOP_86_8" BUNDLEDNAME="" DSP="0" BRAM="0" URAM="0"/>
	<BindNode BINDTYPE="op" DISPLAY="bind_op fmul" ID="" IMPL="maxdsp" LATENCY="1" OPTYPE="fmul" PRAGMA="" RTLNAME="fmul_32ns_32ns_32_2_max_dsp_1_U90" SOURCE="gemm_no_taffoin2.c:92" VARIABLE="mul78_23" MODULE="mm_Pipeline_VITIS_LOOP_84_7_VITIS_LOOP_86_8" LOOP="VITIS_LOOP_84_7_VITIS_LOOP_86_8" BUNDLEDNAME="" DSP="3" BRAM="0" URAM="0"/>
	<BindNode BINDTYPE="op" DISPLAY="bind_op fmul" ID="" IMPL="maxdsp" LATENCY="1" OPTYPE="fmul" PRAGMA="" RTLNAME="fmul_32ns_32ns_32_2_max_dsp_1_U91" SOURCE="gemm_no_taffoin2.c:92" VARIABLE="z_24" MODULE="mm_Pipeline_VITIS_LOOP_84_7_VITIS_LOOP_86_8" LOOP="VITIS_LOOP_84_7_VITIS_LOOP_86_8" BUNDLEDNAME="" DSP="3" BRAM="0" URAM="0"/>
	<BindNode BINDTYPE="op" DISPLAY="bind_op fadd" ID="" IMPL="fulldsp" LATENCY="1" OPTYPE="fadd" PRAGMA="" RTLNAME="fadd_32ns_32ns_32_2_full_dsp_1_U32" SOURCE="gemm_no_taffoin2.c:93" VARIABLE="add84_23" MODULE="mm_Pipeline_VITIS_LOOP_84_7_VITIS_LOOP_86_8" LOOP="VITIS_LOOP_84_7_VITIS_LOOP_86_8" BUNDLEDNAME="" DSP="2" BRAM="0" URAM="0"/>
	<BindNode BINDTYPE="op" DISPLAY="bind_op mul" ID="" IMPL="dsp48" LATENCY="3" OPTYPE="mul" PRAGMA="" RTLNAME="mul_mul_10ns_11ns_21_4_1_U148" SOURCE="gemm_no_taffoin2.c:92" VARIABLE="mul_ln92_23" MODULE="mm_Pipeline_VITIS_LOOP_84_7_VITIS_LOOP_86_8" LOOP="VITIS_LOOP_84_7_VITIS_LOOP_86_8" BUNDLEDNAME="" DSP="1" BRAM="0" URAM="0"/>
	<BindNode BINDTYPE="op" DISPLAY="bind_op mux" ID="" IMPL="auto" LATENCY="0" OPTYPE="mux" PRAGMA="" RTLNAME="mux_325_32_1_1_U138" SOURCE="gemm_no_taffoin2.c:92" VARIABLE="tmp_24" MODULE="mm_Pipeline_VITIS_LOOP_84_7_VITIS_LOOP_86_8" LOOP="VITIS_LOOP_84_7_VITIS_LOOP_86_8" BUNDLEDNAME="" DSP="0" BRAM="0" URAM="0"/>
	<BindNode BINDTYPE="op" DISPLAY="bind_op fmul" ID="" IMPL="maxdsp" LATENCY="1" OPTYPE="fmul" PRAGMA="" RTLNAME="fmul_32ns_32ns_32_2_max_dsp_1_U92" SOURCE="gemm_no_taffoin2.c:92" VARIABLE="mul78_24" MODULE="mm_Pipeline_VITIS_LOOP_84_7_VITIS_LOOP_86_8" LOOP="VITIS_LOOP_84_7_VITIS_LOOP_86_8" BUNDLEDNAME="" DSP="3" BRAM="0" URAM="0"/>
	<BindNode BINDTYPE="op" DISPLAY="bind_op fmul" ID="" IMPL="maxdsp" LATENCY="1" OPTYPE="fmul" PRAGMA="" RTLNAME="fmul_32ns_32ns_32_2_max_dsp_1_U93" SOURCE="gemm_no_taffoin2.c:92" VARIABLE="z_25" MODULE="mm_Pipeline_VITIS_LOOP_84_7_VITIS_LOOP_86_8" LOOP="VITIS_LOOP_84_7_VITIS_LOOP_86_8" BUNDLEDNAME="" DSP="3" BRAM="0" URAM="0"/>
	<BindNode BINDTYPE="op" DISPLAY="bind_op fadd" ID="" IMPL="fulldsp" LATENCY="1" OPTYPE="fadd" PRAGMA="" RTLNAME="fadd_32ns_32ns_32_2_full_dsp_1_U33" SOURCE="gemm_no_taffoin2.c:93" VARIABLE="add84_24" MODULE="mm_Pipeline_VITIS_LOOP_84_7_VITIS_LOOP_86_8" LOOP="VITIS_LOOP_84_7_VITIS_LOOP_86_8" BUNDLEDNAME="" DSP="2" BRAM="0" URAM="0"/>
	<BindNode BINDTYPE="op" DISPLAY="bind_op mul" ID="" IMPL="dsp48" LATENCY="3" OPTYPE="mul" PRAGMA="" RTLNAME="mul_mul_10ns_11ns_21_4_1_U150" SOURCE="gemm_no_taffoin2.c:92" VARIABLE="mul_ln92_24" MODULE="mm_Pipeline_VITIS_LOOP_84_7_VITIS_LOOP_86_8" LOOP="VITIS_LOOP_84_7_VITIS_LOOP_86_8" BUNDLEDNAME="" DSP="1" BRAM="0" URAM="0"/>
	<BindNode BINDTYPE="op" DISPLAY="bind_op mux" ID="" IMPL="auto" LATENCY="0" OPTYPE="mux" PRAGMA="" RTLNAME="mux_325_32_1_1_U139" SOURCE="gemm_no_taffoin2.c:92" VARIABLE="tmp_25" MODULE="mm_Pipeline_VITIS_LOOP_84_7_VITIS_LOOP_86_8" LOOP="VITIS_LOOP_84_7_VITIS_LOOP_86_8" BUNDLEDNAME="" DSP="0" BRAM="0" URAM="0"/>
	<BindNode BINDTYPE="op" DISPLAY="bind_op fmul" ID="" IMPL="maxdsp" LATENCY="1" OPTYPE="fmul" PRAGMA="" RTLNAME="fmul_32ns_32ns_32_2_max_dsp_1_U94" SOURCE="gemm_no_taffoin2.c:92" VARIABLE="mul78_25" MODULE="mm_Pipeline_VITIS_LOOP_84_7_VITIS_LOOP_86_8" LOOP="VITIS_LOOP_84_7_VITIS_LOOP_86_8" BUNDLEDNAME="" DSP="3" BRAM="0" URAM="0"/>
	<BindNode BINDTYPE="op" DISPLAY="bind_op fmul" ID="" IMPL="maxdsp" LATENCY="1" OPTYPE="fmul" PRAGMA="" RTLNAME="fmul_32ns_32ns_32_2_max_dsp_1_U95" SOURCE="gemm_no_taffoin2.c:92" VARIABLE="z_26" MODULE="mm_Pipeline_VITIS_LOOP_84_7_VITIS_LOOP_86_8" LOOP="VITIS_LOOP_84_7_VITIS_LOOP_86_8" BUNDLEDNAME="" DSP="3" BRAM="0" URAM="0"/>
	<BindNode BINDTYPE="op" DISPLAY="bind_op fadd" ID="" IMPL="fulldsp" LATENCY="1" OPTYPE="fadd" PRAGMA="" RTLNAME="fadd_32ns_32ns_32_2_full_dsp_1_U34" SOURCE="gemm_no_taffoin2.c:93" VARIABLE="add84_25" MODULE="mm_Pipeline_VITIS_LOOP_84_7_VITIS_LOOP_86_8" LOOP="VITIS_LOOP_84_7_VITIS_LOOP_86_8" BUNDLEDNAME="" DSP="2" BRAM="0" URAM="0"/>
	<BindNode BINDTYPE="op" DISPLAY="bind_op mul" ID="" IMPL="dsp48" LATENCY="3" OPTYPE="mul" PRAGMA="" RTLNAME="mul_mul_10ns_11ns_21_4_1_U152" SOURCE="gemm_no_taffoin2.c:92" VARIABLE="mul_ln92_25" MODULE="mm_Pipeline_VITIS_LOOP_84_7_VITIS_LOOP_86_8" LOOP="VITIS_LOOP_84_7_VITIS_LOOP_86_8" BUNDLEDNAME="" DSP="1" BRAM="0" URAM="0"/>
	<BindNode BINDTYPE="op" DISPLAY="bind_op mux" ID="" IMPL="auto" LATENCY="0" OPTYPE="mux" PRAGMA="" RTLNAME="mux_325_32_1_1_U140" SOURCE="gemm_no_taffoin2.c:92" VARIABLE="tmp_26" MODULE="mm_Pipeline_VITIS_LOOP_84_7_VITIS_LOOP_86_8" LOOP="VITIS_LOOP_84_7_VITIS_LOOP_86_8" BUNDLEDNAME="" DSP="0" BRAM="0" URAM="0"/>
	<BindNode BINDTYPE="op" DISPLAY="bind_op fmul" ID="" IMPL="maxdsp" LATENCY="1" OPTYPE="fmul" PRAGMA="" RTLNAME="fmul_32ns_32ns_32_2_max_dsp_1_U96" SOURCE="gemm_no_taffoin2.c:92" VARIABLE="mul78_26" MODULE="mm_Pipeline_VITIS_LOOP_84_7_VITIS_LOOP_86_8" LOOP="VITIS_LOOP_84_7_VITIS_LOOP_86_8" BUNDLEDNAME="" DSP="3" BRAM="0" URAM="0"/>
	<BindNode BINDTYPE="op" DISPLAY="bind_op fmul" ID="" IMPL="maxdsp" LATENCY="1" OPTYPE="fmul" PRAGMA="" RTLNAME="fmul_32ns_32ns_32_2_max_dsp_1_U97" SOURCE="gemm_no_taffoin2.c:92" VARIABLE="z_27" MODULE="mm_Pipeline_VITIS_LOOP_84_7_VITIS_LOOP_86_8" LOOP="VITIS_LOOP_84_7_VITIS_LOOP_86_8" BUNDLEDNAME="" DSP="3" BRAM="0" URAM="0"/>
	<BindNode BINDTYPE="op" DISPLAY="bind_op fadd" ID="" IMPL="fulldsp" LATENCY="1" OPTYPE="fadd" PRAGMA="" RTLNAME="fadd_32ns_32ns_32_2_full_dsp_1_U35" SOURCE="gemm_no_taffoin2.c:93" VARIABLE="add84_26" MODULE="mm_Pipeline_VITIS_LOOP_84_7_VITIS_LOOP_86_8" LOOP="VITIS_LOOP_84_7_VITIS_LOOP_86_8" BUNDLEDNAME="" DSP="2" BRAM="0" URAM="0"/>
	<BindNode BINDTYPE="op" DISPLAY="bind_op mul" ID="" IMPL="dsp48" LATENCY="3" OPTYPE="mul" PRAGMA="" RTLNAME="mul_mul_10ns_11ns_21_4_1_U154" SOURCE="gemm_no_taffoin2.c:92" VARIABLE="mul_ln92_26" MODULE="mm_Pipeline_VITIS_LOOP_84_7_VITIS_LOOP_86_8" LOOP="VITIS_LOOP_84_7_VITIS_LOOP_86_8" BUNDLEDNAME="" DSP="1" BRAM="0" URAM="0"/>
	<BindNode BINDTYPE="op" DISPLAY="bind_op mux" ID="" IMPL="auto" LATENCY="0" OPTYPE="mux" PRAGMA="" RTLNAME="mux_325_32_1_1_U141" SOURCE="gemm_no_taffoin2.c:92" VARIABLE="tmp_27" MODULE="mm_Pipeline_VITIS_LOOP_84_7_VITIS_LOOP_86_8" LOOP="VITIS_LOOP_84_7_VITIS_LOOP_86_8" BUNDLEDNAME="" DSP="0" BRAM="0" URAM="0"/>
	<BindNode BINDTYPE="op" DISPLAY="bind_op fmul" ID="" IMPL="maxdsp" LATENCY="1" OPTYPE="fmul" PRAGMA="" RTLNAME="fmul_32ns_32ns_32_2_max_dsp_1_U98" SOURCE="gemm_no_taffoin2.c:92" VARIABLE="mul78_27" MODULE="mm_Pipeline_VITIS_LOOP_84_7_VITIS_LOOP_86_8" LOOP="VITIS_LOOP_84_7_VITIS_LOOP_86_8" BUNDLEDNAME="" DSP="3" BRAM="0" URAM="0"/>
	<BindNode BINDTYPE="op" DISPLAY="bind_op fmul" ID="" IMPL="maxdsp" LATENCY="1" OPTYPE="fmul" PRAGMA="" RTLNAME="fmul_32ns_32ns_32_2_max_dsp_1_U99" SOURCE="gemm_no_taffoin2.c:92" VARIABLE="z_28" MODULE="mm_Pipeline_VITIS_LOOP_84_7_VITIS_LOOP_86_8" LOOP="VITIS_LOOP_84_7_VITIS_LOOP_86_8" BUNDLEDNAME="" DSP="3" BRAM="0" URAM="0"/>
	<BindNode BINDTYPE="op" DISPLAY="bind_op fadd" ID="" IMPL="fulldsp" LATENCY="1" OPTYPE="fadd" PRAGMA="" RTLNAME="fadd_32ns_32ns_32_2_full_dsp_1_U36" SOURCE="gemm_no_taffoin2.c:93" VARIABLE="add84_27" MODULE="mm_Pipeline_VITIS_LOOP_84_7_VITIS_LOOP_86_8" LOOP="VITIS_LOOP_84_7_VITIS_LOOP_86_8" BUNDLEDNAME="" DSP="2" BRAM="0" URAM="0"/>
	<BindNode BINDTYPE="op" DISPLAY="bind_op mul" ID="" IMPL="dsp48" LATENCY="3" OPTYPE="mul" PRAGMA="" RTLNAME="mul_mul_10ns_11ns_21_4_1_U156" SOURCE="gemm_no_taffoin2.c:92" VARIABLE="mul_ln92_27" MODULE="mm_Pipeline_VITIS_LOOP_84_7_VITIS_LOOP_86_8" LOOP="VITIS_LOOP_84_7_VITIS_LOOP_86_8" BUNDLEDNAME="" DSP="1" BRAM="0" URAM="0"/>
	<BindNode BINDTYPE="op" DISPLAY="bind_op mux" ID="" IMPL="auto" LATENCY="0" OPTYPE="mux" PRAGMA="" RTLNAME="mux_325_32_1_1_U142" SOURCE="gemm_no_taffoin2.c:92" VARIABLE="tmp_28" MODULE="mm_Pipeline_VITIS_LOOP_84_7_VITIS_LOOP_86_8" LOOP="VITIS_LOOP_84_7_VITIS_LOOP_86_8" BUNDLEDNAME="" DSP="0" BRAM="0" URAM="0"/>
	<BindNode BINDTYPE="op" DISPLAY="bind_op fmul" ID="" IMPL="maxdsp" LATENCY="1" OPTYPE="fmul" PRAGMA="" RTLNAME="fmul_32ns_32ns_32_2_max_dsp_1_U100" SOURCE="gemm_no_taffoin2.c:92" VARIABLE="mul78_28" MODULE="mm_Pipeline_VITIS_LOOP_84_7_VITIS_LOOP_86_8" LOOP="VITIS_LOOP_84_7_VITIS_LOOP_86_8" BUNDLEDNAME="" DSP="3" BRAM="0" URAM="0"/>
	<BindNode BINDTYPE="op" DISPLAY="bind_op fmul" ID="" IMPL="maxdsp" LATENCY="1" OPTYPE="fmul" PRAGMA="" RTLNAME="fmul_32ns_32ns_32_2_max_dsp_1_U101" SOURCE="gemm_no_taffoin2.c:92" VARIABLE="z_29" MODULE="mm_Pipeline_VITIS_LOOP_84_7_VITIS_LOOP_86_8" LOOP="VITIS_LOOP_84_7_VITIS_LOOP_86_8" BUNDLEDNAME="" DSP="3" BRAM="0" URAM="0"/>
	<BindNode BINDTYPE="op" DISPLAY="bind_op fadd" ID="" IMPL="fulldsp" LATENCY="1" OPTYPE="fadd" PRAGMA="" RTLNAME="fadd_32ns_32ns_32_2_full_dsp_1_U37" SOURCE="gemm_no_taffoin2.c:93" VARIABLE="add84_28" MODULE="mm_Pipeline_VITIS_LOOP_84_7_VITIS_LOOP_86_8" LOOP="VITIS_LOOP_84_7_VITIS_LOOP_86_8" BUNDLEDNAME="" DSP="2" BRAM="0" URAM="0"/>
	<BindNode BINDTYPE="op" DISPLAY="bind_op mul" ID="" IMPL="dsp48" LATENCY="3" OPTYPE="mul" PRAGMA="" RTLNAME="mul_mul_10ns_11ns_21_4_1_U158" SOURCE="gemm_no_taffoin2.c:92" VARIABLE="mul_ln92_28" MODULE="mm_Pipeline_VITIS_LOOP_84_7_VITIS_LOOP_86_8" LOOP="VITIS_LOOP_84_7_VITIS_LOOP_86_8" BUNDLEDNAME="" DSP="1" BRAM="0" URAM="0"/>
	<BindNode BINDTYPE="op" DISPLAY="bind_op mux" ID="" IMPL="auto" LATENCY="0" OPTYPE="mux" PRAGMA="" RTLNAME="mux_325_32_1_1_U143" SOURCE="gemm_no_taffoin2.c:92" VARIABLE="tmp_29" MODULE="mm_Pipeline_VITIS_LOOP_84_7_VITIS_LOOP_86_8" LOOP="VITIS_LOOP_84_7_VITIS_LOOP_86_8" BUNDLEDNAME="" DSP="0" BRAM="0" URAM="0"/>
	<BindNode BINDTYPE="op" DISPLAY="bind_op fmul" ID="" IMPL="maxdsp" LATENCY="1" OPTYPE="fmul" PRAGMA="" RTLNAME="fmul_32ns_32ns_32_2_max_dsp_1_U102" SOURCE="gemm_no_taffoin2.c:92" VARIABLE="mul78_29" MODULE="mm_Pipeline_VITIS_LOOP_84_7_VITIS_LOOP_86_8" LOOP="VITIS_LOOP_84_7_VITIS_LOOP_86_8" BUNDLEDNAME="" DSP="3" BRAM="0" URAM="0"/>
	<BindNode BINDTYPE="op" DISPLAY="bind_op fmul" ID="" IMPL="maxdsp" LATENCY="1" OPTYPE="fmul" PRAGMA="" RTLNAME="fmul_32ns_32ns_32_2_max_dsp_1_U103" SOURCE="gemm_no_taffoin2.c:92" VARIABLE="z_30" MODULE="mm_Pipeline_VITIS_LOOP_84_7_VITIS_LOOP_86_8" LOOP="VITIS_LOOP_84_7_VITIS_LOOP_86_8" BUNDLEDNAME="" DSP="3" BRAM="0" URAM="0"/>
	<BindNode BINDTYPE="op" DISPLAY="bind_op fadd" ID="" IMPL="fulldsp" LATENCY="1" OPTYPE="fadd" PRAGMA="" RTLNAME="fadd_32ns_32ns_32_2_full_dsp_1_U38" SOURCE="gemm_no_taffoin2.c:93" VARIABLE="add84_29" MODULE="mm_Pipeline_VITIS_LOOP_84_7_VITIS_LOOP_86_8" LOOP="VITIS_LOOP_84_7_VITIS_LOOP_86_8" BUNDLEDNAME="" DSP="2" BRAM="0" URAM="0"/>
	<BindNode BINDTYPE="op" DISPLAY="bind_op mul" ID="" IMPL="dsp48" LATENCY="3" OPTYPE="mul" PRAGMA="" RTLNAME="mul_mul_10ns_11ns_21_4_1_U160" SOURCE="gemm_no_taffoin2.c:92" VARIABLE="mul_ln92_29" MODULE="mm_Pipeline_VITIS_LOOP_84_7_VITIS_LOOP_86_8" LOOP="VITIS_LOOP_84_7_VITIS_LOOP_86_8" BUNDLEDNAME="" DSP="1" BRAM="0" URAM="0"/>
	<BindNode BINDTYPE="op" DISPLAY="bind_op mux" ID="" IMPL="auto" LATENCY="0" OPTYPE="mux" PRAGMA="" RTLNAME="mux_325_32_1_1_U144" SOURCE="gemm_no_taffoin2.c:92" VARIABLE="tmp_30" MODULE="mm_Pipeline_VITIS_LOOP_84_7_VITIS_LOOP_86_8" LOOP="VITIS_LOOP_84_7_VITIS_LOOP_86_8" BUNDLEDNAME="" DSP="0" BRAM="0" URAM="0"/>
	<BindNode BINDTYPE="op" DISPLAY="bind_op fmul" ID="" IMPL="maxdsp" LATENCY="1" OPTYPE="fmul" PRAGMA="" RTLNAME="fmul_32ns_32ns_32_2_max_dsp_1_U104" SOURCE="gemm_no_taffoin2.c:92" VARIABLE="mul78_30" MODULE="mm_Pipeline_VITIS_LOOP_84_7_VITIS_LOOP_86_8" LOOP="VITIS_LOOP_84_7_VITIS_LOOP_86_8" BUNDLEDNAME="" DSP="3" BRAM="0" URAM="0"/>
	<BindNode BINDTYPE="op" DISPLAY="bind_op fmul" ID="" IMPL="maxdsp" LATENCY="1" OPTYPE="fmul" PRAGMA="" RTLNAME="fmul_32ns_32ns_32_2_max_dsp_1_U105" SOURCE="gemm_no_taffoin2.c:92" VARIABLE="z_31" MODULE="mm_Pipeline_VITIS_LOOP_84_7_VITIS_LOOP_86_8" LOOP="VITIS_LOOP_84_7_VITIS_LOOP_86_8" BUNDLEDNAME="" DSP="3" BRAM="0" URAM="0"/>
	<BindNode BINDTYPE="op" DISPLAY="bind_op fadd" ID="" IMPL="fulldsp" LATENCY="1" OPTYPE="fadd" PRAGMA="" RTLNAME="fadd_32ns_32ns_32_2_full_dsp_1_U39" SOURCE="gemm_no_taffoin2.c:93" VARIABLE="tmp_31" MODULE="mm_Pipeline_VITIS_LOOP_84_7_VITIS_LOOP_86_8" LOOP="VITIS_LOOP_84_7_VITIS_LOOP_86_8" BUNDLEDNAME="" DSP="2" BRAM="0" URAM="0"/>
	<BindNode BINDTYPE="op" DISPLAY="bind_op fmul" ID="" IMPL="maxdsp" LATENCY="1" OPTYPE="fmul" PRAGMA="" RTLNAME="fmul_32ns_32ns_32_2_max_dsp_1_U106" SOURCE="gemm_no_taffoin2.c:95" VARIABLE="mul4" MODULE="mm_Pipeline_VITIS_LOOP_84_7_VITIS_LOOP_86_8" LOOP="VITIS_LOOP_84_7_VITIS_LOOP_86_8" BUNDLEDNAME="" DSP="3" BRAM="0" URAM="0"/>
	<BindNode BINDTYPE="op" DISPLAY="bind_op fadd" ID="" IMPL="fulldsp" LATENCY="1" OPTYPE="fadd" PRAGMA="" RTLNAME="fadd_32ns_32ns_32_2_full_dsp_1_U40" SOURCE="gemm_no_taffoin2.c:96" VARIABLE="add1" MODULE="mm_Pipeline_VITIS_LOOP_84_7_VITIS_LOOP_86_8" LOOP="VITIS_LOOP_84_7_VITIS_LOOP_86_8" BUNDLEDNAME="" DSP="2" BRAM="0" URAM="0"/>
	<BindNode BINDTYPE="op" DISPLAY="bind_op fadd" ID="" IMPL="fulldsp" LATENCY="1" OPTYPE="fadd" PRAGMA="" RTLNAME="fadd_32ns_32ns_32_2_full_dsp_1_U41" SOURCE="gemm_no_taffoin2.c:97" VARIABLE="sum" MODULE="mm_Pipeline_VITIS_LOOP_84_7_VITIS_LOOP_86_8" LOOP="VITIS_LOOP_84_7_VITIS_LOOP_86_8" BUNDLEDNAME="" DSP="2" BRAM="0" URAM="0"/>
	<BindNode BINDTYPE="op" DISPLAY="bind_op add" ID="" IMPL="fabric" LATENCY="0" OPTYPE="add" PRAGMA="" RTLNAME="add_ln86_fu_13197_p2" SOURCE="gemm_no_taffoin2.c:86" VARIABLE="add_ln86" MODULE="mm_Pipeline_VITIS_LOOP_84_7_VITIS_LOOP_86_8" LOOP="VITIS_LOOP_84_7_VITIS_LOOP_86_8" BUNDLEDNAME="" DSP="0" BRAM="0" URAM="0"/>
	<BindNode BINDTYPE="storage" DISPLAY="bind_storage rom_np" ID="" IMPL="auto" LATENCY="1" OPTYPE="rom_np" PRAGMA="" RTLNAME="A_U" SOURCE="" VARIABLE="A" MODULE="mm_Pipeline_VITIS_LOOP_84_7_VITIS_LOOP_86_8" LOOP="" BUNDLEDNAME="" DSP="0" BRAM="32" URAM="0"/>
	<BindNode BINDTYPE="storage" DISPLAY="bind_storage rom_np" ID="" IMPL="auto" LATENCY="1" OPTYPE="rom_np" PRAGMA="" RTLNAME="B_0_U" SOURCE="" VARIABLE="B_0" MODULE="mm_Pipeline_VITIS_LOOP_84_7_VITIS_LOOP_86_8" LOOP="" BUNDLEDNAME="" DSP="0" BRAM="32" URAM="0"/>
	<BindNode BINDTYPE="storage" DISPLAY="bind_storage rom_np" ID="" IMPL="auto" LATENCY="1" OPTYPE="rom_np" PRAGMA="" RTLNAME="B_1_U" SOURCE="" VARIABLE="B_1" MODULE="mm_Pipeline_VITIS_LOOP_84_7_VITIS_LOOP_86_8" LOOP="" BUNDLEDNAME="" DSP="0" BRAM="30" URAM="0"/>
	<BindNode BINDTYPE="storage" DISPLAY="bind_storage rom_np" ID="" IMPL="auto" LATENCY="1" OPTYPE="rom_np" PRAGMA="" RTLNAME="B_2_U" SOURCE="" VARIABLE="B_2" MODULE="mm_Pipeline_VITIS_LOOP_84_7_VITIS_LOOP_86_8" LOOP="" BUNDLEDNAME="" DSP="0" BRAM="30" URAM="0"/>
	<BindNode BINDTYPE="storage" DISPLAY="bind_storage rom_np" ID="" IMPL="auto" LATENCY="1" OPTYPE="rom_np" PRAGMA="" RTLNAME="B_3_U" SOURCE="" VARIABLE="B_3" MODULE="mm_Pipeline_VITIS_LOOP_84_7_VITIS_LOOP_86_8" LOOP="" BUNDLEDNAME="" DSP="0" BRAM="30" URAM="0"/>
	<BindNode BINDTYPE="storage" DISPLAY="bind_storage rom_np" ID="" IMPL="auto" LATENCY="1" OPTYPE="rom_np" PRAGMA="" RTLNAME="B_4_U" SOURCE="" VARIABLE="B_4" MODULE="mm_Pipeline_VITIS_LOOP_84_7_VITIS_LOOP_86_8" LOOP="" BUNDLEDNAME="" DSP="0" BRAM="30" URAM="0"/>
	<BindNode BINDTYPE="storage" DISPLAY="bind_storage rom_np" ID="" IMPL="auto" LATENCY="1" OPTYPE="rom_np" PRAGMA="" RTLNAME="B_5_U" SOURCE="" VARIABLE="B_5" MODULE="mm_Pipeline_VITIS_LOOP_84_7_VITIS_LOOP_86_8" LOOP="" BUNDLEDNAME="" DSP="0" BRAM="30" URAM="0"/>
	<BindNode BINDTYPE="storage" DISPLAY="bind_storage rom_np" ID="" IMPL="auto" LATENCY="1" OPTYPE="rom_np" PRAGMA="" RTLNAME="B_6_U" SOURCE="" VARIABLE="B_6" MODULE="mm_Pipeline_VITIS_LOOP_84_7_VITIS_LOOP_86_8" LOOP="" BUNDLEDNAME="" DSP="0" BRAM="30" URAM="0"/>
	<BindNode BINDTYPE="storage" DISPLAY="bind_storage rom_np" ID="" IMPL="auto" LATENCY="1" OPTYPE="rom_np" PRAGMA="" RTLNAME="B_7_U" SOURCE="" VARIABLE="B_7" MODULE="mm_Pipeline_VITIS_LOOP_84_7_VITIS_LOOP_86_8" LOOP="" BUNDLEDNAME="" DSP="0" BRAM="30" URAM="0"/>
	<BindNode BINDTYPE="storage" DISPLAY="bind_storage rom_np" ID="" IMPL="auto" LATENCY="1" OPTYPE="rom_np" PRAGMA="" RTLNAME="B_8_U" SOURCE="" VARIABLE="B_8" MODULE="mm_Pipeline_VITIS_LOOP_84_7_VITIS_LOOP_86_8" LOOP="" BUNDLEDNAME="" DSP="0" BRAM="30" URAM="0"/>
	<BindNode BINDTYPE="storage" DISPLAY="bind_storage rom_np" ID="" IMPL="auto" LATENCY="1" OPTYPE="rom_np" PRAGMA="" RTLNAME="B_9_U" SOURCE="" VARIABLE="B_9" MODULE="mm_Pipeline_VITIS_LOOP_84_7_VITIS_LOOP_86_8" LOOP="" BUNDLEDNAME="" DSP="0" BRAM="30" URAM="0"/>
	<BindNode BINDTYPE="storage" DISPLAY="bind_storage rom_np" ID="" IMPL="auto" LATENCY="1" OPTYPE="rom_np" PRAGMA="" RTLNAME="B_10_U" SOURCE="" VARIABLE="B_10" MODULE="mm_Pipeline_VITIS_LOOP_84_7_VITIS_LOOP_86_8" LOOP="" BUNDLEDNAME="" DSP="0" BRAM="30" URAM="0"/>
	<BindNode BINDTYPE="storage" DISPLAY="bind_storage rom_np" ID="" IMPL="auto" LATENCY="1" OPTYPE="rom_np" PRAGMA="" RTLNAME="B_11_U" SOURCE="" VARIABLE="B_11" MODULE="mm_Pipeline_VITIS_LOOP_84_7_VITIS_LOOP_86_8" LOOP="" BUNDLEDNAME="" DSP="0" BRAM="30" URAM="0"/>
	<BindNode BINDTYPE="storage" DISPLAY="bind_storage rom_np" ID="" IMPL="auto" LATENCY="1" OPTYPE="rom_np" PRAGMA="" RTLNAME="B_12_U" SOURCE="" VARIABLE="B_12" MODULE="mm_Pipeline_VITIS_LOOP_84_7_VITIS_LOOP_86_8" LOOP="" BUNDLEDNAME="" DSP="0" BRAM="30" URAM="0"/>
	<BindNode BINDTYPE="storage" DISPLAY="bind_storage rom_np" ID="" IMPL="auto" LATENCY="1" OPTYPE="rom_np" PRAGMA="" RTLNAME="B_13_U" SOURCE="" VARIABLE="B_13" MODULE="mm_Pipeline_VITIS_LOOP_84_7_VITIS_LOOP_86_8" LOOP="" BUNDLEDNAME="" DSP="0" BRAM="30" URAM="0"/>
	<BindNode BINDTYPE="storage" DISPLAY="bind_storage rom_np" ID="" IMPL="auto" LATENCY="1" OPTYPE="rom_np" PRAGMA="" RTLNAME="B_14_U" SOURCE="" VARIABLE="B_14" MODULE="mm_Pipeline_VITIS_LOOP_84_7_VITIS_LOOP_86_8" LOOP="" BUNDLEDNAME="" DSP="0" BRAM="30" URAM="0"/>
	<BindNode BINDTYPE="storage" DISPLAY="bind_storage rom_np" ID="" IMPL="auto" LATENCY="1" OPTYPE="rom_np" PRAGMA="" RTLNAME="B_15_U" SOURCE="" VARIABLE="B_15" MODULE="mm_Pipeline_VITIS_LOOP_84_7_VITIS_LOOP_86_8" LOOP="" BUNDLEDNAME="" DSP="0" BRAM="30" URAM="0"/>
	<BindNode BINDTYPE="storage" DISPLAY="bind_storage rom_np" ID="" IMPL="auto" LATENCY="1" OPTYPE="rom_np" PRAGMA="" RTLNAME="B_16_U" SOURCE="" VARIABLE="B_16" MODULE="mm_Pipeline_VITIS_LOOP_84_7_VITIS_LOOP_86_8" LOOP="" BUNDLEDNAME="" DSP="0" BRAM="30" URAM="0"/>
	<BindNode BINDTYPE="storage" DISPLAY="bind_storage rom_np" ID="" IMPL="auto" LATENCY="1" OPTYPE="rom_np" PRAGMA="" RTLNAME="B_17_U" SOURCE="" VARIABLE="B_17" MODULE="mm_Pipeline_VITIS_LOOP_84_7_VITIS_LOOP_86_8" LOOP="" BUNDLEDNAME="" DSP="0" BRAM="30" URAM="0"/>
	<BindNode BINDTYPE="storage" DISPLAY="bind_storage rom_np" ID="" IMPL="auto" LATENCY="1" OPTYPE="rom_np" PRAGMA="" RTLNAME="B_18_U" SOURCE="" VARIABLE="B_18" MODULE="mm_Pipeline_VITIS_LOOP_84_7_VITIS_LOOP_86_8" LOOP="" BUNDLEDNAME="" DSP="0" BRAM="30" URAM="0"/>
	<BindNode BINDTYPE="storage" DISPLAY="bind_storage rom_np" ID="" IMPL="auto" LATENCY="1" OPTYPE="rom_np" PRAGMA="" RTLNAME="B_19_U" SOURCE="" VARIABLE="B_19" MODULE="mm_Pipeline_VITIS_LOOP_84_7_VITIS_LOOP_86_8" LOOP="" BUNDLEDNAME="" DSP="0" BRAM="30" URAM="0"/>
	<BindNode BINDTYPE="storage" DISPLAY="bind_storage rom_np" ID="" IMPL="auto" LATENCY="1" OPTYPE="rom_np" PRAGMA="" RTLNAME="B_20_U" SOURCE="" VARIABLE="B_20" MODULE="mm_Pipeline_VITIS_LOOP_84_7_VITIS_LOOP_86_8" LOOP="" BUNDLEDNAME="" DSP="0" BRAM="30" URAM="0"/>
	<BindNode BINDTYPE="storage" DISPLAY="bind_storage rom_np" ID="" IMPL="auto" LATENCY="1" OPTYPE="rom_np" PRAGMA="" RTLNAME="B_21_U" SOURCE="" VARIABLE="B_21" MODULE="mm_Pipeline_VITIS_LOOP_84_7_VITIS_LOOP_86_8" LOOP="" BUNDLEDNAME="" DSP="0" BRAM="30" URAM="0"/>
	<BindNode BINDTYPE="storage" DISPLAY="bind_storage rom_np" ID="" IMPL="auto" LATENCY="1" OPTYPE="rom_np" PRAGMA="" RTLNAME="B_22_U" SOURCE="" VARIABLE="B_22" MODULE="mm_Pipeline_VITIS_LOOP_84_7_VITIS_LOOP_86_8" LOOP="" BUNDLEDNAME="" DSP="0" BRAM="30" URAM="0"/>
	<BindNode BINDTYPE="storage" DISPLAY="bind_storage rom_np" ID="" IMPL="auto" LATENCY="1" OPTYPE="rom_np" PRAGMA="" RTLNAME="B_23_U" SOURCE="" VARIABLE="B_23" MODULE="mm_Pipeline_VITIS_LOOP_84_7_VITIS_LOOP_86_8" LOOP="" BUNDLEDNAME="" DSP="0" BRAM="30" URAM="0"/>
	<BindNode BINDTYPE="storage" DISPLAY="bind_storage rom_np" ID="" IMPL="auto" LATENCY="1" OPTYPE="rom_np" PRAGMA="" RTLNAME="B_24_U" SOURCE="" VARIABLE="B_24" MODULE="mm_Pipeline_VITIS_LOOP_84_7_VITIS_LOOP_86_8" LOOP="" BUNDLEDNAME="" DSP="0" BRAM="30" URAM="0"/>
	<BindNode BINDTYPE="storage" DISPLAY="bind_storage rom_np" ID="" IMPL="auto" LATENCY="1" OPTYPE="rom_np" PRAGMA="" RTLNAME="B_25_U" SOURCE="" VARIABLE="B_25" MODULE="mm_Pipeline_VITIS_LOOP_84_7_VITIS_LOOP_86_8" LOOP="" BUNDLEDNAME="" DSP="0" BRAM="30" URAM="0"/>
	<BindNode BINDTYPE="storage" DISPLAY="bind_storage rom_np" ID="" IMPL="auto" LATENCY="1" OPTYPE="rom_np" PRAGMA="" RTLNAME="B_26_U" SOURCE="" VARIABLE="B_26" MODULE="mm_Pipeline_VITIS_LOOP_84_7_VITIS_LOOP_86_8" LOOP="" BUNDLEDNAME="" DSP="0" BRAM="30" URAM="0"/>
	<BindNode BINDTYPE="storage" DISPLAY="bind_storage rom_np" ID="" IMPL="auto" LATENCY="1" OPTYPE="rom_np" PRAGMA="" RTLNAME="B_27_U" SOURCE="" VARIABLE="B_27" MODULE="mm_Pipeline_VITIS_LOOP_84_7_VITIS_LOOP_86_8" LOOP="" BUNDLEDNAME="" DSP="0" BRAM="30" URAM="0"/>
	<BindNode BINDTYPE="storage" DISPLAY="bind_storage rom_np" ID="" IMPL="auto" LATENCY="1" OPTYPE="rom_np" PRAGMA="" RTLNAME="B_28_U" SOURCE="" VARIABLE="B_28" MODULE="mm_Pipeline_VITIS_LOOP_84_7_VITIS_LOOP_86_8" LOOP="" BUNDLEDNAME="" DSP="0" BRAM="30" URAM="0"/>
	<BindNode BINDTYPE="storage" DISPLAY="bind_storage rom_np" ID="" IMPL="auto" LATENCY="1" OPTYPE="rom_np" PRAGMA="" RTLNAME="B_29_U" SOURCE="" VARIABLE="B_29" MODULE="mm_Pipeline_VITIS_LOOP_84_7_VITIS_LOOP_86_8" LOOP="" BUNDLEDNAME="" DSP="0" BRAM="30" URAM="0"/>
	<BindNode BINDTYPE="storage" DISPLAY="bind_storage rom_np" ID="" IMPL="auto" LATENCY="1" OPTYPE="rom_np" PRAGMA="" RTLNAME="B_30_U" SOURCE="" VARIABLE="B_30" MODULE="mm_Pipeline_VITIS_LOOP_84_7_VITIS_LOOP_86_8" LOOP="" BUNDLEDNAME="" DSP="0" BRAM="30" URAM="0"/>
	<BindNode BINDTYPE="storage" DISPLAY="bind_storage rom_np" ID="" IMPL="auto" LATENCY="1" OPTYPE="rom_np" PRAGMA="" RTLNAME="B_32_U" SOURCE="" VARIABLE="B_32" MODULE="mm_Pipeline_VITIS_LOOP_84_7_VITIS_LOOP_86_8" LOOP="" BUNDLEDNAME="" DSP="0" BRAM="32" URAM="0"/>
	<BindNode BINDTYPE="storage" DISPLAY="bind_storage rom_np" ID="" IMPL="auto" LATENCY="1" OPTYPE="rom_np" PRAGMA="" RTLNAME="B_31_U" SOURCE="" VARIABLE="B_31" MODULE="mm_Pipeline_VITIS_LOOP_84_7_VITIS_LOOP_86_8" LOOP="" BUNDLEDNAME="" DSP="0" BRAM="30" URAM="0"/>
	<BindNode BINDTYPE="storage" DISPLAY="bind_storage ram_s2p" ID="" IMPL="auto" LATENCY="1" OPTYPE="ram_s2p" PRAGMA="" RTLNAME="D_U" SOURCE="gemm_no_taffoin2.c:54" VARIABLE="D" MODULE="mm" LOOP="" BUNDLEDNAME="" DSP="0" BRAM="2" URAM="0"/>
	<BindNode BINDTYPE="op" DISPLAY="bind_op fmul" ID="" IMPL="maxdsp" LATENCY="1" OPTYPE="fmul" PRAGMA="" RTLNAME="fmul_32ns_32ns_32_2_max_dsp_1_U211" SOURCE="gemm_no_taffoin2.c:104" VARIABLE="mul" MODULE="mm" LOOP="" BUNDLEDNAME="" DSP="3" BRAM="0" URAM="0"/>
</BindInfo>
