<xilinx:hls_fe_msgs>
    <msg msg_groups="PRAGMA_VERBOSE_DUMP" msg_id="207-5471" msg_severity="WARNING" msg_loc="/home/bruno/Desktop/benchmarks/gemm/run_hls_matmult_no_taffo.tcl:77:9" msg_body="HLS pragma dump">
        <args ARG_PragmaContext="directive" ARG_PragmaFunction="mm" ARG_PragmaIsValid="1" ARG_PragmaOptions="name=mm" ARG_PragmaType="top" ClangWarningOption="dump-hls-pragmas"/>
    </msg>
    <msg msg_groups="PRAGMA_VERBOSE_DUMP" msg_id="207-5471" msg_severity="WARNING" msg_loc="gemm_no_taffoin2.c:88:9" msg_body="HLS pragma dump">
        <args ARG_PragmaFunction="mm" ARG_PragmaIsValid="1" ARG_PragmaOptions="II=1" ARG_PragmaType="pipeline" ClangWarningOption="dump-hls-pragmas"/>
    </msg>
    <msg msg_groups="PRAGMA_UNROLL" msg_id="214-291" msg_severity="INFO" msg_loc="gemm_no_taffoin2.c:90:30" msg_body="Loop 'VITIS_LOOP_90_9' is marked as complete unroll implied by the pipeline pragma">
        <args LoopName="VITIS_LOOP_90_9"/>
    </msg>
    <msg msg_groups="PRAGMA_UNROLL" msg_id="214-186" msg_severity="INFO" msg_loc="gemm_no_taffoin2.c:44:0" msg_body="Unrolling loop 'VITIS_LOOP_90_9' (gemm_no_taffoin2.c:90:30) in function 'mm' completely with a factor of 32">
        <args Factor="32" LoopLoc="gemm_no_taffoin2.c:90:30" LoopName="VITIS_LOOP_90_9"/>
    </msg>
    <msg msg_groups="AUTOMATION PRAGMA_MISC" msg_id="214-270" msg_severity="INFO" msg_loc="gemm_no_taffoin2.c:88:9" msg_body="Inferring pragma 'array_partition type=cyclic factor=33 dim=1' for array 'B' due to pipeline pragma">
        <args Dim="1" Factor="33" Mode="cyclic" Name="B" PragmaType="array_partition"/>
    </msg>
</xilinx:hls_fe_msgs>

