<stg><name>mm</name>


<trans_list>

<trans id="22" from="1" to="2">
<condition id="-1">
<or_exp><and_exp></and_exp></or_exp>
</condition>
</trans>

<trans id="23" from="2" to="3">
<condition id="-1">
<or_exp><and_exp></and_exp></or_exp>
</condition>
</trans>

<trans id="24" from="3" to="4">
<condition id="-1">
<or_exp><and_exp></and_exp></or_exp>
</condition>
</trans>

<trans id="25" from="4" to="5">
<condition id="-1">
<or_exp><and_exp></and_exp></or_exp>
</condition>
</trans>

<trans id="26" from="5" to="6">
<condition id="-1">
<or_exp><and_exp></and_exp></or_exp>
</condition>
</trans>
</trans_list>



<state_list>

<state id="1" st_id="1">

<operation id="7" st_id="1" stage="1" lat="1">
<core>NULL</core>
<MemPortIdVec></MemPortIdVec>
<condition id="-1">
<or_exp><and_exp></and_exp></or_exp>
</condition>

<Node id="37" bw="32" op_0_bw="64">
<![CDATA[
entry:1 %sum_1_loc = alloca i64 1

]]></Node>
<StgValue><ssdm name="sum_1_loc"/></StgValue>
</operation>

<operation id="8" st_id="1" stage="1" lat="1">
<core>NULL</core>
<MemPortIdVec></MemPortIdVec>
<condition id="-1">
<or_exp><and_exp></and_exp></or_exp>
</condition>

<Node id="42" bw="32" op_0_bw="64">
<![CDATA[
entry:6 %D = alloca i64 1

]]></Node>
<StgValue><ssdm name="D"/><MemPortTyVec>0 1 </MemPortTyVec>
</StgValue>
</operation>

<operation id="9" st_id="1" stage="2" lat="2">
<core></core>
<MemPortIdVec></MemPortIdVec>
<condition id="-1">
<or_exp><and_exp></and_exp></or_exp>
</condition>

<Node id="43" bw="0" op_0_bw="0" op_1_bw="32">
<![CDATA[
entry:7 %call_ln0 = call void @mm_Pipeline_VITIS_LOOP_65_5_VITIS_LOOP_66_6, i32 %D

]]></Node>
<StgValue><ssdm name="call_ln0"/></StgValue>
</operation>
</state>

<state id="2" st_id="2">

<operation id="10" st_id="2" stage="1" lat="2">
<core></core>
<MemPortIdVec></MemPortIdVec>
<condition id="-1">
<or_exp><and_exp></and_exp></or_exp>
</condition>

<Node id="43" bw="0" op_0_bw="0" op_1_bw="32">
<![CDATA[
entry:7 %call_ln0 = call void @mm_Pipeline_VITIS_LOOP_65_5_VITIS_LOOP_66_6, i32 %D

]]></Node>
<StgValue><ssdm name="call_ln0"/></StgValue>
</operation>
</state>

<state id="3" st_id="3">

<operation id="11" st_id="3" stage="2" lat="2">
<core></core>
<MemPortIdVec></MemPortIdVec>
<condition id="-1">
<or_exp><and_exp></and_exp></or_exp>
</condition>

<Node id="44" bw="0" op_0_bw="0" op_1_bw="32" op_2_bw="32" op_3_bw="32" op_4_bw="32" op_5_bw="32" op_6_bw="32" op_7_bw="32" op_8_bw="32" op_9_bw="32" op_10_bw="32" op_11_bw="32" op_12_bw="32" op_13_bw="32" op_14_bw="32" op_15_bw="32" op_16_bw="32" op_17_bw="32" op_18_bw="32" op_19_bw="32" op_20_bw="32" op_21_bw="32" op_22_bw="32" op_23_bw="32" op_24_bw="32" op_25_bw="32" op_26_bw="32" op_27_bw="32" op_28_bw="32" op_29_bw="32" op_30_bw="32" op_31_bw="32" op_32_bw="32" op_33_bw="32" op_34_bw="32" op_35_bw="32" op_36_bw="32" op_37_bw="0" op_38_bw="0">
<![CDATA[
entry:8 %call_ln0 = call void @mm_Pipeline_VITIS_LOOP_84_7_VITIS_LOOP_86_8, i32 %D, i32 %sum_1_loc, i32 %A, i32 %B_0, i32 %B_1, i32 %B_2, i32 %B_3, i32 %B_4, i32 %B_5, i32 %B_6, i32 %B_7, i32 %B_8, i32 %B_9, i32 %B_10, i32 %B_11, i32 %B_12, i32 %B_13, i32 %B_14, i32 %B_15, i32 %B_16, i32 %B_17, i32 %B_18, i32 %B_19, i32 %B_20, i32 %B_21, i32 %B_22, i32 %B_23, i32 %B_24, i32 %B_25, i32 %B_26, i32 %B_27, i32 %B_28, i32 %B_29, i32 %B_30, i32 %B_32, i32 %B_31

]]></Node>
<StgValue><ssdm name="call_ln0"/></StgValue>
</operation>
</state>

<state id="4" st_id="4">

<operation id="12" st_id="4" stage="1" lat="2">
<core></core>
<MemPortIdVec></MemPortIdVec>
<condition id="-1">
<or_exp><and_exp></and_exp></or_exp>
</condition>

<Node id="44" bw="0" op_0_bw="0" op_1_bw="32" op_2_bw="32" op_3_bw="32" op_4_bw="32" op_5_bw="32" op_6_bw="32" op_7_bw="32" op_8_bw="32" op_9_bw="32" op_10_bw="32" op_11_bw="32" op_12_bw="32" op_13_bw="32" op_14_bw="32" op_15_bw="32" op_16_bw="32" op_17_bw="32" op_18_bw="32" op_19_bw="32" op_20_bw="32" op_21_bw="32" op_22_bw="32" op_23_bw="32" op_24_bw="32" op_25_bw="32" op_26_bw="32" op_27_bw="32" op_28_bw="32" op_29_bw="32" op_30_bw="32" op_31_bw="32" op_32_bw="32" op_33_bw="32" op_34_bw="32" op_35_bw="32" op_36_bw="32" op_37_bw="0" op_38_bw="0">
<![CDATA[
entry:8 %call_ln0 = call void @mm_Pipeline_VITIS_LOOP_84_7_VITIS_LOOP_86_8, i32 %D, i32 %sum_1_loc, i32 %A, i32 %B_0, i32 %B_1, i32 %B_2, i32 %B_3, i32 %B_4, i32 %B_5, i32 %B_6, i32 %B_7, i32 %B_8, i32 %B_9, i32 %B_10, i32 %B_11, i32 %B_12, i32 %B_13, i32 %B_14, i32 %B_15, i32 %B_16, i32 %B_17, i32 %B_18, i32 %B_19, i32 %B_20, i32 %B_21, i32 %B_22, i32 %B_23, i32 %B_24, i32 %B_25, i32 %B_26, i32 %B_27, i32 %B_28, i32 %B_29, i32 %B_30, i32 %B_32, i32 %B_31

]]></Node>
<StgValue><ssdm name="call_ln0"/></StgValue>
</operation>
</state>

<state id="5" st_id="5">

<operation id="13" st_id="5" stage="1" lat="1">
<core>NULL</core>
<MemPortIdVec></MemPortIdVec>
<condition id="-1">
<or_exp><and_exp></and_exp></or_exp>
</condition>

<Node id="36" bw="32" op_0_bw="32" op_1_bw="32">
<![CDATA[
entry:0 %gamma_read = read i32 @_ssdm_op_Read.ap_auto.float, i32 %gamma

]]></Node>
<StgValue><ssdm name="gamma_read"/></StgValue>
</operation>

<operation id="14" st_id="5" stage="1" lat="1">
<core>NULL</core>
<MemPortIdVec></MemPortIdVec>
<condition id="-1">
<or_exp><and_exp></and_exp></or_exp>
</condition>

<Node id="45" bw="32" op_0_bw="32" op_1_bw="0">
<![CDATA[
entry:9 %sum_1_loc_load = load i32 %sum_1_loc

]]></Node>
<StgValue><ssdm name="sum_1_loc_load"/></StgValue>
</operation>

<operation id="15" st_id="5" stage="2" lat="2">
<core>FMul_maxdsp</core>
<MemPortIdVec></MemPortIdVec>
<condition id="-1">
<or_exp><and_exp></and_exp></or_exp>
</condition>

<Node id="46" bw="32" op_0_bw="32" op_1_bw="32">
<![CDATA[
entry:10 %mul = fmul i32 %sum_1_loc_load, i32 %gamma_read

]]></Node>
<StgValue><ssdm name="mul"/></StgValue>
</operation>
</state>

<state id="6" st_id="6">

<operation id="16" st_id="6" stage="1" lat="1">
<core>NULL</core>
<MemPortIdVec></MemPortIdVec>
<condition id="-1">
<or_exp><and_exp></and_exp></or_exp>
</condition>

<Node id="38" bw="0" op_0_bw="0" op_1_bw="32">
<![CDATA[
entry:2 %specbitsmap_ln0 = specbitsmap void @_ssdm_op_SpecBitsMap, i32 0

]]></Node>
<StgValue><ssdm name="specbitsmap_ln0"/></StgValue>
</operation>

<operation id="17" st_id="6" stage="1" lat="1">
<core>NULL</core>
<MemPortIdVec></MemPortIdVec>
<condition id="-1">
<or_exp><and_exp></and_exp></or_exp>
</condition>

<Node id="39" bw="0" op_0_bw="0" op_1_bw="0">
<![CDATA[
entry:3 %spectopmodule_ln42 = spectopmodule void @_ssdm_op_SpecTopModule, void @empty_1

]]></Node>
<StgValue><ssdm name="spectopmodule_ln42"/></StgValue>
</operation>

<operation id="18" st_id="6" stage="1" lat="1">
<core>NULL</core>
<MemPortIdVec></MemPortIdVec>
<condition id="-1">
<or_exp><and_exp></and_exp></or_exp>
</condition>

<Node id="40" bw="0" op_0_bw="0" op_1_bw="32">
<![CDATA[
entry:4 %specbitsmap_ln0 = specbitsmap void @_ssdm_op_SpecBitsMap, i32 %gamma

]]></Node>
<StgValue><ssdm name="specbitsmap_ln0"/></StgValue>
</operation>

<operation id="19" st_id="6" stage="1" lat="1">
<core>NULL</core>
<MemPortIdVec></MemPortIdVec>
<condition id="-1">
<or_exp><and_exp></and_exp></or_exp>
</condition>

<Node id="41" bw="0" op_0_bw="0" op_1_bw="32" op_2_bw="0" op_3_bw="32" op_4_bw="32" op_5_bw="0" op_6_bw="32" op_7_bw="32" op_8_bw="0" op_9_bw="0" op_10_bw="0" op_11_bw="32" op_12_bw="32" op_13_bw="32" op_14_bw="32" op_15_bw="0" op_16_bw="0" op_17_bw="32" op_18_bw="32">
<![CDATA[
entry:5 %specinterface_ln0 = specinterface void @_ssdm_op_SpecInterface, i32 %gamma, void @empty, i32 0, i32 0, void @empty_0, i32 0, i32 0, void @empty_0, void @empty_0, void @empty_0, i32 0, i32 0, i32 0, i32 0, void @empty_0, void @empty_0, i32 4294967295, i32 0

]]></Node>
<StgValue><ssdm name="specinterface_ln0"/></StgValue>
</operation>

<operation id="20" st_id="6" stage="1" lat="2">
<core>FMul_maxdsp</core>
<MemPortIdVec></MemPortIdVec>
<condition id="-1">
<or_exp><and_exp></and_exp></or_exp>
</condition>

<Node id="46" bw="32" op_0_bw="32" op_1_bw="32">
<![CDATA[
entry:10 %mul = fmul i32 %sum_1_loc_load, i32 %gamma_read

]]></Node>
<StgValue><ssdm name="mul"/></StgValue>
</operation>

<operation id="21" st_id="6" stage="1" lat="1">
<core>NULL</core>
<MemPortIdVec></MemPortIdVec>
<condition id="-1">
<or_exp><and_exp></and_exp></or_exp>
</condition>

<Node id="47" bw="0" op_0_bw="32">
<![CDATA[
entry:11 %ret_ln104 = ret i32 %mul

]]></Node>
<StgValue><ssdm name="ret_ln104"/></StgValue>
</operation>
</state>
</state_list>


<ports>
<port id="27" name="gamma" dir="0" iftype="0">
<core>NULL</core><StgValue><ssdm name="gamma"/></StgValue>
</port>
<port id="28" name="A" dir="0" iftype="1">
<core>ROM</core><StgValue><ssdm name="A"/><MemPortTyVec>1 1 1 1 1 1 1 1 1 1 1 1 1 1 1 1 1 1 1 1 1 1 1 1 1 1 1 1 1 1 1 1 </MemPortTyVec>
</StgValue>
</port>
<port id="29" name="B_0" dir="0" iftype="1">
<core>ROM</core><StgValue><ssdm name="B_0"/><MemPortTyVec>1 1 1 1 1 1 1 1 1 1 1 1 1 1 1 1 1 1 1 1 1 1 1 1 1 1 1 1 1 1 1 </MemPortTyVec>
</StgValue>
</port>
<port id="30" name="B_1" dir="0" iftype="1">
<core>ROM</core><StgValue><ssdm name="B_1"/><MemPortTyVec>1 1 1 1 1 1 1 1 1 1 1 1 1 1 1 1 1 1 1 1 1 1 1 1 1 1 1 1 1 1 </MemPortTyVec>
</StgValue>
</port>
<port id="31" name="B_2" dir="0" iftype="1">
<core>ROM</core><StgValue><ssdm name="B_2"/><MemPortTyVec>1 1 1 1 1 1 1 1 1 1 1 1 1 1 1 1 1 1 1 1 1 1 1 1 1 1 1 1 1 1 </MemPortTyVec>
</StgValue>
</port>
<port id="32" name="B_3" dir="0" iftype="1">
<core>ROM</core><StgValue><ssdm name="B_3"/><MemPortTyVec>1 1 1 1 1 1 1 1 1 1 1 1 1 1 1 1 1 1 1 1 1 1 1 1 1 1 1 1 1 1 </MemPortTyVec>
</StgValue>
</port>
<port id="33" name="B_4" dir="0" iftype="1">
<core>ROM</core><StgValue><ssdm name="B_4"/><MemPortTyVec>1 1 1 1 1 1 1 1 1 1 1 1 1 1 1 1 1 1 1 1 1 1 1 1 1 1 1 1 1 1 </MemPortTyVec>
</StgValue>
</port>
<port id="34" name="B_5" dir="0" iftype="1">
<core>ROM</core><StgValue><ssdm name="B_5"/><MemPortTyVec>1 1 1 1 1 1 1 1 1 1 1 1 1 1 1 1 1 1 1 1 1 1 1 1 1 1 1 1 1 1 </MemPortTyVec>
</StgValue>
</port>
<port id="35" name="B_6" dir="0" iftype="1">
<core>ROM</core><StgValue><ssdm name="B_6"/><MemPortTyVec>1 1 1 1 1 1 1 1 1 1 1 1 1 1 1 1 1 1 1 1 1 1 1 1 1 1 1 1 1 1 </MemPortTyVec>
</StgValue>
</port>
<port id="36" name="B_7" dir="0" iftype="1">
<core>ROM</core><StgValue><ssdm name="B_7"/><MemPortTyVec>1 1 1 1 1 1 1 1 1 1 1 1 1 1 1 1 1 1 1 1 1 1 1 1 1 1 1 1 1 1 </MemPortTyVec>
</StgValue>
</port>
<port id="37" name="B_8" dir="0" iftype="1">
<core>ROM</core><StgValue><ssdm name="B_8"/><MemPortTyVec>1 1 1 1 1 1 1 1 1 1 1 1 1 1 1 1 1 1 1 1 1 1 1 1 1 1 1 1 1 1 </MemPortTyVec>
</StgValue>
</port>
<port id="38" name="B_9" dir="0" iftype="1">
<core>ROM</core><StgValue><ssdm name="B_9"/><MemPortTyVec>1 1 1 1 1 1 1 1 1 1 1 1 1 1 1 1 1 1 1 1 1 1 1 1 1 1 1 1 1 1 </MemPortTyVec>
</StgValue>
</port>
<port id="39" name="B_10" dir="0" iftype="1">
<core>ROM</core><StgValue><ssdm name="B_10"/><MemPortTyVec>1 1 1 1 1 1 1 1 1 1 1 1 1 1 1 1 1 1 1 1 1 1 1 1 1 1 1 1 1 1 </MemPortTyVec>
</StgValue>
</port>
<port id="40" name="B_11" dir="0" iftype="1">
<core>ROM</core><StgValue><ssdm name="B_11"/><MemPortTyVec>1 1 1 1 1 1 1 1 1 1 1 1 1 1 1 1 1 1 1 1 1 1 1 1 1 1 1 1 1 1 </MemPortTyVec>
</StgValue>
</port>
<port id="41" name="B_12" dir="0" iftype="1">
<core>ROM</core><StgValue><ssdm name="B_12"/><MemPortTyVec>1 1 1 1 1 1 1 1 1 1 1 1 1 1 1 1 1 1 1 1 1 1 1 1 1 1 1 1 1 1 </MemPortTyVec>
</StgValue>
</port>
<port id="42" name="B_13" dir="0" iftype="1">
<core>ROM</core><StgValue><ssdm name="B_13"/><MemPortTyVec>1 1 1 1 1 1 1 1 1 1 1 1 1 1 1 1 1 1 1 1 1 1 1 1 1 1 1 1 1 1 </MemPortTyVec>
</StgValue>
</port>
<port id="43" name="B_14" dir="0" iftype="1">
<core>ROM</core><StgValue><ssdm name="B_14"/><MemPortTyVec>1 1 1 1 1 1 1 1 1 1 1 1 1 1 1 1 1 1 1 1 1 1 1 1 1 1 1 1 1 1 </MemPortTyVec>
</StgValue>
</port>
<port id="44" name="B_15" dir="0" iftype="1">
<core>ROM</core><StgValue><ssdm name="B_15"/><MemPortTyVec>1 1 1 1 1 1 1 1 1 1 1 1 1 1 1 1 1 1 1 1 1 1 1 1 1 1 1 1 1 1 </MemPortTyVec>
</StgValue>
</port>
<port id="45" name="B_16" dir="0" iftype="1">
<core>ROM</core><StgValue><ssdm name="B_16"/><MemPortTyVec>1 1 1 1 1 1 1 1 1 1 1 1 1 1 1 1 1 1 1 1 1 1 1 1 1 1 1 1 1 1 </MemPortTyVec>
</StgValue>
</port>
<port id="46" name="B_17" dir="0" iftype="1">
<core>ROM</core><StgValue><ssdm name="B_17"/><MemPortTyVec>1 1 1 1 1 1 1 1 1 1 1 1 1 1 1 1 1 1 1 1 1 1 1 1 1 1 1 1 1 1 </MemPortTyVec>
</StgValue>
</port>
<port id="47" name="B_18" dir="0" iftype="1">
<core>ROM</core><StgValue><ssdm name="B_18"/><MemPortTyVec>1 1 1 1 1 1 1 1 1 1 1 1 1 1 1 1 1 1 1 1 1 1 1 1 1 1 1 1 1 1 </MemPortTyVec>
</StgValue>
</port>
<port id="48" name="B_19" dir="0" iftype="1">
<core>ROM</core><StgValue><ssdm name="B_19"/><MemPortTyVec>1 1 1 1 1 1 1 1 1 1 1 1 1 1 1 1 1 1 1 1 1 1 1 1 1 1 1 1 1 1 </MemPortTyVec>
</StgValue>
</port>
<port id="49" name="B_20" dir="0" iftype="1">
<core>ROM</core><StgValue><ssdm name="B_20"/><MemPortTyVec>1 1 1 1 1 1 1 1 1 1 1 1 1 1 1 1 1 1 1 1 1 1 1 1 1 1 1 1 1 1 </MemPortTyVec>
</StgValue>
</port>
<port id="50" name="B_21" dir="0" iftype="1">
<core>ROM</core><StgValue><ssdm name="B_21"/><MemPortTyVec>1 1 1 1 1 1 1 1 1 1 1 1 1 1 1 1 1 1 1 1 1 1 1 1 1 1 1 1 1 1 </MemPortTyVec>
</StgValue>
</port>
<port id="51" name="B_22" dir="0" iftype="1">
<core>ROM</core><StgValue><ssdm name="B_22"/><MemPortTyVec>1 1 1 1 1 1 1 1 1 1 1 1 1 1 1 1 1 1 1 1 1 1 1 1 1 1 1 1 1 1 </MemPortTyVec>
</StgValue>
</port>
<port id="52" name="B_23" dir="0" iftype="1">
<core>ROM</core><StgValue><ssdm name="B_23"/><MemPortTyVec>1 1 1 1 1 1 1 1 1 1 1 1 1 1 1 1 1 1 1 1 1 1 1 1 1 1 1 1 1 1 </MemPortTyVec>
</StgValue>
</port>
<port id="53" name="B_24" dir="0" iftype="1">
<core>ROM</core><StgValue><ssdm name="B_24"/><MemPortTyVec>1 1 1 1 1 1 1 1 1 1 1 1 1 1 1 1 1 1 1 1 1 1 1 1 1 1 1 1 1 1 </MemPortTyVec>
</StgValue>
</port>
<port id="54" name="B_25" dir="0" iftype="1">
<core>ROM</core><StgValue><ssdm name="B_25"/><MemPortTyVec>1 1 1 1 1 1 1 1 1 1 1 1 1 1 1 1 1 1 1 1 1 1 1 1 1 1 1 1 1 1 </MemPortTyVec>
</StgValue>
</port>
<port id="55" name="B_26" dir="0" iftype="1">
<core>ROM</core><StgValue><ssdm name="B_26"/><MemPortTyVec>1 1 1 1 1 1 1 1 1 1 1 1 1 1 1 1 1 1 1 1 1 1 1 1 1 1 1 1 1 1 </MemPortTyVec>
</StgValue>
</port>
<port id="56" name="B_27" dir="0" iftype="1">
<core>ROM</core><StgValue><ssdm name="B_27"/><MemPortTyVec>1 1 1 1 1 1 1 1 1 1 1 1 1 1 1 1 1 1 1 1 1 1 1 1 1 1 1 1 1 1 </MemPortTyVec>
</StgValue>
</port>
<port id="57" name="B_28" dir="0" iftype="1">
<core>ROM</core><StgValue><ssdm name="B_28"/><MemPortTyVec>1 1 1 1 1 1 1 1 1 1 1 1 1 1 1 1 1 1 1 1 1 1 1 1 1 1 1 1 1 1 </MemPortTyVec>
</StgValue>
</port>
<port id="58" name="B_29" dir="0" iftype="1">
<core>ROM</core><StgValue><ssdm name="B_29"/><MemPortTyVec>1 1 1 1 1 1 1 1 1 1 1 1 1 1 1 1 1 1 1 1 1 1 1 1 1 1 1 1 1 1 </MemPortTyVec>
</StgValue>
</port>
<port id="59" name="B_30" dir="0" iftype="1">
<core>ROM</core><StgValue><ssdm name="B_30"/><MemPortTyVec>1 1 1 1 1 1 1 1 1 1 1 1 1 1 1 1 1 1 1 1 1 1 1 1 1 1 1 1 1 1 </MemPortTyVec>
</StgValue>
</port>
<port id="60" name="B_32" dir="0" iftype="1">
<core>ROM</core><StgValue><ssdm name="B_32"/><MemPortTyVec>1 1 1 1 1 1 1 1 1 1 1 1 1 1 1 1 1 1 1 1 1 1 1 1 1 1 1 1 1 1 1 </MemPortTyVec>
</StgValue>
</port>
<port id="61" name="B_31" dir="0" iftype="1">
<core>ROM</core><StgValue><ssdm name="B_31"/><MemPortTyVec>1 1 1 1 1 1 1 1 1 1 1 1 1 1 1 1 1 1 1 1 1 1 1 1 1 1 1 1 1 1 </MemPortTyVec>
</StgValue>
</port>
</ports>


<dataflows>
<dataflow id="63" from="StgValue_62" to="sum_1_loc" fromId="62" toId="7">
</dataflow>
<dataflow id="64" from="StgValue_62" to="D" fromId="62" toId="8">
</dataflow>
<dataflow id="66" from="mm_Pipeline_VITIS_LOOP_65_5_VITIS_LOOP_66_6" to="call_ln0" fromId="65" toId="9">
</dataflow>
<dataflow id="67" from="D" to="call_ln0" fromId="8" toId="9">
</dataflow>
<dataflow id="68" from="mm_Pipeline_VITIS_LOOP_65_5_VITIS_LOOP_66_6" to="call_ln0" fromId="65" toId="10">
</dataflow>
<dataflow id="69" from="D" to="call_ln0" fromId="8" toId="10">
</dataflow>
<dataflow id="71" from="mm_Pipeline_VITIS_LOOP_84_7_VITIS_LOOP_86_8" to="call_ln0" fromId="70" toId="11">
</dataflow>
<dataflow id="72" from="D" to="call_ln0" fromId="8" toId="11">
</dataflow>
<dataflow id="73" from="sum_1_loc" to="call_ln0" fromId="7" toId="11">
</dataflow>
<dataflow id="74" from="A" to="call_ln0" fromId="28" toId="11">
</dataflow>
<dataflow id="75" from="B_0" to="call_ln0" fromId="29" toId="11">
</dataflow>
<dataflow id="76" from="B_1" to="call_ln0" fromId="30" toId="11">
</dataflow>
<dataflow id="77" from="B_2" to="call_ln0" fromId="31" toId="11">
</dataflow>
<dataflow id="78" from="B_3" to="call_ln0" fromId="32" toId="11">
</dataflow>
<dataflow id="79" from="B_4" to="call_ln0" fromId="33" toId="11">
</dataflow>
<dataflow id="80" from="B_5" to="call_ln0" fromId="34" toId="11">
</dataflow>
<dataflow id="81" from="B_6" to="call_ln0" fromId="35" toId="11">
</dataflow>
<dataflow id="82" from="B_7" to="call_ln0" fromId="36" toId="11">
</dataflow>
<dataflow id="83" from="B_8" to="call_ln0" fromId="37" toId="11">
</dataflow>
<dataflow id="84" from="B_9" to="call_ln0" fromId="38" toId="11">
</dataflow>
<dataflow id="85" from="B_10" to="call_ln0" fromId="39" toId="11">
</dataflow>
<dataflow id="86" from="B_11" to="call_ln0" fromId="40" toId="11">
</dataflow>
<dataflow id="87" from="B_12" to="call_ln0" fromId="41" toId="11">
</dataflow>
<dataflow id="88" from="B_13" to="call_ln0" fromId="42" toId="11">
</dataflow>
<dataflow id="89" from="B_14" to="call_ln0" fromId="43" toId="11">
</dataflow>
<dataflow id="90" from="B_15" to="call_ln0" fromId="44" toId="11">
</dataflow>
<dataflow id="91" from="B_16" to="call_ln0" fromId="45" toId="11">
</dataflow>
<dataflow id="92" from="B_17" to="call_ln0" fromId="46" toId="11">
</dataflow>
<dataflow id="93" from="B_18" to="call_ln0" fromId="47" toId="11">
</dataflow>
<dataflow id="94" from="B_19" to="call_ln0" fromId="48" toId="11">
</dataflow>
<dataflow id="95" from="B_20" to="call_ln0" fromId="49" toId="11">
</dataflow>
<dataflow id="96" from="B_21" to="call_ln0" fromId="50" toId="11">
</dataflow>
<dataflow id="97" from="B_22" to="call_ln0" fromId="51" toId="11">
</dataflow>
<dataflow id="98" from="B_23" to="call_ln0" fromId="52" toId="11">
</dataflow>
<dataflow id="99" from="B_24" to="call_ln0" fromId="53" toId="11">
</dataflow>
<dataflow id="100" from="B_25" to="call_ln0" fromId="54" toId="11">
</dataflow>
<dataflow id="101" from="B_26" to="call_ln0" fromId="55" toId="11">
</dataflow>
<dataflow id="102" from="B_27" to="call_ln0" fromId="56" toId="11">
</dataflow>
<dataflow id="103" from="B_28" to="call_ln0" fromId="57" toId="11">
</dataflow>
<dataflow id="104" from="B_29" to="call_ln0" fromId="58" toId="11">
</dataflow>
<dataflow id="105" from="B_30" to="call_ln0" fromId="59" toId="11">
</dataflow>
<dataflow id="106" from="B_32" to="call_ln0" fromId="60" toId="11">
</dataflow>
<dataflow id="107" from="B_31" to="call_ln0" fromId="61" toId="11">
</dataflow>
<dataflow id="108" from="mm_Pipeline_VITIS_LOOP_84_7_VITIS_LOOP_86_8" to="call_ln0" fromId="70" toId="12">
</dataflow>
<dataflow id="109" from="D" to="call_ln0" fromId="8" toId="12">
</dataflow>
<dataflow id="110" from="sum_1_loc" to="call_ln0" fromId="7" toId="12">
</dataflow>
<dataflow id="111" from="A" to="call_ln0" fromId="28" toId="12">
</dataflow>
<dataflow id="112" from="B_0" to="call_ln0" fromId="29" toId="12">
</dataflow>
<dataflow id="113" from="B_1" to="call_ln0" fromId="30" toId="12">
</dataflow>
<dataflow id="114" from="B_2" to="call_ln0" fromId="31" toId="12">
</dataflow>
<dataflow id="115" from="B_3" to="call_ln0" fromId="32" toId="12">
</dataflow>
<dataflow id="116" from="B_4" to="call_ln0" fromId="33" toId="12">
</dataflow>
<dataflow id="117" from="B_5" to="call_ln0" fromId="34" toId="12">
</dataflow>
<dataflow id="118" from="B_6" to="call_ln0" fromId="35" toId="12">
</dataflow>
<dataflow id="119" from="B_7" to="call_ln0" fromId="36" toId="12">
</dataflow>
<dataflow id="120" from="B_8" to="call_ln0" fromId="37" toId="12">
</dataflow>
<dataflow id="121" from="B_9" to="call_ln0" fromId="38" toId="12">
</dataflow>
<dataflow id="122" from="B_10" to="call_ln0" fromId="39" toId="12">
</dataflow>
<dataflow id="123" from="B_11" to="call_ln0" fromId="40" toId="12">
</dataflow>
<dataflow id="124" from="B_12" to="call_ln0" fromId="41" toId="12">
</dataflow>
<dataflow id="125" from="B_13" to="call_ln0" fromId="42" toId="12">
</dataflow>
<dataflow id="126" from="B_14" to="call_ln0" fromId="43" toId="12">
</dataflow>
<dataflow id="127" from="B_15" to="call_ln0" fromId="44" toId="12">
</dataflow>
<dataflow id="128" from="B_16" to="call_ln0" fromId="45" toId="12">
</dataflow>
<dataflow id="129" from="B_17" to="call_ln0" fromId="46" toId="12">
</dataflow>
<dataflow id="130" from="B_18" to="call_ln0" fromId="47" toId="12">
</dataflow>
<dataflow id="131" from="B_19" to="call_ln0" fromId="48" toId="12">
</dataflow>
<dataflow id="132" from="B_20" to="call_ln0" fromId="49" toId="12">
</dataflow>
<dataflow id="133" from="B_21" to="call_ln0" fromId="50" toId="12">
</dataflow>
<dataflow id="134" from="B_22" to="call_ln0" fromId="51" toId="12">
</dataflow>
<dataflow id="135" from="B_23" to="call_ln0" fromId="52" toId="12">
</dataflow>
<dataflow id="136" from="B_24" to="call_ln0" fromId="53" toId="12">
</dataflow>
<dataflow id="137" from="B_25" to="call_ln0" fromId="54" toId="12">
</dataflow>
<dataflow id="138" from="B_26" to="call_ln0" fromId="55" toId="12">
</dataflow>
<dataflow id="139" from="B_27" to="call_ln0" fromId="56" toId="12">
</dataflow>
<dataflow id="140" from="B_28" to="call_ln0" fromId="57" toId="12">
</dataflow>
<dataflow id="141" from="B_29" to="call_ln0" fromId="58" toId="12">
</dataflow>
<dataflow id="142" from="B_30" to="call_ln0" fromId="59" toId="12">
</dataflow>
<dataflow id="143" from="B_32" to="call_ln0" fromId="60" toId="12">
</dataflow>
<dataflow id="144" from="B_31" to="call_ln0" fromId="61" toId="12">
</dataflow>
<dataflow id="146" from="_ssdm_op_Read.ap_auto.float" to="gamma_read" fromId="145" toId="13">
</dataflow>
<dataflow id="147" from="gamma" to="gamma_read" fromId="27" toId="13">
</dataflow>
<dataflow id="148" from="sum_1_loc" to="sum_1_loc_load" fromId="7" toId="14">
</dataflow>
<dataflow id="149" from="sum_1_loc_load" to="mul" fromId="14" toId="15">
</dataflow>
<dataflow id="150" from="gamma_read" to="mul" fromId="13" toId="15">
</dataflow>
<dataflow id="152" from="_ssdm_op_SpecBitsMap" to="specbitsmap_ln0" fromId="151" toId="16">
</dataflow>
<dataflow id="154" from="StgValue_153" to="specbitsmap_ln0" fromId="153" toId="16">
</dataflow>
<dataflow id="156" from="_ssdm_op_SpecTopModule" to="spectopmodule_ln42" fromId="155" toId="17">
</dataflow>
<dataflow id="158" from="empty_1" to="spectopmodule_ln42" fromId="157" toId="17">
</dataflow>
<dataflow id="159" from="_ssdm_op_SpecBitsMap" to="specbitsmap_ln0" fromId="151" toId="18">
</dataflow>
<dataflow id="160" from="gamma" to="specbitsmap_ln0" fromId="27" toId="18">
</dataflow>
<dataflow id="162" from="_ssdm_op_SpecInterface" to="specinterface_ln0" fromId="161" toId="19">
</dataflow>
<dataflow id="163" from="gamma" to="specinterface_ln0" fromId="27" toId="19">
</dataflow>
<dataflow id="165" from="empty" to="specinterface_ln0" fromId="164" toId="19">
</dataflow>
<dataflow id="167" from="StgValue_166" to="specinterface_ln0" fromId="166" toId="19">
</dataflow>
<dataflow id="168" from="StgValue_166" to="specinterface_ln0" fromId="166" toId="19">
</dataflow>
<dataflow id="170" from="empty_0" to="specinterface_ln0" fromId="169" toId="19">
</dataflow>
<dataflow id="171" from="StgValue_166" to="specinterface_ln0" fromId="166" toId="19">
</dataflow>
<dataflow id="172" from="StgValue_166" to="specinterface_ln0" fromId="166" toId="19">
</dataflow>
<dataflow id="173" from="empty_0" to="specinterface_ln0" fromId="169" toId="19">
</dataflow>
<dataflow id="174" from="empty_0" to="specinterface_ln0" fromId="169" toId="19">
</dataflow>
<dataflow id="175" from="empty_0" to="specinterface_ln0" fromId="169" toId="19">
</dataflow>
<dataflow id="176" from="StgValue_166" to="specinterface_ln0" fromId="166" toId="19">
</dataflow>
<dataflow id="177" from="StgValue_166" to="specinterface_ln0" fromId="166" toId="19">
</dataflow>
<dataflow id="178" from="StgValue_166" to="specinterface_ln0" fromId="166" toId="19">
</dataflow>
<dataflow id="179" from="StgValue_166" to="specinterface_ln0" fromId="166" toId="19">
</dataflow>
<dataflow id="180" from="empty_0" to="specinterface_ln0" fromId="169" toId="19">
</dataflow>
<dataflow id="181" from="empty_0" to="specinterface_ln0" fromId="169" toId="19">
</dataflow>
<dataflow id="183" from="StgValue_182" to="specinterface_ln0" fromId="182" toId="19">
</dataflow>
<dataflow id="184" from="StgValue_166" to="specinterface_ln0" fromId="166" toId="19">
</dataflow>
<dataflow id="185" from="sum_1_loc_load" to="mul" fromId="14" toId="20">
</dataflow>
<dataflow id="186" from="gamma_read" to="mul" fromId="13" toId="20">
</dataflow>
<dataflow id="187" from="mul" to="ret_ln104" fromId="20" toId="21">
</dataflow>
</dataflows>


</stg>
