<profile>

<RTLDesignHierarchy>
<TopModule>
<ModuleName>mm</ModuleName>
<InstancesList>
<Instance>
<InstName>grp_mm_Pipeline_VITIS_LOOP_65_5_VITIS_LOOP_66_6_fu_110</InstName>
<ModuleName>mm_Pipeline_VITIS_LOOP_65_5_VITIS_LOOP_66_6</ModuleName>
<IsCompInst>true</IsCompInst>
<ID>110</ID>
</Instance>
<Instance>
<InstName>grp_mm_Pipeline_VITIS_LOOP_84_7_VITIS_LOOP_86_8_fu_116</InstName>
<ModuleName>mm_Pipeline_VITIS_LOOP_84_7_VITIS_LOOP_86_8</ModuleName>
<IsCompInst>true</IsCompInst>
<ID>116</ID>
</Instance>
</InstancesList>
</TopModule>
</RTLDesignHierarchy>

<ModuleInformation>
<Module>
<Name>mm_Pipeline_VITIS_LOOP_65_5_VITIS_LOOP_66_6</Name>
<Loops>
<VITIS_LOOP_65_5_VITIS_LOOP_66_6></VITIS_LOOP_65_5_VITIS_LOOP_66_6>
</Loops>
<PerformanceEstimates>
<SummaryOfTimingAnalysis>
<TargetClockPeriod>20.00</TargetClockPeriod>
<ClockUncertainty>5.40</ClockUncertainty>
<EstimatedClockPeriod>14.237</EstimatedClockPeriod>
</SummaryOfTimingAnalysis>
<SummaryOfOverallLatency>
<Best-caseLatency>1030</Best-caseLatency>
<Average-caseLatency>1030</Average-caseLatency>
<Worst-caseLatency>1030</Worst-caseLatency>
<Best-caseRealTimeLatency>20.600 us</Best-caseRealTimeLatency>
<Average-caseRealTimeLatency>20.600 us</Average-caseRealTimeLatency>
<Worst-caseRealTimeLatency>20.600 us</Worst-caseRealTimeLatency>
<PipelineInitiationInterval>1030</PipelineInitiationInterval>
<PipelineType>no</PipelineType>
</SummaryOfOverallLatency>
<SummaryOfLoopLatency>
<VITIS_LOOP_65_5_VITIS_LOOP_66_6>
<Name>VITIS_LOOP_65_5_VITIS_LOOP_66_6</Name>
<Slack>14.60</Slack>
<TripCount>1024</TripCount>
<Latency>1028</Latency>
<AbsoluteTimeLatency>20.560 us</AbsoluteTimeLatency>
<PipelineII>1</PipelineII>
<PipelineDepth>6</PipelineDepth>
<PipelineType>yes</PipelineType>
<InstanceList>
</InstanceList>
</VITIS_LOOP_65_5_VITIS_LOOP_66_6>
</SummaryOfLoopLatency>
</PerformanceEstimates>
<AreaEstimates>
<Resources>
<DSP>0</DSP>
<AVAIL_DSP>1260</AVAIL_DSP>
<UTIL_DSP>0</UTIL_DSP>
<FF>172</FF>
<AVAIL_FF>728400</AVAIL_FF>
<UTIL_FF>~0</UTIL_FF>
<LUT>233</LUT>
<AVAIL_LUT>364200</AVAIL_LUT>
<UTIL_LUT>~0</UTIL_LUT>
<BRAM_18K>0</BRAM_18K>
<AVAIL_BRAM>1590</AVAIL_BRAM>
<UTIL_BRAM>0</UTIL_BRAM>
<URAM>0</URAM>
<AVAIL_URAM>0</AVAIL_URAM>
<UTIL_URAM>0</UTIL_URAM>
</Resources>
</AreaEstimates>
<InterfaceSummary>
<RtlPorts>
<name>ap_clk</name>
<Object>mm_Pipeline_VITIS_LOOP_65_5_VITIS_LOOP_66_6</Object>
<Type>return value</Type>
<Scope></Scope>
<IOProtocol>ap_ctrl_hs</IOProtocol>
<IOConfig></IOConfig>
<Dir>in</Dir>
<Bits>1</Bits>
<Attribute>control</Attribute>
</RtlPorts>
<RtlPorts>
<name>ap_rst</name>
<Object>mm_Pipeline_VITIS_LOOP_65_5_VITIS_LOOP_66_6</Object>
<Type>return value</Type>
<Scope></Scope>
<IOProtocol>ap_ctrl_hs</IOProtocol>
<IOConfig></IOConfig>
<Dir>in</Dir>
<Bits>1</Bits>
<Attribute>control</Attribute>
</RtlPorts>
<RtlPorts>
<name>ap_start</name>
<Object>mm_Pipeline_VITIS_LOOP_65_5_VITIS_LOOP_66_6</Object>
<Type>return value</Type>
<Scope></Scope>
<IOProtocol>ap_ctrl_hs</IOProtocol>
<IOConfig></IOConfig>
<Dir>in</Dir>
<Bits>1</Bits>
<Attribute>control</Attribute>
</RtlPorts>
<RtlPorts>
<name>ap_done</name>
<Object>mm_Pipeline_VITIS_LOOP_65_5_VITIS_LOOP_66_6</Object>
<Type>return value</Type>
<Scope></Scope>
<IOProtocol>ap_ctrl_hs</IOProtocol>
<IOConfig></IOConfig>
<Dir>out</Dir>
<Bits>1</Bits>
<Attribute>control</Attribute>
</RtlPorts>
<RtlPorts>
<name>ap_idle</name>
<Object>mm_Pipeline_VITIS_LOOP_65_5_VITIS_LOOP_66_6</Object>
<Type>return value</Type>
<Scope></Scope>
<IOProtocol>ap_ctrl_hs</IOProtocol>
<IOConfig></IOConfig>
<Dir>out</Dir>
<Bits>1</Bits>
<Attribute>control</Attribute>
</RtlPorts>
<RtlPorts>
<name>ap_ready</name>
<Object>mm_Pipeline_VITIS_LOOP_65_5_VITIS_LOOP_66_6</Object>
<Type>return value</Type>
<Scope></Scope>
<IOProtocol>ap_ctrl_hs</IOProtocol>
<IOConfig></IOConfig>
<Dir>out</Dir>
<Bits>1</Bits>
<Attribute>control</Attribute>
</RtlPorts>
<RtlPorts>
<name>grp_fu_190_p_din0</name>
<Object>mm_Pipeline_VITIS_LOOP_65_5_VITIS_LOOP_66_6</Object>
<Type>return value</Type>
<Scope></Scope>
<IOProtocol>ap_ctrl_hs</IOProtocol>
<IOConfig></IOConfig>
<Dir>out</Dir>
<Bits>32</Bits>
<Attribute>data</Attribute>
</RtlPorts>
<RtlPorts>
<name>grp_fu_190_p_din1</name>
<Object>mm_Pipeline_VITIS_LOOP_65_5_VITIS_LOOP_66_6</Object>
<Type>return value</Type>
<Scope></Scope>
<IOProtocol>ap_ctrl_hs</IOProtocol>
<IOConfig></IOConfig>
<Dir>out</Dir>
<Bits>32</Bits>
<Attribute>data</Attribute>
</RtlPorts>
<RtlPorts>
<name>grp_fu_190_p_dout0</name>
<Object>mm_Pipeline_VITIS_LOOP_65_5_VITIS_LOOP_66_6</Object>
<Type>return value</Type>
<Scope></Scope>
<IOProtocol>ap_ctrl_hs</IOProtocol>
<IOConfig></IOConfig>
<Dir>in</Dir>
<Bits>32</Bits>
<Attribute>data</Attribute>
</RtlPorts>
<RtlPorts>
<name>grp_fu_190_p_ce</name>
<Object>mm_Pipeline_VITIS_LOOP_65_5_VITIS_LOOP_66_6</Object>
<Type>return value</Type>
<Scope></Scope>
<IOProtocol>ap_ctrl_hs</IOProtocol>
<IOConfig></IOConfig>
<Dir>out</Dir>
<Bits>1</Bits>
<Attribute>data</Attribute>
</RtlPorts>
<RtlPorts>
<name>grp_fu_213_p_din0</name>
<Object>mm_Pipeline_VITIS_LOOP_65_5_VITIS_LOOP_66_6</Object>
<Type>return value</Type>
<Scope></Scope>
<IOProtocol>ap_ctrl_hs</IOProtocol>
<IOConfig></IOConfig>
<Dir>out</Dir>
<Bits>32</Bits>
<Attribute>data</Attribute>
</RtlPorts>
<RtlPorts>
<name>grp_fu_213_p_din1</name>
<Object>mm_Pipeline_VITIS_LOOP_65_5_VITIS_LOOP_66_6</Object>
<Type>return value</Type>
<Scope></Scope>
<IOProtocol>ap_ctrl_hs</IOProtocol>
<IOConfig></IOConfig>
<Dir>out</Dir>
<Bits>32</Bits>
<Attribute>data</Attribute>
</RtlPorts>
<RtlPorts>
<name>grp_fu_213_p_dout0</name>
<Object>mm_Pipeline_VITIS_LOOP_65_5_VITIS_LOOP_66_6</Object>
<Type>return value</Type>
<Scope></Scope>
<IOProtocol>ap_ctrl_hs</IOProtocol>
<IOConfig></IOConfig>
<Dir>in</Dir>
<Bits>32</Bits>
<Attribute>data</Attribute>
</RtlPorts>
<RtlPorts>
<name>grp_fu_213_p_ce</name>
<Object>mm_Pipeline_VITIS_LOOP_65_5_VITIS_LOOP_66_6</Object>
<Type>return value</Type>
<Scope></Scope>
<IOProtocol>ap_ctrl_hs</IOProtocol>
<IOConfig></IOConfig>
<Dir>out</Dir>
<Bits>1</Bits>
<Attribute>data</Attribute>
</RtlPorts>
<RtlPorts>
<name>D_address0</name>
<Object>D</Object>
<Type>array</Type>
<Scope></Scope>
<IOProtocol>ap_memory</IOProtocol>
<IOConfig></IOConfig>
<Dir>out</Dir>
<Bits>10</Bits>
<Attribute>address</Attribute>
</RtlPorts>
<RtlPorts>
<name>D_ce0</name>
<Object>D</Object>
<Type>array</Type>
<Scope></Scope>
<IOProtocol>ap_memory</IOProtocol>
<IOConfig></IOConfig>
<Dir>out</Dir>
<Bits>1</Bits>
<Attribute>control</Attribute>
</RtlPorts>
<RtlPorts>
<name>D_we0</name>
<Object>D</Object>
<Type>array</Type>
<Scope></Scope>
<IOProtocol>ap_memory</IOProtocol>
<IOConfig></IOConfig>
<Dir>out</Dir>
<Bits>1</Bits>
<Attribute>control</Attribute>
</RtlPorts>
<RtlPorts>
<name>D_d0</name>
<Object>D</Object>
<Type>array</Type>
<Scope></Scope>
<IOProtocol>ap_memory</IOProtocol>
<IOConfig></IOConfig>
<Dir>out</Dir>
<Bits>32</Bits>
<Attribute>data</Attribute>
</RtlPorts>
</InterfaceSummary>
</Module>
<Module>
<Name>mm_Pipeline_VITIS_LOOP_84_7_VITIS_LOOP_86_8</Name>
<Loops>
<VITIS_LOOP_84_7_VITIS_LOOP_86_8></VITIS_LOOP_84_7_VITIS_LOOP_86_8>
</Loops>
<PerformanceEstimates>
<SummaryOfTimingAnalysis>
<TargetClockPeriod>20.00</TargetClockPeriod>
<ClockUncertainty>5.40</ClockUncertainty>
<EstimatedClockPeriod>13.972</EstimatedClockPeriod>
</SummaryOfTimingAnalysis>
<SummaryOfOverallLatency>
<Best-caseLatency>1097</Best-caseLatency>
<Average-caseLatency>1097</Average-caseLatency>
<Worst-caseLatency>1097</Worst-caseLatency>
<Best-caseRealTimeLatency>21.940 us</Best-caseRealTimeLatency>
<Average-caseRealTimeLatency>21.940 us</Average-caseRealTimeLatency>
<Worst-caseRealTimeLatency>21.940 us</Worst-caseRealTimeLatency>
<PipelineInitiationInterval>1097</PipelineInitiationInterval>
<PipelineType>no</PipelineType>
</SummaryOfOverallLatency>
<SummaryOfLoopLatency>
<VITIS_LOOP_84_7_VITIS_LOOP_86_8>
<Name>VITIS_LOOP_84_7_VITIS_LOOP_86_8</Name>
<Slack>14.60</Slack>
<TripCount>1024</TripCount>
<Latency>1095</Latency>
<AbsoluteTimeLatency>21.900 us</AbsoluteTimeLatency>
<PipelineII>1</PipelineII>
<PipelineDepth>73</PipelineDepth>
<PipelineType>yes</PipelineType>
<InstanceList>
</InstanceList>
</VITIS_LOOP_84_7_VITIS_LOOP_86_8>
</SummaryOfLoopLatency>
</PerformanceEstimates>
<AreaEstimates>
<Resources>
<BRAM_18K>1026</BRAM_18K>
<AVAIL_BRAM>1590</AVAIL_BRAM>
<UTIL_BRAM>64</UTIL_BRAM>
<DSP>281</DSP>
<AVAIL_DSP>1260</AVAIL_DSP>
<UTIL_DSP>22</UTIL_DSP>
<FF>18973</FF>
<AVAIL_FF>728400</AVAIL_FF>
<UTIL_FF>2</UTIL_FF>
<LUT>21696</LUT>
<AVAIL_LUT>364200</AVAIL_LUT>
<UTIL_LUT>5</UTIL_LUT>
<URAM>0</URAM>
<AVAIL_URAM>0</AVAIL_URAM>
<UTIL_URAM>0</UTIL_URAM>
</Resources>
</AreaEstimates>
<InterfaceSummary>
<RtlPorts>
<name>ap_clk</name>
<Object>mm_Pipeline_VITIS_LOOP_84_7_VITIS_LOOP_86_8</Object>
<Type>return value</Type>
<Scope></Scope>
<IOProtocol>ap_ctrl_hs</IOProtocol>
<IOConfig></IOConfig>
<Dir>in</Dir>
<Bits>1</Bits>
<Attribute>control</Attribute>
</RtlPorts>
<RtlPorts>
<name>ap_rst</name>
<Object>mm_Pipeline_VITIS_LOOP_84_7_VITIS_LOOP_86_8</Object>
<Type>return value</Type>
<Scope></Scope>
<IOProtocol>ap_ctrl_hs</IOProtocol>
<IOConfig></IOConfig>
<Dir>in</Dir>
<Bits>1</Bits>
<Attribute>control</Attribute>
</RtlPorts>
<RtlPorts>
<name>ap_start</name>
<Object>mm_Pipeline_VITIS_LOOP_84_7_VITIS_LOOP_86_8</Object>
<Type>return value</Type>
<Scope></Scope>
<IOProtocol>ap_ctrl_hs</IOProtocol>
<IOConfig></IOConfig>
<Dir>in</Dir>
<Bits>1</Bits>
<Attribute>control</Attribute>
</RtlPorts>
<RtlPorts>
<name>ap_done</name>
<Object>mm_Pipeline_VITIS_LOOP_84_7_VITIS_LOOP_86_8</Object>
<Type>return value</Type>
<Scope></Scope>
<IOProtocol>ap_ctrl_hs</IOProtocol>
<IOConfig></IOConfig>
<Dir>out</Dir>
<Bits>1</Bits>
<Attribute>control</Attribute>
</RtlPorts>
<RtlPorts>
<name>ap_idle</name>
<Object>mm_Pipeline_VITIS_LOOP_84_7_VITIS_LOOP_86_8</Object>
<Type>return value</Type>
<Scope></Scope>
<IOProtocol>ap_ctrl_hs</IOProtocol>
<IOConfig></IOConfig>
<Dir>out</Dir>
<Bits>1</Bits>
<Attribute>control</Attribute>
</RtlPorts>
<RtlPorts>
<name>ap_ready</name>
<Object>mm_Pipeline_VITIS_LOOP_84_7_VITIS_LOOP_86_8</Object>
<Type>return value</Type>
<Scope></Scope>
<IOProtocol>ap_ctrl_hs</IOProtocol>
<IOConfig></IOConfig>
<Dir>out</Dir>
<Bits>1</Bits>
<Attribute>control</Attribute>
</RtlPorts>
<RtlPorts>
<name>grp_fu_190_p_din0</name>
<Object>mm_Pipeline_VITIS_LOOP_84_7_VITIS_LOOP_86_8</Object>
<Type>return value</Type>
<Scope></Scope>
<IOProtocol>ap_ctrl_hs</IOProtocol>
<IOConfig></IOConfig>
<Dir>out</Dir>
<Bits>32</Bits>
<Attribute>data</Attribute>
</RtlPorts>
<RtlPorts>
<name>grp_fu_190_p_din1</name>
<Object>mm_Pipeline_VITIS_LOOP_84_7_VITIS_LOOP_86_8</Object>
<Type>return value</Type>
<Scope></Scope>
<IOProtocol>ap_ctrl_hs</IOProtocol>
<IOConfig></IOConfig>
<Dir>out</Dir>
<Bits>32</Bits>
<Attribute>data</Attribute>
</RtlPorts>
<RtlPorts>
<name>grp_fu_190_p_dout0</name>
<Object>mm_Pipeline_VITIS_LOOP_84_7_VITIS_LOOP_86_8</Object>
<Type>return value</Type>
<Scope></Scope>
<IOProtocol>ap_ctrl_hs</IOProtocol>
<IOConfig></IOConfig>
<Dir>in</Dir>
<Bits>32</Bits>
<Attribute>data</Attribute>
</RtlPorts>
<RtlPorts>
<name>grp_fu_190_p_ce</name>
<Object>mm_Pipeline_VITIS_LOOP_84_7_VITIS_LOOP_86_8</Object>
<Type>return value</Type>
<Scope></Scope>
<IOProtocol>ap_ctrl_hs</IOProtocol>
<IOConfig></IOConfig>
<Dir>out</Dir>
<Bits>1</Bits>
<Attribute>data</Attribute>
</RtlPorts>
<RtlPorts>
<name>grp_fu_213_p_din0</name>
<Object>mm_Pipeline_VITIS_LOOP_84_7_VITIS_LOOP_86_8</Object>
<Type>return value</Type>
<Scope></Scope>
<IOProtocol>ap_ctrl_hs</IOProtocol>
<IOConfig></IOConfig>
<Dir>out</Dir>
<Bits>32</Bits>
<Attribute>data</Attribute>
</RtlPorts>
<RtlPorts>
<name>grp_fu_213_p_din1</name>
<Object>mm_Pipeline_VITIS_LOOP_84_7_VITIS_LOOP_86_8</Object>
<Type>return value</Type>
<Scope></Scope>
<IOProtocol>ap_ctrl_hs</IOProtocol>
<IOConfig></IOConfig>
<Dir>out</Dir>
<Bits>32</Bits>
<Attribute>data</Attribute>
</RtlPorts>
<RtlPorts>
<name>grp_fu_213_p_dout0</name>
<Object>mm_Pipeline_VITIS_LOOP_84_7_VITIS_LOOP_86_8</Object>
<Type>return value</Type>
<Scope></Scope>
<IOProtocol>ap_ctrl_hs</IOProtocol>
<IOConfig></IOConfig>
<Dir>in</Dir>
<Bits>32</Bits>
<Attribute>data</Attribute>
</RtlPorts>
<RtlPorts>
<name>grp_fu_213_p_ce</name>
<Object>mm_Pipeline_VITIS_LOOP_84_7_VITIS_LOOP_86_8</Object>
<Type>return value</Type>
<Scope></Scope>
<IOProtocol>ap_ctrl_hs</IOProtocol>
<IOConfig></IOConfig>
<Dir>out</Dir>
<Bits>1</Bits>
<Attribute>data</Attribute>
</RtlPorts>
<RtlPorts>
<name>D_address0</name>
<Object>D</Object>
<Type>array</Type>
<Scope></Scope>
<IOProtocol>ap_memory</IOProtocol>
<IOConfig></IOConfig>
<Dir>out</Dir>
<Bits>10</Bits>
<Attribute>address</Attribute>
</RtlPorts>
<RtlPorts>
<name>D_ce0</name>
<Object>D</Object>
<Type>array</Type>
<Scope></Scope>
<IOProtocol>ap_memory</IOProtocol>
<IOConfig></IOConfig>
<Dir>out</Dir>
<Bits>1</Bits>
<Attribute>control</Attribute>
</RtlPorts>
<RtlPorts>
<name>D_we0</name>
<Object>D</Object>
<Type>array</Type>
<Scope></Scope>
<IOProtocol>ap_memory</IOProtocol>
<IOConfig></IOConfig>
<Dir>out</Dir>
<Bits>1</Bits>
<Attribute>control</Attribute>
</RtlPorts>
<RtlPorts>
<name>D_d0</name>
<Object>D</Object>
<Type>array</Type>
<Scope></Scope>
<IOProtocol>ap_memory</IOProtocol>
<IOConfig></IOConfig>
<Dir>out</Dir>
<Bits>32</Bits>
<Attribute>data</Attribute>
</RtlPorts>
<RtlPorts>
<name>D_address1</name>
<Object>D</Object>
<Type>array</Type>
<Scope></Scope>
<IOProtocol>ap_memory</IOProtocol>
<IOConfig></IOConfig>
<Dir>out</Dir>
<Bits>10</Bits>
<Attribute>address</Attribute>
</RtlPorts>
<RtlPorts>
<name>D_ce1</name>
<Object>D</Object>
<Type>array</Type>
<Scope></Scope>
<IOProtocol>ap_memory</IOProtocol>
<IOConfig></IOConfig>
<Dir>out</Dir>
<Bits>1</Bits>
<Attribute>control</Attribute>
</RtlPorts>
<RtlPorts>
<name>D_q1</name>
<Object>D</Object>
<Type>array</Type>
<Scope></Scope>
<IOProtocol>ap_memory</IOProtocol>
<IOConfig></IOConfig>
<Dir>in</Dir>
<Bits>32</Bits>
<Attribute>data</Attribute>
</RtlPorts>
<RtlPorts>
<name>sum_1_out</name>
<Object>sum_1_out</Object>
<Type>pointer</Type>
<Scope></Scope>
<IOProtocol>ap_vld</IOProtocol>
<IOConfig></IOConfig>
<Dir>out</Dir>
<Bits>32</Bits>
<Attribute>data</Attribute>
</RtlPorts>
<RtlPorts>
<name>sum_1_out_ap_vld</name>
<Object>sum_1_out</Object>
<Type>pointer</Type>
<Scope></Scope>
<IOProtocol>ap_vld</IOProtocol>
<IOConfig></IOConfig>
<Dir>out</Dir>
<Bits>1</Bits>
<Attribute>control</Attribute>
</RtlPorts>
</InterfaceSummary>
</Module>
<Module>
<Name>mm</Name>
<PerformanceEstimates>
<SummaryOfTimingAnalysis>
<TargetClockPeriod>20.00</TargetClockPeriod>
<ClockUncertainty>5.40</ClockUncertainty>
<EstimatedClockPeriod>14.237</EstimatedClockPeriod>
</SummaryOfTimingAnalysis>
<SummaryOfOverallLatency>
<Best-caseLatency>2132</Best-caseLatency>
<Average-caseLatency>2132</Average-caseLatency>
<Worst-caseLatency>2132</Worst-caseLatency>
<Best-caseRealTimeLatency>42.640 us</Best-caseRealTimeLatency>
<Average-caseRealTimeLatency>42.640 us</Average-caseRealTimeLatency>
<Worst-caseRealTimeLatency>42.640 us</Worst-caseRealTimeLatency>
<PipelineInitiationInterval>2133</PipelineInitiationInterval>
<PipelineType>no</PipelineType>
</SummaryOfOverallLatency>
</PerformanceEstimates>
<AreaEstimates>
<Resources>
<BRAM_18K>1028</BRAM_18K>
<AVAIL_BRAM>1590</AVAIL_BRAM>
<UTIL_BRAM>64</UTIL_BRAM>
<DSP>287</DSP>
<AVAIL_DSP>1260</AVAIL_DSP>
<UTIL_DSP>22</UTIL_DSP>
<FF>19409</FF>
<AVAIL_FF>728400</AVAIL_FF>
<UTIL_FF>2</UTIL_FF>
<LUT>22375</LUT>
<AVAIL_LUT>364200</AVAIL_LUT>
<UTIL_LUT>6</UTIL_LUT>
<URAM>0</URAM>
<AVAIL_URAM>0</AVAIL_URAM>
<UTIL_URAM>0</UTIL_URAM>
</Resources>
</AreaEstimates>
<InterfaceSummary>
<RtlPorts>
<name>ap_clk</name>
<Object>mm</Object>
<Type>return value</Type>
<Scope></Scope>
<IOProtocol>ap_ctrl_hs</IOProtocol>
<IOConfig></IOConfig>
<Dir>in</Dir>
<Bits>1</Bits>
<Attribute>control</Attribute>
</RtlPorts>
<RtlPorts>
<name>ap_rst</name>
<Object>mm</Object>
<Type>return value</Type>
<Scope></Scope>
<IOProtocol>ap_ctrl_hs</IOProtocol>
<IOConfig></IOConfig>
<Dir>in</Dir>
<Bits>1</Bits>
<Attribute>control</Attribute>
</RtlPorts>
<RtlPorts>
<name>ap_start</name>
<Object>mm</Object>
<Type>return value</Type>
<Scope></Scope>
<IOProtocol>ap_ctrl_hs</IOProtocol>
<IOConfig></IOConfig>
<Dir>in</Dir>
<Bits>1</Bits>
<Attribute>control</Attribute>
</RtlPorts>
<RtlPorts>
<name>ap_done</name>
<Object>mm</Object>
<Type>return value</Type>
<Scope></Scope>
<IOProtocol>ap_ctrl_hs</IOProtocol>
<IOConfig></IOConfig>
<Dir>out</Dir>
<Bits>1</Bits>
<Attribute>control</Attribute>
</RtlPorts>
<RtlPorts>
<name>ap_idle</name>
<Object>mm</Object>
<Type>return value</Type>
<Scope></Scope>
<IOProtocol>ap_ctrl_hs</IOProtocol>
<IOConfig></IOConfig>
<Dir>out</Dir>
<Bits>1</Bits>
<Attribute>control</Attribute>
</RtlPorts>
<RtlPorts>
<name>ap_ready</name>
<Object>mm</Object>
<Type>return value</Type>
<Scope></Scope>
<IOProtocol>ap_ctrl_hs</IOProtocol>
<IOConfig></IOConfig>
<Dir>out</Dir>
<Bits>1</Bits>
<Attribute>control</Attribute>
</RtlPorts>
<RtlPorts>
<name>ap_return</name>
<Object>mm</Object>
<Type>return value</Type>
<Scope></Scope>
<IOProtocol>ap_ctrl_hs</IOProtocol>
<IOConfig></IOConfig>
<Dir>out</Dir>
<Bits>32</Bits>
<Attribute>data</Attribute>
</RtlPorts>
<RtlPorts>
<name>gamma</name>
<Object>gamma</Object>
<Type>scalar</Type>
<Scope></Scope>
<IOProtocol>ap_none</IOProtocol>
<IOConfig></IOConfig>
<Dir>in</Dir>
<Bits>32</Bits>
<Attribute>data</Attribute>
<CType>float</CType>
</RtlPorts>
</InterfaceSummary>
</Module>
</ModuleInformation>

<FIFOInformation>
</FIFOInformation>

</profile>
