<stg><name>mm</name>


<trans_list>

<trans id="22" from="1" to="2">
<condition id="-1">
<or_exp><and_exp></and_exp></or_exp>
</condition>
</trans>

<trans id="23" from="2" to="3">
<condition id="-1">
<or_exp><and_exp></and_exp></or_exp>
</condition>
</trans>

<trans id="24" from="3" to="4">
<condition id="-1">
<or_exp><and_exp></and_exp></or_exp>
</condition>
</trans>

<trans id="25" from="4" to="5">
<condition id="-1">
<or_exp><and_exp></and_exp></or_exp>
</condition>
</trans>

<trans id="26" from="5" to="6">
<condition id="-1">
<or_exp><and_exp></and_exp></or_exp>
</condition>
</trans>
</trans_list>



<state_list>

<state id="1" st_id="1">

<operation id="7" st_id="1" stage="1" lat="1">
<core>NULL</core>
<MemPortIdVec></MemPortIdVec>
<condition id="-1">
<or_exp><and_exp></and_exp></or_exp>
</condition>

<Node id="37" bw="32" op_0_bw="64">
<![CDATA[
entry:1 %sum_1_loc = alloca i64 1

]]></Node>
<StgValue><ssdm name="sum_1_loc"/></StgValue>
</operation>

<operation id="8" st_id="1" stage="1" lat="1">
<core>NULL</core>
<MemPortIdVec></MemPortIdVec>
<condition id="-1">
<or_exp><and_exp></and_exp></or_exp>
</condition>

<Node id="42" bw="32" op_0_bw="64">
<![CDATA[
entry:6 %D = alloca i64 1

]]></Node>
<StgValue><ssdm name="D"/></StgValue>
</operation>

<operation id="9" st_id="1" stage="2" lat="2">
<core></core>
<MemPortIdVec></MemPortIdVec>
<condition id="-1">
<or_exp><and_exp></and_exp></or_exp>
</condition>

<Node id="43" bw="0" op_0_bw="0" op_1_bw="32">
<![CDATA[
entry:7 %call_ln0 = call void @mm_Pipeline_VITIS_LOOP_65_5_VITIS_LOOP_66_6, i32 %D

]]></Node>
<StgValue><ssdm name="call_ln0"/></StgValue>
</operation>
</state>

<state id="2" st_id="2">

<operation id="10" st_id="2" stage="1" lat="2">
<core></core>
<MemPortIdVec></MemPortIdVec>
<condition id="-1">
<or_exp><and_exp></and_exp></or_exp>
</condition>

<Node id="43" bw="0" op_0_bw="0" op_1_bw="32">
<![CDATA[
entry:7 %call_ln0 = call void @mm_Pipeline_VITIS_LOOP_65_5_VITIS_LOOP_66_6, i32 %D

]]></Node>
<StgValue><ssdm name="call_ln0"/></StgValue>
</operation>
</state>

<state id="3" st_id="3">

<operation id="11" st_id="3" stage="2" lat="2">
<core></core>
<MemPortIdVec></MemPortIdVec>
<condition id="-1">
<or_exp><and_exp></and_exp></or_exp>
</condition>

<Node id="44" bw="0" op_0_bw="0" op_1_bw="32" op_2_bw="32" op_3_bw="32" op_4_bw="32" op_5_bw="32" op_6_bw="32" op_7_bw="32" op_8_bw="32" op_9_bw="32" op_10_bw="32" op_11_bw="32" op_12_bw="32" op_13_bw="32" op_14_bw="32" op_15_bw="32" op_16_bw="32" op_17_bw="32" op_18_bw="32" op_19_bw="32" op_20_bw="32" op_21_bw="32" op_22_bw="32" op_23_bw="32" op_24_bw="32" op_25_bw="32" op_26_bw="32" op_27_bw="32" op_28_bw="32" op_29_bw="32" op_30_bw="32" op_31_bw="32" op_32_bw="32" op_33_bw="32" op_34_bw="32" op_35_bw="32" op_36_bw="32" op_37_bw="0" op_38_bw="0">
<![CDATA[
entry:8 %call_ln0 = call void @mm_Pipeline_VITIS_LOOP_84_7_VITIS_LOOP_86_8, i32 %D, i32 %sum_1_loc, i32 %A, i32 %B_0, i32 %B_1, i32 %B_2, i32 %B_3, i32 %B_4, i32 %B_5, i32 %B_6, i32 %B_7, i32 %B_8, i32 %B_9, i32 %B_10, i32 %B_11, i32 %B_12, i32 %B_13, i32 %B_14, i32 %B_15, i32 %B_16, i32 %B_17, i32 %B_18, i32 %B_19, i32 %B_20, i32 %B_21, i32 %B_22, i32 %B_23, i32 %B_24, i32 %B_25, i32 %B_26, i32 %B_27, i32 %B_28, i32 %B_29, i32 %B_30, i32 %B_32, i32 %B_31

]]></Node>
<StgValue><ssdm name="call_ln0"/></StgValue>
</operation>
</state>

<state id="4" st_id="4">

<operation id="12" st_id="4" stage="1" lat="2">
<core></core>
<MemPortIdVec></MemPortIdVec>
<condition id="-1">
<or_exp><and_exp></and_exp></or_exp>
</condition>

<Node id="44" bw="0" op_0_bw="0" op_1_bw="32" op_2_bw="32" op_3_bw="32" op_4_bw="32" op_5_bw="32" op_6_bw="32" op_7_bw="32" op_8_bw="32" op_9_bw="32" op_10_bw="32" op_11_bw="32" op_12_bw="32" op_13_bw="32" op_14_bw="32" op_15_bw="32" op_16_bw="32" op_17_bw="32" op_18_bw="32" op_19_bw="32" op_20_bw="32" op_21_bw="32" op_22_bw="32" op_23_bw="32" op_24_bw="32" op_25_bw="32" op_26_bw="32" op_27_bw="32" op_28_bw="32" op_29_bw="32" op_30_bw="32" op_31_bw="32" op_32_bw="32" op_33_bw="32" op_34_bw="32" op_35_bw="32" op_36_bw="32" op_37_bw="0" op_38_bw="0">
<![CDATA[
entry:8 %call_ln0 = call void @mm_Pipeline_VITIS_LOOP_84_7_VITIS_LOOP_86_8, i32 %D, i32 %sum_1_loc, i32 %A, i32 %B_0, i32 %B_1, i32 %B_2, i32 %B_3, i32 %B_4, i32 %B_5, i32 %B_6, i32 %B_7, i32 %B_8, i32 %B_9, i32 %B_10, i32 %B_11, i32 %B_12, i32 %B_13, i32 %B_14, i32 %B_15, i32 %B_16, i32 %B_17, i32 %B_18, i32 %B_19, i32 %B_20, i32 %B_21, i32 %B_22, i32 %B_23, i32 %B_24, i32 %B_25, i32 %B_26, i32 %B_27, i32 %B_28, i32 %B_29, i32 %B_30, i32 %B_32, i32 %B_31

]]></Node>
<StgValue><ssdm name="call_ln0"/></StgValue>
</operation>
</state>

<state id="5" st_id="5">

<operation id="13" st_id="5" stage="1" lat="1">
<core>NULL</core>
<MemPortIdVec></MemPortIdVec>
<condition id="-1">
<or_exp><and_exp></and_exp></or_exp>
</condition>

<Node id="36" bw="32" op_0_bw="32" op_1_bw="32">
<![CDATA[
entry:0 %gamma_read = read i32 @_ssdm_op_Read.ap_auto.float, i32 %gamma

]]></Node>
<StgValue><ssdm name="gamma_read"/></StgValue>
</operation>

<operation id="14" st_id="5" stage="1" lat="1">
<core>NULL</core>
<MemPortIdVec></MemPortIdVec>
<condition id="-1">
<or_exp><and_exp></and_exp></or_exp>
</condition>

<Node id="45" bw="32" op_0_bw="32" op_1_bw="0">
<![CDATA[
entry:9 %sum_1_loc_load = load i32 %sum_1_loc

]]></Node>
<StgValue><ssdm name="sum_1_loc_load"/></StgValue>
</operation>

<operation id="15" st_id="5" stage="2" lat="2">
<core>FMul_maxdsp</core>
<MemPortIdVec></MemPortIdVec>
<condition id="-1">
<or_exp><and_exp></and_exp></or_exp>
</condition>

<Node id="46" bw="32" op_0_bw="32" op_1_bw="32">
<![CDATA[
entry:10 %mul = fmul i32 %sum_1_loc_load, i32 %gamma_read

]]></Node>
<StgValue><ssdm name="mul"/></StgValue>
</operation>
</state>

<state id="6" st_id="6">

<operation id="16" st_id="6" stage="1" lat="1">
<core>NULL</core>
<MemPortIdVec></MemPortIdVec>
<condition id="-1">
<or_exp><and_exp></and_exp></or_exp>
</condition>

<Node id="38" bw="0" op_0_bw="0" op_1_bw="32">
<![CDATA[
entry:2 %specbitsmap_ln0 = specbitsmap void @_ssdm_op_SpecBitsMap, i32 0

]]></Node>
<StgValue><ssdm name="specbitsmap_ln0"/></StgValue>
</operation>

<operation id="17" st_id="6" stage="1" lat="1">
<core>NULL</core>
<MemPortIdVec></MemPortIdVec>
<condition id="-1">
<or_exp><and_exp></and_exp></or_exp>
</condition>

<Node id="39" bw="0" op_0_bw="0" op_1_bw="0">
<![CDATA[
entry:3 %spectopmodule_ln42 = spectopmodule void @_ssdm_op_SpecTopModule, void @empty_1

]]></Node>
<StgValue><ssdm name="spectopmodule_ln42"/></StgValue>
</operation>

<operation id="18" st_id="6" stage="1" lat="1">
<core>NULL</core>
<MemPortIdVec></MemPortIdVec>
<condition id="-1">
<or_exp><and_exp></and_exp></or_exp>
</condition>

<Node id="40" bw="0" op_0_bw="0" op_1_bw="32">
<![CDATA[
entry:4 %specbitsmap_ln0 = specbitsmap void @_ssdm_op_SpecBitsMap, i32 %gamma

]]></Node>
<StgValue><ssdm name="specbitsmap_ln0"/></StgValue>
</operation>

<operation id="19" st_id="6" stage="1" lat="1">
<core>NULL</core>
<MemPortIdVec></MemPortIdVec>
<condition id="-1">
<or_exp><and_exp></and_exp></or_exp>
</condition>

<Node id="41" bw="0" op_0_bw="0" op_1_bw="32" op_2_bw="0" op_3_bw="32" op_4_bw="32" op_5_bw="0" op_6_bw="32" op_7_bw="32" op_8_bw="0" op_9_bw="0" op_10_bw="0" op_11_bw="32" op_12_bw="32" op_13_bw="32" op_14_bw="32" op_15_bw="0" op_16_bw="0" op_17_bw="32" op_18_bw="32">
<![CDATA[
entry:5 %specinterface_ln0 = specinterface void @_ssdm_op_SpecInterface, i32 %gamma, void @empty, i32 0, i32 0, void @empty_0, i32 0, i32 0, void @empty_0, void @empty_0, void @empty_0, i32 0, i32 0, i32 0, i32 0, void @empty_0, void @empty_0, i32 4294967295, i32 0

]]></Node>
<StgValue><ssdm name="specinterface_ln0"/></StgValue>
</operation>

<operation id="20" st_id="6" stage="1" lat="2">
<core>FMul_maxdsp</core>
<MemPortIdVec></MemPortIdVec>
<condition id="-1">
<or_exp><and_exp></and_exp></or_exp>
</condition>

<Node id="46" bw="32" op_0_bw="32" op_1_bw="32">
<![CDATA[
entry:10 %mul = fmul i32 %sum_1_loc_load, i32 %gamma_read

]]></Node>
<StgValue><ssdm name="mul"/></StgValue>
</operation>

<operation id="21" st_id="6" stage="1" lat="1">
<core>NULL</core>
<MemPortIdVec></MemPortIdVec>
<condition id="-1">
<or_exp><and_exp></and_exp></or_exp>
</condition>

<Node id="47" bw="0" op_0_bw="32">
<![CDATA[
entry:11 %ret_ln104 = ret i32 %mul

]]></Node>
<StgValue><ssdm name="ret_ln104"/></StgValue>
</operation>
</state>
</state_list>


<ports>
</ports>


<dataflows>
</dataflows>


</stg>
