<profile>

<section name = "Vitis HLS Report for 'mm'" level="0">
<item name = "Date">Sun Jan 14 19:48:36 2024
</item>
<item name = "Version">2022.2 (Build 3670227 on Oct 13 2022)</item>
<item name = "Project">proj_gemm_no_taffo</item>
<item name = "Solution">solution1 (Vivado IP Flow Target)</item>
<item name = "Product family">virtex7</item>
<item name = "Target device">xc7v585t-ffg1761-2</item>
</section>

<section name = "Performance Estimates" level="0">
<item name = "Timing">
<section name = "" level="1">
<item name = "Summary"><table name="" hasTotal="0">
<keys size="4">Clock, Target, Estimated, Uncertainty</keys>
<column name="ap_clk">20.00 ns, 14.237 ns, 5.40 ns</column>
</table>
</item>
</section>
</item>
<item name = "Latency">
<section name = "" level="1">
<item name = "Summary"><table name="" hasTotal="0">
<keys size="8">, min, max, min, max, min, max, Type</keys>
<column name="">2132, 2132, 42.640 us, 42.640 us, 2133, 2133, no</column>
</table>
</item>
<item name = "Detail">
<section name = "" level="1">
<item name = "Instance"><table name="" hasTotal="0">
<keys size="9">Instance, Module, min, max, min, max, min, max, Type</keys>
<column name="grp_mm_Pipeline_VITIS_LOOP_65_5_VITIS_LOOP_66_6_fu_110">mm_Pipeline_VITIS_LOOP_65_5_VITIS_LOOP_66_6, 1030, 1030, 20.600 us, 20.600 us, 1030, 1030, no</column>
<column name="grp_mm_Pipeline_VITIS_LOOP_84_7_VITIS_LOOP_86_8_fu_116">mm_Pipeline_VITIS_LOOP_84_7_VITIS_LOOP_86_8, 1097, 1097, 21.940 us, 21.940 us, 1097, 1097, no</column>
</table>
</item>
<item name = "Loop"><table name="" hasTotal="0">
<keys size="8">Loop Name, min, max, Latency, achieved, target, Count, Pipelined</keys>
</table>
</item>
</section>
</item>
</section>
</item>
</section>

<section name = "Utilization Estimates" level="0">
<item name = "Summary"><table name="" hasTotal="1">
<keys size="6">Name, BRAM_18K, DSP, FF, LUT, URAM</keys>
<column name="DSP">-, -, -, -, -</column>
<column name="Expression">-, -, -, -, -</column>
<column name="FIFO">-, -, -, -, -</column>
<column name="Instance">1026, 287, 19401, 22199, -</column>
<column name="Memory">2, -, 0, 0, 0</column>
<column name="Multiplexer">-, -, -, 176, -</column>
<column name="Register">-, -, 8, -, -</column>
<specialColumn name="Available">1590, 1260, 728400, 364200, 0</specialColumn>
<specialColumn name="Utilization (%)">64, 22, 2, 6, 0</specialColumn>
</table>
</item>
<item name = "Detail">
<section name = "" level="1">
<item name = "Instance"><table name="" hasTotal="1">
<keys size="7">Instance, Module, BRAM_18K, DSP, FF, LUT, URAM</keys>
<column name="fmul_32ns_32ns_32_2_max_dsp_1_U211">fmul_32ns_32ns_32_2_max_dsp_1, 0, 3, 128, 135, 0</column>
<column name="fmul_32ns_32ns_32_2_max_dsp_1_U212">fmul_32ns_32ns_32_2_max_dsp_1, 0, 3, 128, 135, 0</column>
<column name="grp_mm_Pipeline_VITIS_LOOP_65_5_VITIS_LOOP_66_6_fu_110">mm_Pipeline_VITIS_LOOP_65_5_VITIS_LOOP_66_6, 0, 0, 172, 233, 0</column>
<column name="grp_mm_Pipeline_VITIS_LOOP_84_7_VITIS_LOOP_86_8_fu_116">mm_Pipeline_VITIS_LOOP_84_7_VITIS_LOOP_86_8, 1026, 281, 18973, 21696, 0</column>
</table>
</item>
<item name = "DSP"><table name="" hasTotal="0">
<keys size="3">Instance, Module, Expression</keys>
</table>
</item>
<item name = "Memory"><table name="" hasTotal="1">
<keys size="10">Memory, Module, BRAM_18K, FF, LUT, URAM, Words, Bits, Banks, W*Bits*Banks</keys>
<column name="D_U">D_RAM_AUTO_1R1W, 2, 0, 0, 0, 1024, 32, 1, 32768</column>
</table>
</item>
<item name = "FIFO"><table name="" hasTotal="1">
<keys size="8">Name, BRAM_18K, FF, LUT, URAM, Depth, Bits, Size:D*B</keys>
</table>
</item>
<item name = "Expression"><table name="" hasTotal="1">
<keys size="7">Variable Name, Operation, DSP, FF, LUT, Bitwidth P0, Bitwidth P1</keys>
</table>
</item>
<item name = "Multiplexer"><table name="" hasTotal="1">
<keys size="5">Name, LUT, Input Size, Bits, Total Bits</keys>
<column name="D_address0">13, 3, 10, 30</column>
<column name="D_ce0">13, 3, 1, 3</column>
<column name="D_ce1">9, 2, 1, 2</column>
<column name="D_d0">13, 3, 32, 96</column>
<column name="D_we0">13, 3, 1, 3</column>
<column name="ap_NS_fsm">29, 7, 1, 7</column>
<column name="grp_fu_190_ce">13, 3, 1, 3</column>
<column name="grp_fu_190_p0">17, 4, 32, 128</column>
<column name="grp_fu_190_p1">17, 4, 32, 128</column>
<column name="grp_fu_213_ce">13, 3, 1, 3</column>
<column name="grp_fu_213_p0">13, 3, 32, 96</column>
<column name="grp_fu_213_p1">13, 3, 32, 96</column>
</table>
</item>
<item name = "Register"><table name="" hasTotal="1">
<keys size="5">Name, FF, LUT, Bits, Const Bits</keys>
<column name="ap_CS_fsm">6, 0, 6, 0</column>
<column name="grp_mm_Pipeline_VITIS_LOOP_65_5_VITIS_LOOP_66_6_fu_110_ap_start_reg">1, 0, 1, 0</column>
<column name="grp_mm_Pipeline_VITIS_LOOP_84_7_VITIS_LOOP_86_8_fu_116_ap_start_reg">1, 0, 1, 0</column>
</table>
</item>
</section>
</item>
</section>

<section name = "Interface" level="0">
<item name = "Summary"><table name="" hasTotal="0">
<keys size="6">RTL Ports, Dir, Bits, Protocol, Source Object, C Type</keys>
<column name="ap_clk">in, 1, ap_ctrl_hs, mm, return value</column>
<column name="ap_rst">in, 1, ap_ctrl_hs, mm, return value</column>
<column name="ap_start">in, 1, ap_ctrl_hs, mm, return value</column>
<column name="ap_done">out, 1, ap_ctrl_hs, mm, return value</column>
<column name="ap_idle">out, 1, ap_ctrl_hs, mm, return value</column>
<column name="ap_ready">out, 1, ap_ctrl_hs, mm, return value</column>
<column name="ap_return">out, 32, ap_ctrl_hs, mm, return value</column>
<column name="gamma">in, 32, ap_none, gamma, scalar</column>
</table>
</item>
</section>
</profile>
