<profile>

<section name = "Vitis HLS Report for 'mm_Pipeline_VITIS_LOOP_84_7_VITIS_LOOP_86_8'" level="0">
<item name = "Date">Sun Jan 14 19:48:32 2024
</item>
<item name = "Version">2022.2 (Build 3670227 on Oct 13 2022)</item>
<item name = "Project">proj_gemm_no_taffo</item>
<item name = "Solution">solution1 (Vivado IP Flow Target)</item>
<item name = "Product family">virtex7</item>
<item name = "Target device">xc7v585t-ffg1761-2</item>
</section>

<section name = "Performance Estimates" level="0">
<item name = "Timing">
<section name = "" level="1">
<item name = "Summary"><table name="" hasTotal="0">
<keys size="4">Clock, Target, Estimated, Uncertainty</keys>
<column name="ap_clk">20.00 ns, 13.972 ns, 5.40 ns</column>
</table>
</item>
</section>
</item>
<item name = "Latency">
<section name = "" level="1">
<item name = "Summary"><table name="" hasTotal="0">
<keys size="8">, min, max, min, max, min, max, Type</keys>
<column name="">1097, 1097, 21.940 us, 21.940 us, 1097, 1097, no</column>
</table>
</item>
<item name = "Detail">
<section name = "" level="1">
<item name = "Instance"><table name="" hasTotal="0">
<keys size="9">Instance, Module, min, max, min, max, min, max, Type</keys>
</table>
</item>
<item name = "Loop"><table name="" hasTotal="0">
<keys size="8">Loop Name, min, max, Latency, achieved, target, Count, Pipelined</keys>
<column name="- VITIS_LOOP_84_7_VITIS_LOOP_86_8">1095, 1095, 73, 1, 1, 1024, yes</column>
</table>
</item>
</section>
</item>
</section>
</item>
</section>

<section name = "Utilization Estimates" level="0">
<item name = "Summary"><table name="" hasTotal="1">
<keys size="6">Name, BRAM_18K, DSP, FF, LUT, URAM</keys>
<column name="DSP">-, 24, -, -, -</column>
<column name="Expression">-, -, 0, 553, -</column>
<column name="FIFO">-, -, -, -, -</column>
<column name="Instance">-, 257, 14082, 20349, -</column>
<column name="Memory">1026, -, 0, 0, -</column>
<column name="Multiplexer">-, -, -, 90, -</column>
<column name="Register">-, -, 4891, 704, -</column>
<specialColumn name="Available">1590, 1260, 728400, 364200, 0</specialColumn>
<specialColumn name="Utilization (%)">64, 22, 2, 5, 0</specialColumn>
</table>
</item>
<item name = "Detail">
<section name = "" level="1">
<item name = "Instance"><table name="" hasTotal="1">
<keys size="7">Instance, Module, BRAM_18K, DSP, FF, LUT, URAM</keys>
<column name="fadd_32ns_32ns_32_2_full_dsp_1_U8">fadd_32ns_32ns_32_2_full_dsp_1, 0, 2, 177, 194, 0</column>
<column name="fadd_32ns_32ns_32_2_full_dsp_1_U9">fadd_32ns_32ns_32_2_full_dsp_1, 0, 2, 177, 194, 0</column>
<column name="fadd_32ns_32ns_32_2_full_dsp_1_U10">fadd_32ns_32ns_32_2_full_dsp_1, 0, 2, 177, 194, 0</column>
<column name="fadd_32ns_32ns_32_2_full_dsp_1_U11">fadd_32ns_32ns_32_2_full_dsp_1, 0, 2, 177, 194, 0</column>
<column name="fadd_32ns_32ns_32_2_full_dsp_1_U12">fadd_32ns_32ns_32_2_full_dsp_1, 0, 2, 177, 194, 0</column>
<column name="fadd_32ns_32ns_32_2_full_dsp_1_U13">fadd_32ns_32ns_32_2_full_dsp_1, 0, 2, 177, 194, 0</column>
<column name="fadd_32ns_32ns_32_2_full_dsp_1_U14">fadd_32ns_32ns_32_2_full_dsp_1, 0, 2, 177, 194, 0</column>
<column name="fadd_32ns_32ns_32_2_full_dsp_1_U15">fadd_32ns_32ns_32_2_full_dsp_1, 0, 2, 177, 194, 0</column>
<column name="fadd_32ns_32ns_32_2_full_dsp_1_U16">fadd_32ns_32ns_32_2_full_dsp_1, 0, 2, 177, 194, 0</column>
<column name="fadd_32ns_32ns_32_2_full_dsp_1_U17">fadd_32ns_32ns_32_2_full_dsp_1, 0, 2, 177, 194, 0</column>
<column name="fadd_32ns_32ns_32_2_full_dsp_1_U18">fadd_32ns_32ns_32_2_full_dsp_1, 0, 2, 177, 194, 0</column>
<column name="fadd_32ns_32ns_32_2_full_dsp_1_U19">fadd_32ns_32ns_32_2_full_dsp_1, 0, 2, 177, 194, 0</column>
<column name="fadd_32ns_32ns_32_2_full_dsp_1_U20">fadd_32ns_32ns_32_2_full_dsp_1, 0, 2, 177, 194, 0</column>
<column name="fadd_32ns_32ns_32_2_full_dsp_1_U21">fadd_32ns_32ns_32_2_full_dsp_1, 0, 2, 177, 194, 0</column>
<column name="fadd_32ns_32ns_32_2_full_dsp_1_U22">fadd_32ns_32ns_32_2_full_dsp_1, 0, 2, 177, 194, 0</column>
<column name="fadd_32ns_32ns_32_2_full_dsp_1_U23">fadd_32ns_32ns_32_2_full_dsp_1, 0, 2, 177, 194, 0</column>
<column name="fadd_32ns_32ns_32_2_full_dsp_1_U24">fadd_32ns_32ns_32_2_full_dsp_1, 0, 2, 177, 194, 0</column>
<column name="fadd_32ns_32ns_32_2_full_dsp_1_U25">fadd_32ns_32ns_32_2_full_dsp_1, 0, 2, 177, 194, 0</column>
<column name="fadd_32ns_32ns_32_2_full_dsp_1_U26">fadd_32ns_32ns_32_2_full_dsp_1, 0, 2, 177, 194, 0</column>
<column name="fadd_32ns_32ns_32_2_full_dsp_1_U27">fadd_32ns_32ns_32_2_full_dsp_1, 0, 2, 177, 194, 0</column>
<column name="fadd_32ns_32ns_32_2_full_dsp_1_U28">fadd_32ns_32ns_32_2_full_dsp_1, 0, 2, 177, 194, 0</column>
<column name="fadd_32ns_32ns_32_2_full_dsp_1_U29">fadd_32ns_32ns_32_2_full_dsp_1, 0, 2, 177, 194, 0</column>
<column name="fadd_32ns_32ns_32_2_full_dsp_1_U30">fadd_32ns_32ns_32_2_full_dsp_1, 0, 2, 177, 194, 0</column>
<column name="fadd_32ns_32ns_32_2_full_dsp_1_U31">fadd_32ns_32ns_32_2_full_dsp_1, 0, 2, 177, 194, 0</column>
<column name="fadd_32ns_32ns_32_2_full_dsp_1_U32">fadd_32ns_32ns_32_2_full_dsp_1, 0, 2, 177, 194, 0</column>
<column name="fadd_32ns_32ns_32_2_full_dsp_1_U33">fadd_32ns_32ns_32_2_full_dsp_1, 0, 2, 177, 194, 0</column>
<column name="fadd_32ns_32ns_32_2_full_dsp_1_U34">fadd_32ns_32ns_32_2_full_dsp_1, 0, 2, 177, 194, 0</column>
<column name="fadd_32ns_32ns_32_2_full_dsp_1_U35">fadd_32ns_32ns_32_2_full_dsp_1, 0, 2, 177, 194, 0</column>
<column name="fadd_32ns_32ns_32_2_full_dsp_1_U36">fadd_32ns_32ns_32_2_full_dsp_1, 0, 2, 177, 194, 0</column>
<column name="fadd_32ns_32ns_32_2_full_dsp_1_U37">fadd_32ns_32ns_32_2_full_dsp_1, 0, 2, 177, 194, 0</column>
<column name="fadd_32ns_32ns_32_2_full_dsp_1_U38">fadd_32ns_32ns_32_2_full_dsp_1, 0, 2, 177, 194, 0</column>
<column name="fadd_32ns_32ns_32_2_full_dsp_1_U39">fadd_32ns_32ns_32_2_full_dsp_1, 0, 2, 177, 194, 0</column>
<column name="fadd_32ns_32ns_32_2_full_dsp_1_U40">fadd_32ns_32ns_32_2_full_dsp_1, 0, 2, 177, 194, 0</column>
<column name="fadd_32ns_32ns_32_2_full_dsp_1_U41">fadd_32ns_32ns_32_2_full_dsp_1, 0, 2, 177, 194, 0</column>
<column name="fmul_32ns_32ns_32_2_max_dsp_1_U44">fmul_32ns_32ns_32_2_max_dsp_1, 0, 3, 128, 135, 0</column>
<column name="fmul_32ns_32ns_32_2_max_dsp_1_U45">fmul_32ns_32ns_32_2_max_dsp_1, 0, 3, 128, 135, 0</column>
<column name="fmul_32ns_32ns_32_2_max_dsp_1_U46">fmul_32ns_32ns_32_2_max_dsp_1, 0, 3, 128, 135, 0</column>
<column name="fmul_32ns_32ns_32_2_max_dsp_1_U47">fmul_32ns_32ns_32_2_max_dsp_1, 0, 3, 128, 135, 0</column>
<column name="fmul_32ns_32ns_32_2_max_dsp_1_U48">fmul_32ns_32ns_32_2_max_dsp_1, 0, 3, 128, 135, 0</column>
<column name="fmul_32ns_32ns_32_2_max_dsp_1_U49">fmul_32ns_32ns_32_2_max_dsp_1, 0, 3, 128, 135, 0</column>
<column name="fmul_32ns_32ns_32_2_max_dsp_1_U50">fmul_32ns_32ns_32_2_max_dsp_1, 0, 3, 128, 135, 0</column>
<column name="fmul_32ns_32ns_32_2_max_dsp_1_U51">fmul_32ns_32ns_32_2_max_dsp_1, 0, 3, 128, 135, 0</column>
<column name="fmul_32ns_32ns_32_2_max_dsp_1_U52">fmul_32ns_32ns_32_2_max_dsp_1, 0, 3, 128, 135, 0</column>
<column name="fmul_32ns_32ns_32_2_max_dsp_1_U53">fmul_32ns_32ns_32_2_max_dsp_1, 0, 3, 128, 135, 0</column>
<column name="fmul_32ns_32ns_32_2_max_dsp_1_U54">fmul_32ns_32ns_32_2_max_dsp_1, 0, 3, 128, 135, 0</column>
<column name="fmul_32ns_32ns_32_2_max_dsp_1_U55">fmul_32ns_32ns_32_2_max_dsp_1, 0, 3, 128, 135, 0</column>
<column name="fmul_32ns_32ns_32_2_max_dsp_1_U56">fmul_32ns_32ns_32_2_max_dsp_1, 0, 3, 128, 135, 0</column>
<column name="fmul_32ns_32ns_32_2_max_dsp_1_U57">fmul_32ns_32ns_32_2_max_dsp_1, 0, 3, 128, 135, 0</column>
<column name="fmul_32ns_32ns_32_2_max_dsp_1_U58">fmul_32ns_32ns_32_2_max_dsp_1, 0, 3, 128, 135, 0</column>
<column name="fmul_32ns_32ns_32_2_max_dsp_1_U59">fmul_32ns_32ns_32_2_max_dsp_1, 0, 3, 128, 135, 0</column>
<column name="fmul_32ns_32ns_32_2_max_dsp_1_U60">fmul_32ns_32ns_32_2_max_dsp_1, 0, 3, 128, 135, 0</column>
<column name="fmul_32ns_32ns_32_2_max_dsp_1_U61">fmul_32ns_32ns_32_2_max_dsp_1, 0, 3, 128, 135, 0</column>
<column name="fmul_32ns_32ns_32_2_max_dsp_1_U62">fmul_32ns_32ns_32_2_max_dsp_1, 0, 3, 128, 135, 0</column>
<column name="fmul_32ns_32ns_32_2_max_dsp_1_U63">fmul_32ns_32ns_32_2_max_dsp_1, 0, 3, 128, 135, 0</column>
<column name="fmul_32ns_32ns_32_2_max_dsp_1_U64">fmul_32ns_32ns_32_2_max_dsp_1, 0, 3, 128, 135, 0</column>
<column name="fmul_32ns_32ns_32_2_max_dsp_1_U65">fmul_32ns_32ns_32_2_max_dsp_1, 0, 3, 128, 135, 0</column>
<column name="fmul_32ns_32ns_32_2_max_dsp_1_U66">fmul_32ns_32ns_32_2_max_dsp_1, 0, 3, 128, 135, 0</column>
<column name="fmul_32ns_32ns_32_2_max_dsp_1_U67">fmul_32ns_32ns_32_2_max_dsp_1, 0, 3, 128, 135, 0</column>
<column name="fmul_32ns_32ns_32_2_max_dsp_1_U68">fmul_32ns_32ns_32_2_max_dsp_1, 0, 3, 128, 135, 0</column>
<column name="fmul_32ns_32ns_32_2_max_dsp_1_U69">fmul_32ns_32ns_32_2_max_dsp_1, 0, 3, 128, 135, 0</column>
<column name="fmul_32ns_32ns_32_2_max_dsp_1_U70">fmul_32ns_32ns_32_2_max_dsp_1, 0, 3, 128, 135, 0</column>
<column name="fmul_32ns_32ns_32_2_max_dsp_1_U71">fmul_32ns_32ns_32_2_max_dsp_1, 0, 3, 128, 135, 0</column>
<column name="fmul_32ns_32ns_32_2_max_dsp_1_U72">fmul_32ns_32ns_32_2_max_dsp_1, 0, 3, 128, 135, 0</column>
<column name="fmul_32ns_32ns_32_2_max_dsp_1_U73">fmul_32ns_32ns_32_2_max_dsp_1, 0, 3, 128, 135, 0</column>
<column name="fmul_32ns_32ns_32_2_max_dsp_1_U74">fmul_32ns_32ns_32_2_max_dsp_1, 0, 3, 128, 135, 0</column>
<column name="fmul_32ns_32ns_32_2_max_dsp_1_U75">fmul_32ns_32ns_32_2_max_dsp_1, 0, 3, 128, 135, 0</column>
<column name="fmul_32ns_32ns_32_2_max_dsp_1_U76">fmul_32ns_32ns_32_2_max_dsp_1, 0, 3, 128, 135, 0</column>
<column name="fmul_32ns_32ns_32_2_max_dsp_1_U77">fmul_32ns_32ns_32_2_max_dsp_1, 0, 3, 128, 135, 0</column>
<column name="fmul_32ns_32ns_32_2_max_dsp_1_U78">fmul_32ns_32ns_32_2_max_dsp_1, 0, 3, 128, 135, 0</column>
<column name="fmul_32ns_32ns_32_2_max_dsp_1_U79">fmul_32ns_32ns_32_2_max_dsp_1, 0, 3, 128, 135, 0</column>
<column name="fmul_32ns_32ns_32_2_max_dsp_1_U80">fmul_32ns_32ns_32_2_max_dsp_1, 0, 3, 128, 135, 0</column>
<column name="fmul_32ns_32ns_32_2_max_dsp_1_U81">fmul_32ns_32ns_32_2_max_dsp_1, 0, 3, 128, 135, 0</column>
<column name="fmul_32ns_32ns_32_2_max_dsp_1_U82">fmul_32ns_32ns_32_2_max_dsp_1, 0, 3, 128, 135, 0</column>
<column name="fmul_32ns_32ns_32_2_max_dsp_1_U83">fmul_32ns_32ns_32_2_max_dsp_1, 0, 3, 128, 135, 0</column>
<column name="fmul_32ns_32ns_32_2_max_dsp_1_U84">fmul_32ns_32ns_32_2_max_dsp_1, 0, 3, 128, 135, 0</column>
<column name="fmul_32ns_32ns_32_2_max_dsp_1_U85">fmul_32ns_32ns_32_2_max_dsp_1, 0, 3, 128, 135, 0</column>
<column name="fmul_32ns_32ns_32_2_max_dsp_1_U86">fmul_32ns_32ns_32_2_max_dsp_1, 0, 3, 128, 135, 0</column>
<column name="fmul_32ns_32ns_32_2_max_dsp_1_U87">fmul_32ns_32ns_32_2_max_dsp_1, 0, 3, 128, 135, 0</column>
<column name="fmul_32ns_32ns_32_2_max_dsp_1_U88">fmul_32ns_32ns_32_2_max_dsp_1, 0, 3, 128, 135, 0</column>
<column name="fmul_32ns_32ns_32_2_max_dsp_1_U89">fmul_32ns_32ns_32_2_max_dsp_1, 0, 3, 128, 135, 0</column>
<column name="fmul_32ns_32ns_32_2_max_dsp_1_U90">fmul_32ns_32ns_32_2_max_dsp_1, 0, 3, 128, 135, 0</column>
<column name="fmul_32ns_32ns_32_2_max_dsp_1_U91">fmul_32ns_32ns_32_2_max_dsp_1, 0, 3, 128, 135, 0</column>
<column name="fmul_32ns_32ns_32_2_max_dsp_1_U92">fmul_32ns_32ns_32_2_max_dsp_1, 0, 3, 128, 135, 0</column>
<column name="fmul_32ns_32ns_32_2_max_dsp_1_U93">fmul_32ns_32ns_32_2_max_dsp_1, 0, 3, 128, 135, 0</column>
<column name="fmul_32ns_32ns_32_2_max_dsp_1_U94">fmul_32ns_32ns_32_2_max_dsp_1, 0, 3, 128, 135, 0</column>
<column name="fmul_32ns_32ns_32_2_max_dsp_1_U95">fmul_32ns_32ns_32_2_max_dsp_1, 0, 3, 128, 135, 0</column>
<column name="fmul_32ns_32ns_32_2_max_dsp_1_U96">fmul_32ns_32ns_32_2_max_dsp_1, 0, 3, 128, 135, 0</column>
<column name="fmul_32ns_32ns_32_2_max_dsp_1_U97">fmul_32ns_32ns_32_2_max_dsp_1, 0, 3, 128, 135, 0</column>
<column name="fmul_32ns_32ns_32_2_max_dsp_1_U98">fmul_32ns_32ns_32_2_max_dsp_1, 0, 3, 128, 135, 0</column>
<column name="fmul_32ns_32ns_32_2_max_dsp_1_U99">fmul_32ns_32ns_32_2_max_dsp_1, 0, 3, 128, 135, 0</column>
<column name="fmul_32ns_32ns_32_2_max_dsp_1_U100">fmul_32ns_32ns_32_2_max_dsp_1, 0, 3, 128, 135, 0</column>
<column name="fmul_32ns_32ns_32_2_max_dsp_1_U101">fmul_32ns_32ns_32_2_max_dsp_1, 0, 3, 128, 135, 0</column>
<column name="fmul_32ns_32ns_32_2_max_dsp_1_U102">fmul_32ns_32ns_32_2_max_dsp_1, 0, 3, 128, 135, 0</column>
<column name="fmul_32ns_32ns_32_2_max_dsp_1_U103">fmul_32ns_32ns_32_2_max_dsp_1, 0, 3, 128, 135, 0</column>
<column name="fmul_32ns_32ns_32_2_max_dsp_1_U104">fmul_32ns_32ns_32_2_max_dsp_1, 0, 3, 128, 135, 0</column>
<column name="fmul_32ns_32ns_32_2_max_dsp_1_U105">fmul_32ns_32ns_32_2_max_dsp_1, 0, 3, 128, 135, 0</column>
<column name="fmul_32ns_32ns_32_2_max_dsp_1_U106">fmul_32ns_32ns_32_2_max_dsp_1, 0, 3, 128, 135, 0</column>
<column name="mul_7ns_9ns_15_1_1_U109">mul_7ns_9ns_15_1_1, 0, 0, 0, 50, 0</column>
<column name="mul_7ns_9ns_15_1_1_U111">mul_7ns_9ns_15_1_1, 0, 0, 0, 50, 0</column>
<column name="mul_8ns_10ns_17_1_1_U113">mul_8ns_10ns_17_1_1, 0, 0, 0, 63, 0</column>
<column name="mul_8ns_10ns_17_1_1_U115">mul_8ns_10ns_17_1_1, 0, 0, 0, 63, 0</column>
<column name="mul_8ns_10ns_17_1_1_U117">mul_8ns_10ns_17_1_1, 0, 0, 0, 63, 0</column>
<column name="mul_8ns_10ns_17_1_1_U119">mul_8ns_10ns_17_1_1, 0, 0, 0, 63, 0</column>
<column name="mux_325_32_1_1_U107">mux_325_32_1_1, 0, 0, 0, 153, 0</column>
<column name="mux_325_32_1_1_U108">mux_325_32_1_1, 0, 0, 0, 153, 0</column>
<column name="mux_325_32_1_1_U110">mux_325_32_1_1, 0, 0, 0, 153, 0</column>
<column name="mux_325_32_1_1_U112">mux_325_32_1_1, 0, 0, 0, 153, 0</column>
<column name="mux_325_32_1_1_U114">mux_325_32_1_1, 0, 0, 0, 153, 0</column>
<column name="mux_325_32_1_1_U116">mux_325_32_1_1, 0, 0, 0, 153, 0</column>
<column name="mux_325_32_1_1_U118">mux_325_32_1_1, 0, 0, 0, 153, 0</column>
<column name="mux_325_32_1_1_U120">mux_325_32_1_1, 0, 0, 0, 153, 0</column>
<column name="mux_325_32_1_1_U121">mux_325_32_1_1, 0, 0, 0, 153, 0</column>
<column name="mux_325_32_1_1_U122">mux_325_32_1_1, 0, 0, 0, 153, 0</column>
<column name="mux_325_32_1_1_U123">mux_325_32_1_1, 0, 0, 0, 153, 0</column>
<column name="mux_325_32_1_1_U124">mux_325_32_1_1, 0, 0, 0, 153, 0</column>
<column name="mux_325_32_1_1_U125">mux_325_32_1_1, 0, 0, 0, 153, 0</column>
<column name="mux_325_32_1_1_U126">mux_325_32_1_1, 0, 0, 0, 153, 0</column>
<column name="mux_325_32_1_1_U127">mux_325_32_1_1, 0, 0, 0, 153, 0</column>
<column name="mux_325_32_1_1_U128">mux_325_32_1_1, 0, 0, 0, 153, 0</column>
<column name="mux_325_32_1_1_U129">mux_325_32_1_1, 0, 0, 0, 153, 0</column>
<column name="mux_325_32_1_1_U130">mux_325_32_1_1, 0, 0, 0, 153, 0</column>
<column name="mux_325_32_1_1_U131">mux_325_32_1_1, 0, 0, 0, 153, 0</column>
<column name="mux_325_32_1_1_U132">mux_325_32_1_1, 0, 0, 0, 153, 0</column>
<column name="mux_325_32_1_1_U133">mux_325_32_1_1, 0, 0, 0, 153, 0</column>
<column name="mux_325_32_1_1_U134">mux_325_32_1_1, 0, 0, 0, 153, 0</column>
<column name="mux_325_32_1_1_U135">mux_325_32_1_1, 0, 0, 0, 153, 0</column>
<column name="mux_325_32_1_1_U136">mux_325_32_1_1, 0, 0, 0, 153, 0</column>
<column name="mux_325_32_1_1_U137">mux_325_32_1_1, 0, 0, 0, 153, 0</column>
<column name="mux_325_32_1_1_U138">mux_325_32_1_1, 0, 0, 0, 153, 0</column>
<column name="mux_325_32_1_1_U139">mux_325_32_1_1, 0, 0, 0, 153, 0</column>
<column name="mux_325_32_1_1_U140">mux_325_32_1_1, 0, 0, 0, 153, 0</column>
<column name="mux_325_32_1_1_U141">mux_325_32_1_1, 0, 0, 0, 153, 0</column>
<column name="mux_325_32_1_1_U142">mux_325_32_1_1, 0, 0, 0, 153, 0</column>
<column name="mux_325_32_1_1_U143">mux_325_32_1_1, 0, 0, 0, 153, 0</column>
<column name="mux_325_32_1_1_U144">mux_325_32_1_1, 0, 0, 0, 153, 0</column>
</table>
</item>
<item name = "DSP"><table name="" hasTotal="0">
<keys size="3">Instance, Module, Expression</keys>
<column name="mul_mul_10ns_11ns_21_4_1_U146">mul_mul_10ns_11ns_21_4_1, i0 * i1</column>
<column name="mul_mul_10ns_11ns_21_4_1_U148">mul_mul_10ns_11ns_21_4_1, i0 * i1</column>
<column name="mul_mul_10ns_11ns_21_4_1_U150">mul_mul_10ns_11ns_21_4_1, i0 * i1</column>
<column name="mul_mul_10ns_11ns_21_4_1_U152">mul_mul_10ns_11ns_21_4_1, i0 * i1</column>
<column name="mul_mul_10ns_11ns_21_4_1_U154">mul_mul_10ns_11ns_21_4_1, i0 * i1</column>
<column name="mul_mul_10ns_11ns_21_4_1_U156">mul_mul_10ns_11ns_21_4_1, i0 * i1</column>
<column name="mul_mul_10ns_11ns_21_4_1_U158">mul_mul_10ns_11ns_21_4_1, i0 * i1</column>
<column name="mul_mul_10ns_11ns_21_4_1_U160">mul_mul_10ns_11ns_21_4_1, i0 * i1</column>
<column name="mul_mul_10ns_11ns_21_4_1_U161">mul_mul_10ns_11ns_21_4_1, i0 * i1</column>
<column name="mul_mul_10ns_11ns_21_4_1_U162">mul_mul_10ns_11ns_21_4_1, i0 * i1</column>
<column name="mul_mul_10ns_11ns_21_4_1_U163">mul_mul_10ns_11ns_21_4_1, i0 * i1</column>
<column name="mul_mul_10ns_11ns_21_4_1_U164">mul_mul_10ns_11ns_21_4_1, i0 * i1</column>
<column name="mul_mul_10ns_11ns_21_4_1_U165">mul_mul_10ns_11ns_21_4_1, i0 * i1</column>
<column name="mul_mul_10ns_11ns_21_4_1_U166">mul_mul_10ns_11ns_21_4_1, i0 * i1</column>
<column name="mul_mul_10ns_11ns_21_4_1_U167">mul_mul_10ns_11ns_21_4_1, i0 * i1</column>
<column name="mul_mul_10ns_11ns_21_4_1_U168">mul_mul_10ns_11ns_21_4_1, i0 * i1</column>
<column name="mul_mul_9ns_10ns_19_4_1_U145">mul_mul_9ns_10ns_19_4_1, i0 * i1</column>
<column name="mul_mul_9ns_10ns_19_4_1_U147">mul_mul_9ns_10ns_19_4_1, i0 * i1</column>
<column name="mul_mul_9ns_10ns_19_4_1_U149">mul_mul_9ns_10ns_19_4_1, i0 * i1</column>
<column name="mul_mul_9ns_10ns_19_4_1_U151">mul_mul_9ns_10ns_19_4_1, i0 * i1</column>
<column name="mul_mul_9ns_10ns_19_4_1_U153">mul_mul_9ns_10ns_19_4_1, i0 * i1</column>
<column name="mul_mul_9ns_10ns_19_4_1_U155">mul_mul_9ns_10ns_19_4_1, i0 * i1</column>
<column name="mul_mul_9ns_10ns_19_4_1_U157">mul_mul_9ns_10ns_19_4_1, i0 * i1</column>
<column name="mul_mul_9ns_10ns_19_4_1_U159">mul_mul_9ns_10ns_19_4_1, i0 * i1</column>
</table>
</item>
<item name = "Memory"><table name="" hasTotal="1">
<keys size="10">Memory, Module, BRAM_18K, FF, LUT, URAM, Words, Bits, Banks, W*Bits*Banks</keys>
<column name="A_U">mm_Pipeline_VITIS_LOOP_84_7_VITIS_LOOP_86_8_A_ROM_AUTO_1R, 32, 0, 0, 0, 1024, 32, 1, 32768</column>
<column name="B_0_U">mm_Pipeline_VITIS_LOOP_84_7_VITIS_LOOP_86_8_B_0_ROM_AUTO_1R, 32, 0, 0, 0, 32, 32, 1, 1024</column>
<column name="B_10_U">mm_Pipeline_VITIS_LOOP_84_7_VITIS_LOOP_86_8_B_10_ROM_AUTO_1R, 30, 0, 0, 0, 32, 32, 1, 1024</column>
<column name="B_11_U">mm_Pipeline_VITIS_LOOP_84_7_VITIS_LOOP_86_8_B_11_ROM_AUTO_1R, 30, 0, 0, 0, 32, 32, 1, 1024</column>
<column name="B_12_U">mm_Pipeline_VITIS_LOOP_84_7_VITIS_LOOP_86_8_B_12_ROM_AUTO_1R, 30, 0, 0, 0, 32, 32, 1, 1024</column>
<column name="B_13_U">mm_Pipeline_VITIS_LOOP_84_7_VITIS_LOOP_86_8_B_13_ROM_AUTO_1R, 30, 0, 0, 0, 32, 32, 1, 1024</column>
<column name="B_14_U">mm_Pipeline_VITIS_LOOP_84_7_VITIS_LOOP_86_8_B_14_ROM_AUTO_1R, 30, 0, 0, 0, 32, 32, 1, 1024</column>
<column name="B_15_U">mm_Pipeline_VITIS_LOOP_84_7_VITIS_LOOP_86_8_B_15_ROM_AUTO_1R, 30, 0, 0, 0, 32, 32, 1, 1024</column>
<column name="B_16_U">mm_Pipeline_VITIS_LOOP_84_7_VITIS_LOOP_86_8_B_16_ROM_AUTO_1R, 30, 0, 0, 0, 32, 32, 1, 1024</column>
<column name="B_17_U">mm_Pipeline_VITIS_LOOP_84_7_VITIS_LOOP_86_8_B_17_ROM_AUTO_1R, 30, 0, 0, 0, 32, 32, 1, 1024</column>
<column name="B_18_U">mm_Pipeline_VITIS_LOOP_84_7_VITIS_LOOP_86_8_B_18_ROM_AUTO_1R, 30, 0, 0, 0, 32, 32, 1, 1024</column>
<column name="B_19_U">mm_Pipeline_VITIS_LOOP_84_7_VITIS_LOOP_86_8_B_19_ROM_AUTO_1R, 30, 0, 0, 0, 32, 32, 1, 1024</column>
<column name="B_1_U">mm_Pipeline_VITIS_LOOP_84_7_VITIS_LOOP_86_8_B_1_ROM_AUTO_1R, 30, 0, 0, 0, 32, 32, 1, 1024</column>
<column name="B_20_U">mm_Pipeline_VITIS_LOOP_84_7_VITIS_LOOP_86_8_B_20_ROM_AUTO_1R, 30, 0, 0, 0, 32, 32, 1, 1024</column>
<column name="B_21_U">mm_Pipeline_VITIS_LOOP_84_7_VITIS_LOOP_86_8_B_21_ROM_AUTO_1R, 30, 0, 0, 0, 32, 32, 1, 1024</column>
<column name="B_22_U">mm_Pipeline_VITIS_LOOP_84_7_VITIS_LOOP_86_8_B_22_ROM_AUTO_1R, 30, 0, 0, 0, 32, 32, 1, 1024</column>
<column name="B_23_U">mm_Pipeline_VITIS_LOOP_84_7_VITIS_LOOP_86_8_B_23_ROM_AUTO_1R, 30, 0, 0, 0, 32, 32, 1, 1024</column>
<column name="B_24_U">mm_Pipeline_VITIS_LOOP_84_7_VITIS_LOOP_86_8_B_24_ROM_AUTO_1R, 30, 0, 0, 0, 32, 32, 1, 1024</column>
<column name="B_25_U">mm_Pipeline_VITIS_LOOP_84_7_VITIS_LOOP_86_8_B_25_ROM_AUTO_1R, 30, 0, 0, 0, 32, 32, 1, 1024</column>
<column name="B_26_U">mm_Pipeline_VITIS_LOOP_84_7_VITIS_LOOP_86_8_B_26_ROM_AUTO_1R, 30, 0, 0, 0, 32, 32, 1, 1024</column>
<column name="B_27_U">mm_Pipeline_VITIS_LOOP_84_7_VITIS_LOOP_86_8_B_27_ROM_AUTO_1R, 30, 0, 0, 0, 32, 32, 1, 1024</column>
<column name="B_28_U">mm_Pipeline_VITIS_LOOP_84_7_VITIS_LOOP_86_8_B_28_ROM_AUTO_1R, 30, 0, 0, 0, 32, 32, 1, 1024</column>
<column name="B_29_U">mm_Pipeline_VITIS_LOOP_84_7_VITIS_LOOP_86_8_B_29_ROM_AUTO_1R, 30, 0, 0, 0, 32, 32, 1, 1024</column>
<column name="B_2_U">mm_Pipeline_VITIS_LOOP_84_7_VITIS_LOOP_86_8_B_2_ROM_AUTO_1R, 30, 0, 0, 0, 32, 32, 1, 1024</column>
<column name="B_30_U">mm_Pipeline_VITIS_LOOP_84_7_VITIS_LOOP_86_8_B_30_ROM_AUTO_1R, 30, 0, 0, 0, 32, 32, 1, 1024</column>
<column name="B_31_U">mm_Pipeline_VITIS_LOOP_84_7_VITIS_LOOP_86_8_B_31_ROM_AUTO_1R, 30, 0, 0, 0, 32, 32, 1, 1024</column>
<column name="B_32_U">mm_Pipeline_VITIS_LOOP_84_7_VITIS_LOOP_86_8_B_32_ROM_AUTO_1R, 32, 0, 0, 0, 32, 32, 1, 1024</column>
<column name="B_3_U">mm_Pipeline_VITIS_LOOP_84_7_VITIS_LOOP_86_8_B_3_ROM_AUTO_1R, 30, 0, 0, 0, 32, 32, 1, 1024</column>
<column name="B_4_U">mm_Pipeline_VITIS_LOOP_84_7_VITIS_LOOP_86_8_B_4_ROM_AUTO_1R, 30, 0, 0, 0, 32, 32, 1, 1024</column>
<column name="B_5_U">mm_Pipeline_VITIS_LOOP_84_7_VITIS_LOOP_86_8_B_5_ROM_AUTO_1R, 30, 0, 0, 0, 32, 32, 1, 1024</column>
<column name="B_6_U">mm_Pipeline_VITIS_LOOP_84_7_VITIS_LOOP_86_8_B_6_ROM_AUTO_1R, 30, 0, 0, 0, 32, 32, 1, 1024</column>
<column name="B_7_U">mm_Pipeline_VITIS_LOOP_84_7_VITIS_LOOP_86_8_B_7_ROM_AUTO_1R, 30, 0, 0, 0, 32, 32, 1, 1024</column>
<column name="B_8_U">mm_Pipeline_VITIS_LOOP_84_7_VITIS_LOOP_86_8_B_8_ROM_AUTO_1R, 30, 0, 0, 0, 32, 32, 1, 1024</column>
<column name="B_9_U">mm_Pipeline_VITIS_LOOP_84_7_VITIS_LOOP_86_8_B_9_ROM_AUTO_1R, 30, 0, 0, 0, 32, 32, 1, 1024</column>
</table>
</item>
<item name = "FIFO"><table name="" hasTotal="1">
<keys size="8">Name, BRAM_18K, FF, LUT, URAM, Depth, Bits, Size:D*B</keys>
</table>
</item>
<item name = "Expression"><table name="" hasTotal="1">
<keys size="7">Variable Name, Operation, DSP, FF, LUT, Bitwidth P0, Bitwidth P1</keys>
<column name="add_ln84_1_fu_13139_p2">+, 0, 0, 14, 6, 1</column>
<column name="add_ln84_fu_13116_p2">+, 0, 0, 18, 11, 1</column>
<column name="add_ln86_fu_13197_p2">+, 0, 0, 14, 6, 1</column>
<column name="add_ln89_fu_13182_p2">+, 0, 0, 17, 10, 10</column>
<column name="add_ln92_1_fu_14289_p2">+, 0, 0, 16, 9, 9</column>
<column name="add_ln92_2_fu_14594_p2">+, 0, 0, 16, 9, 9</column>
<column name="add_ln92_3_fu_15482_p2">+, 0, 0, 17, 10, 10</column>
<column name="add_ln92_4_fu_15752_p2">+, 0, 0, 17, 10, 10</column>
<column name="add_ln92_5_fu_16033_p2">+, 0, 0, 17, 10, 10</column>
<column name="add_ln92_6_fu_16042_p2">+, 0, 0, 17, 10, 10</column>
<column name="add_ln92_fu_13857_p2">+, 0, 0, 15, 8, 8</column>
<column name="icmp_ln84_fu_13110_p2">icmp, 0, 0, 12, 11, 12</column>
<column name="icmp_ln86_fu_13125_p2">icmp, 0, 0, 10, 6, 7</column>
<column name="icmp_ln92_fu_13298_p2">icmp, 0, 0, 10, 6, 1</column>
<column name="or_ln84_10_fu_14759_p2">or, 0, 0, 10, 10, 4</column>
<column name="or_ln84_11_fu_14907_p2">or, 0, 0, 10, 10, 4</column>
<column name="or_ln84_12_fu_15055_p2">or, 0, 0, 10, 10, 4</column>
<column name="or_ln84_13_fu_15203_p2">or, 0, 0, 10, 10, 4</column>
<column name="or_ln84_14_fu_15348_p2">or, 0, 0, 10, 10, 4</column>
<column name="or_ln84_15_fu_15491_p2">or, 0, 0, 10, 10, 5</column>
<column name="or_ln84_16_fu_15627_p2">or, 0, 0, 10, 10, 5</column>
<column name="or_ln84_17_fu_15761_p2">or, 0, 0, 10, 10, 5</column>
<column name="or_ln84_18_fu_15908_p2">or, 0, 0, 10, 10, 5</column>
<column name="or_ln84_19_fu_16051_p2">or, 0, 0, 10, 10, 5</column>
<column name="or_ln84_1_fu_13413_p2">or, 0, 0, 10, 10, 2</column>
<column name="or_ln84_20_fu_16185_p2">or, 0, 0, 10, 10, 5</column>
<column name="or_ln84_21_fu_16319_p2">or, 0, 0, 10, 10, 5</column>
<column name="or_ln84_22_fu_16434_p2">or, 0, 0, 10, 10, 5</column>
<column name="or_ln84_23_fu_16549_p2">or, 0, 0, 10, 10, 5</column>
<column name="or_ln84_24_fu_16664_p2">or, 0, 0, 10, 10, 5</column>
<column name="or_ln84_25_fu_16779_p2">or, 0, 0, 10, 10, 5</column>
<column name="or_ln84_26_fu_16894_p2">or, 0, 0, 10, 10, 5</column>
<column name="or_ln84_27_fu_17009_p2">or, 0, 0, 10, 10, 5</column>
<column name="or_ln84_28_fu_17124_p2">or, 0, 0, 10, 10, 5</column>
<column name="or_ln84_29_fu_17239_p2">or, 0, 0, 10, 10, 5</column>
<column name="or_ln84_2_fu_13556_p2">or, 0, 0, 10, 10, 2</column>
<column name="or_ln84_30_fu_17354_p2">or, 0, 0, 10, 10, 5</column>
<column name="or_ln84_3_fu_13701_p2">or, 0, 0, 10, 10, 3</column>
<column name="or_ln84_4_fu_13844_p2">or, 0, 0, 10, 10, 3</column>
<column name="or_ln84_5_fu_13989_p2">or, 0, 0, 10, 10, 3</column>
<column name="or_ln84_6_fu_14147_p2">or, 0, 0, 10, 10, 3</column>
<column name="or_ln84_7_fu_14307_p2">or, 0, 0, 10, 10, 4</column>
<column name="or_ln84_8_fu_14460_p2">or, 0, 0, 10, 10, 4</column>
<column name="or_ln84_9_fu_14611_p2">or, 0, 0, 10, 10, 4</column>
<column name="or_ln84_fu_13288_p2">or, 0, 0, 10, 10, 1</column>
<column name="select_ln84_1_fu_13157_p3">select, 0, 0, 10, 1, 10</column>
<column name="select_ln84_2_fu_13170_p3">select, 0, 0, 6, 1, 6</column>
<column name="select_ln84_fu_13131_p3">select, 0, 0, 6, 1, 1</column>
<column name="select_ln92_fu_13303_p3">select, 0, 0, 2, 1, 1</column>
<column name="ap_enable_pp0">xor, 0, 0, 2, 1, 2</column>
<column name="xor_ln92_fu_13566_p2">xor, 0, 0, 7, 6, 7</column>
</table>
</item>
<item name = "Multiplexer"><table name="" hasTotal="1">
<keys size="5">Name, LUT, Input Size, Bits, Total Bits</keys>
<column name="ap_done_int">9, 2, 1, 2</column>
<column name="ap_enable_reg_pp0_iter1">9, 2, 1, 2</column>
<column name="ap_sig_allocacmp_ii_1">9, 2, 6, 12</column>
<column name="ap_sig_allocacmp_indvar_flatten141_load">9, 2, 11, 22</column>
<column name="ap_sig_allocacmp_jj_load">9, 2, 6, 12</column>
<column name="ap_sig_allocacmp_sum_1_load">9, 2, 32, 64</column>
<column name="ii_fu_256">9, 2, 6, 12</column>
<column name="indvar_flatten141_fu_260">9, 2, 11, 22</column>
<column name="jj_fu_252">9, 2, 6, 12</column>
<column name="sum_1_fu_248">9, 2, 32, 64</column>
</table>
</item>
<item name = "Register"><table name="" hasTotal="1">
<keys size="5">Name, FF, LUT, Bits, Const Bits</keys>
<column name="D_addr_reg_17783">10, 0, 10, 0</column>
<column name="D_load_reg_17799">32, 0, 32, 0</column>
<column name="add1_reg_23915">32, 0, 32, 0</column>
<column name="add84_10_reg_20405">32, 0, 32, 0</column>
<column name="add84_11_reg_20605">32, 0, 32, 0</column>
<column name="add84_12_reg_20805">32, 0, 32, 0</column>
<column name="add84_13_reg_21000">32, 0, 32, 0</column>
<column name="add84_14_reg_21195">32, 0, 32, 0</column>
<column name="add84_15_reg_21395">32, 0, 32, 0</column>
<column name="add84_16_reg_21595">32, 0, 32, 0</column>
<column name="add84_17_reg_21790">32, 0, 32, 0</column>
<column name="add84_18_reg_21985">32, 0, 32, 0</column>
<column name="add84_19_reg_22175">32, 0, 32, 0</column>
<column name="add84_1_reg_18378">32, 0, 32, 0</column>
<column name="add84_20_reg_22365">32, 0, 32, 0</column>
<column name="add84_21_reg_22555">32, 0, 32, 0</column>
<column name="add84_22_reg_22745">32, 0, 32, 0</column>
<column name="add84_23_reg_22935">32, 0, 32, 0</column>
<column name="add84_24_reg_23125">32, 0, 32, 0</column>
<column name="add84_25_reg_23315">32, 0, 32, 0</column>
<column name="add84_26_reg_23505">32, 0, 32, 0</column>
<column name="add84_27_reg_23695">32, 0, 32, 0</column>
<column name="add84_28_reg_23880">32, 0, 32, 0</column>
<column name="add84_29_reg_23895">32, 0, 32, 0</column>
<column name="add84_2_reg_18574">32, 0, 32, 0</column>
<column name="add84_3_reg_18770">32, 0, 32, 0</column>
<column name="add84_4_reg_18970">32, 0, 32, 0</column>
<column name="add84_5_reg_19175">32, 0, 32, 0</column>
<column name="add84_6_reg_19380">32, 0, 32, 0</column>
<column name="add84_7_reg_19585">32, 0, 32, 0</column>
<column name="add84_8_reg_19790">32, 0, 32, 0</column>
<column name="add84_9_reg_19995">32, 0, 32, 0</column>
<column name="add84_s_reg_20200">32, 0, 32, 0</column>
<column name="add_ln92_reg_18589">8, 0, 8, 0</column>
<column name="add_reg_18181">32, 0, 32, 0</column>
<column name="ap_CS_fsm">1, 0, 1, 0</column>
<column name="ap_done_reg">1, 0, 1, 0</column>
<column name="ap_enable_reg_pp0_iter1">1, 0, 1, 0</column>
<column name="ap_enable_reg_pp0_iter10">1, 0, 1, 0</column>
<column name="ap_enable_reg_pp0_iter11">1, 0, 1, 0</column>
<column name="ap_enable_reg_pp0_iter12">1, 0, 1, 0</column>
<column name="ap_enable_reg_pp0_iter13">1, 0, 1, 0</column>
<column name="ap_enable_reg_pp0_iter14">1, 0, 1, 0</column>
<column name="ap_enable_reg_pp0_iter15">1, 0, 1, 0</column>
<column name="ap_enable_reg_pp0_iter16">1, 0, 1, 0</column>
<column name="ap_enable_reg_pp0_iter17">1, 0, 1, 0</column>
<column name="ap_enable_reg_pp0_iter18">1, 0, 1, 0</column>
<column name="ap_enable_reg_pp0_iter19">1, 0, 1, 0</column>
<column name="ap_enable_reg_pp0_iter2">1, 0, 1, 0</column>
<column name="ap_enable_reg_pp0_iter20">1, 0, 1, 0</column>
<column name="ap_enable_reg_pp0_iter21">1, 0, 1, 0</column>
<column name="ap_enable_reg_pp0_iter22">1, 0, 1, 0</column>
<column name="ap_enable_reg_pp0_iter23">1, 0, 1, 0</column>
<column name="ap_enable_reg_pp0_iter24">1, 0, 1, 0</column>
<column name="ap_enable_reg_pp0_iter25">1, 0, 1, 0</column>
<column name="ap_enable_reg_pp0_iter26">1, 0, 1, 0</column>
<column name="ap_enable_reg_pp0_iter27">1, 0, 1, 0</column>
<column name="ap_enable_reg_pp0_iter28">1, 0, 1, 0</column>
<column name="ap_enable_reg_pp0_iter29">1, 0, 1, 0</column>
<column name="ap_enable_reg_pp0_iter3">1, 0, 1, 0</column>
<column name="ap_enable_reg_pp0_iter30">1, 0, 1, 0</column>
<column name="ap_enable_reg_pp0_iter31">1, 0, 1, 0</column>
<column name="ap_enable_reg_pp0_iter32">1, 0, 1, 0</column>
<column name="ap_enable_reg_pp0_iter33">1, 0, 1, 0</column>
<column name="ap_enable_reg_pp0_iter34">1, 0, 1, 0</column>
<column name="ap_enable_reg_pp0_iter35">1, 0, 1, 0</column>
<column name="ap_enable_reg_pp0_iter36">1, 0, 1, 0</column>
<column name="ap_enable_reg_pp0_iter37">1, 0, 1, 0</column>
<column name="ap_enable_reg_pp0_iter38">1, 0, 1, 0</column>
<column name="ap_enable_reg_pp0_iter39">1, 0, 1, 0</column>
<column name="ap_enable_reg_pp0_iter4">1, 0, 1, 0</column>
<column name="ap_enable_reg_pp0_iter40">1, 0, 1, 0</column>
<column name="ap_enable_reg_pp0_iter41">1, 0, 1, 0</column>
<column name="ap_enable_reg_pp0_iter42">1, 0, 1, 0</column>
<column name="ap_enable_reg_pp0_iter43">1, 0, 1, 0</column>
<column name="ap_enable_reg_pp0_iter44">1, 0, 1, 0</column>
<column name="ap_enable_reg_pp0_iter45">1, 0, 1, 0</column>
<column name="ap_enable_reg_pp0_iter46">1, 0, 1, 0</column>
<column name="ap_enable_reg_pp0_iter47">1, 0, 1, 0</column>
<column name="ap_enable_reg_pp0_iter48">1, 0, 1, 0</column>
<column name="ap_enable_reg_pp0_iter49">1, 0, 1, 0</column>
<column name="ap_enable_reg_pp0_iter5">1, 0, 1, 0</column>
<column name="ap_enable_reg_pp0_iter50">1, 0, 1, 0</column>
<column name="ap_enable_reg_pp0_iter51">1, 0, 1, 0</column>
<column name="ap_enable_reg_pp0_iter52">1, 0, 1, 0</column>
<column name="ap_enable_reg_pp0_iter53">1, 0, 1, 0</column>
<column name="ap_enable_reg_pp0_iter54">1, 0, 1, 0</column>
<column name="ap_enable_reg_pp0_iter55">1, 0, 1, 0</column>
<column name="ap_enable_reg_pp0_iter56">1, 0, 1, 0</column>
<column name="ap_enable_reg_pp0_iter57">1, 0, 1, 0</column>
<column name="ap_enable_reg_pp0_iter58">1, 0, 1, 0</column>
<column name="ap_enable_reg_pp0_iter59">1, 0, 1, 0</column>
<column name="ap_enable_reg_pp0_iter6">1, 0, 1, 0</column>
<column name="ap_enable_reg_pp0_iter60">1, 0, 1, 0</column>
<column name="ap_enable_reg_pp0_iter61">1, 0, 1, 0</column>
<column name="ap_enable_reg_pp0_iter62">1, 0, 1, 0</column>
<column name="ap_enable_reg_pp0_iter63">1, 0, 1, 0</column>
<column name="ap_enable_reg_pp0_iter64">1, 0, 1, 0</column>
<column name="ap_enable_reg_pp0_iter65">1, 0, 1, 0</column>
<column name="ap_enable_reg_pp0_iter66">1, 0, 1, 0</column>
<column name="ap_enable_reg_pp0_iter67">1, 0, 1, 0</column>
<column name="ap_enable_reg_pp0_iter68">1, 0, 1, 0</column>
<column name="ap_enable_reg_pp0_iter69">1, 0, 1, 0</column>
<column name="ap_enable_reg_pp0_iter7">1, 0, 1, 0</column>
<column name="ap_enable_reg_pp0_iter70">1, 0, 1, 0</column>
<column name="ap_enable_reg_pp0_iter71">1, 0, 1, 0</column>
<column name="ap_enable_reg_pp0_iter72">1, 0, 1, 0</column>
<column name="ap_enable_reg_pp0_iter8">1, 0, 1, 0</column>
<column name="ap_enable_reg_pp0_iter9">1, 0, 1, 0</column>
<column name="ap_loop_exit_ready_pp0_iter10_reg">1, 0, 1, 0</column>
<column name="ap_loop_exit_ready_pp0_iter11_reg">1, 0, 1, 0</column>
<column name="ap_loop_exit_ready_pp0_iter12_reg">1, 0, 1, 0</column>
<column name="ap_loop_exit_ready_pp0_iter13_reg">1, 0, 1, 0</column>
<column name="ap_loop_exit_ready_pp0_iter14_reg">1, 0, 1, 0</column>
<column name="ap_loop_exit_ready_pp0_iter15_reg">1, 0, 1, 0</column>
<column name="ap_loop_exit_ready_pp0_iter16_reg">1, 0, 1, 0</column>
<column name="ap_loop_exit_ready_pp0_iter17_reg">1, 0, 1, 0</column>
<column name="ap_loop_exit_ready_pp0_iter18_reg">1, 0, 1, 0</column>
<column name="ap_loop_exit_ready_pp0_iter19_reg">1, 0, 1, 0</column>
<column name="ap_loop_exit_ready_pp0_iter1_reg">1, 0, 1, 0</column>
<column name="ap_loop_exit_ready_pp0_iter20_reg">1, 0, 1, 0</column>
<column name="ap_loop_exit_ready_pp0_iter21_reg">1, 0, 1, 0</column>
<column name="ap_loop_exit_ready_pp0_iter22_reg">1, 0, 1, 0</column>
<column name="ap_loop_exit_ready_pp0_iter23_reg">1, 0, 1, 0</column>
<column name="ap_loop_exit_ready_pp0_iter24_reg">1, 0, 1, 0</column>
<column name="ap_loop_exit_ready_pp0_iter25_reg">1, 0, 1, 0</column>
<column name="ap_loop_exit_ready_pp0_iter26_reg">1, 0, 1, 0</column>
<column name="ap_loop_exit_ready_pp0_iter27_reg">1, 0, 1, 0</column>
<column name="ap_loop_exit_ready_pp0_iter28_reg">1, 0, 1, 0</column>
<column name="ap_loop_exit_ready_pp0_iter29_reg">1, 0, 1, 0</column>
<column name="ap_loop_exit_ready_pp0_iter2_reg">1, 0, 1, 0</column>
<column name="ap_loop_exit_ready_pp0_iter30_reg">1, 0, 1, 0</column>
<column name="ap_loop_exit_ready_pp0_iter31_reg">1, 0, 1, 0</column>
<column name="ap_loop_exit_ready_pp0_iter32_reg">1, 0, 1, 0</column>
<column name="ap_loop_exit_ready_pp0_iter33_reg">1, 0, 1, 0</column>
<column name="ap_loop_exit_ready_pp0_iter34_reg">1, 0, 1, 0</column>
<column name="ap_loop_exit_ready_pp0_iter35_reg">1, 0, 1, 0</column>
<column name="ap_loop_exit_ready_pp0_iter36_reg">1, 0, 1, 0</column>
<column name="ap_loop_exit_ready_pp0_iter37_reg">1, 0, 1, 0</column>
<column name="ap_loop_exit_ready_pp0_iter38_reg">1, 0, 1, 0</column>
<column name="ap_loop_exit_ready_pp0_iter39_reg">1, 0, 1, 0</column>
<column name="ap_loop_exit_ready_pp0_iter3_reg">1, 0, 1, 0</column>
<column name="ap_loop_exit_ready_pp0_iter40_reg">1, 0, 1, 0</column>
<column name="ap_loop_exit_ready_pp0_iter41_reg">1, 0, 1, 0</column>
<column name="ap_loop_exit_ready_pp0_iter42_reg">1, 0, 1, 0</column>
<column name="ap_loop_exit_ready_pp0_iter43_reg">1, 0, 1, 0</column>
<column name="ap_loop_exit_ready_pp0_iter44_reg">1, 0, 1, 0</column>
<column name="ap_loop_exit_ready_pp0_iter45_reg">1, 0, 1, 0</column>
<column name="ap_loop_exit_ready_pp0_iter46_reg">1, 0, 1, 0</column>
<column name="ap_loop_exit_ready_pp0_iter47_reg">1, 0, 1, 0</column>
<column name="ap_loop_exit_ready_pp0_iter48_reg">1, 0, 1, 0</column>
<column name="ap_loop_exit_ready_pp0_iter49_reg">1, 0, 1, 0</column>
<column name="ap_loop_exit_ready_pp0_iter4_reg">1, 0, 1, 0</column>
<column name="ap_loop_exit_ready_pp0_iter50_reg">1, 0, 1, 0</column>
<column name="ap_loop_exit_ready_pp0_iter51_reg">1, 0, 1, 0</column>
<column name="ap_loop_exit_ready_pp0_iter52_reg">1, 0, 1, 0</column>
<column name="ap_loop_exit_ready_pp0_iter53_reg">1, 0, 1, 0</column>
<column name="ap_loop_exit_ready_pp0_iter54_reg">1, 0, 1, 0</column>
<column name="ap_loop_exit_ready_pp0_iter55_reg">1, 0, 1, 0</column>
<column name="ap_loop_exit_ready_pp0_iter56_reg">1, 0, 1, 0</column>
<column name="ap_loop_exit_ready_pp0_iter57_reg">1, 0, 1, 0</column>
<column name="ap_loop_exit_ready_pp0_iter58_reg">1, 0, 1, 0</column>
<column name="ap_loop_exit_ready_pp0_iter59_reg">1, 0, 1, 0</column>
<column name="ap_loop_exit_ready_pp0_iter5_reg">1, 0, 1, 0</column>
<column name="ap_loop_exit_ready_pp0_iter60_reg">1, 0, 1, 0</column>
<column name="ap_loop_exit_ready_pp0_iter61_reg">1, 0, 1, 0</column>
<column name="ap_loop_exit_ready_pp0_iter62_reg">1, 0, 1, 0</column>
<column name="ap_loop_exit_ready_pp0_iter63_reg">1, 0, 1, 0</column>
<column name="ap_loop_exit_ready_pp0_iter64_reg">1, 0, 1, 0</column>
<column name="ap_loop_exit_ready_pp0_iter65_reg">1, 0, 1, 0</column>
<column name="ap_loop_exit_ready_pp0_iter66_reg">1, 0, 1, 0</column>
<column name="ap_loop_exit_ready_pp0_iter67_reg">1, 0, 1, 0</column>
<column name="ap_loop_exit_ready_pp0_iter68_reg">1, 0, 1, 0</column>
<column name="ap_loop_exit_ready_pp0_iter69_reg">1, 0, 1, 0</column>
<column name="ap_loop_exit_ready_pp0_iter6_reg">1, 0, 1, 0</column>
<column name="ap_loop_exit_ready_pp0_iter70_reg">1, 0, 1, 0</column>
<column name="ap_loop_exit_ready_pp0_iter71_reg">1, 0, 1, 0</column>
<column name="ap_loop_exit_ready_pp0_iter7_reg">1, 0, 1, 0</column>
<column name="ap_loop_exit_ready_pp0_iter8_reg">1, 0, 1, 0</column>
<column name="ap_loop_exit_ready_pp0_iter9_reg">1, 0, 1, 0</column>
<column name="icmp_ln84_reg_17679">1, 0, 1, 0</column>
<column name="ii_fu_256">6, 0, 6, 0</column>
<column name="indvar_flatten141_fu_260">11, 0, 11, 0</column>
<column name="jj_fu_252">6, 0, 6, 0</column>
<column name="mul2_reg_17809">32, 0, 32, 0</column>
<column name="mul4_reg_23910">32, 0, 32, 0</column>
<column name="mul78_10_reg_20005">32, 0, 32, 0</column>
<column name="mul78_11_reg_20210">32, 0, 32, 0</column>
<column name="mul78_12_reg_20415">32, 0, 32, 0</column>
<column name="mul78_13_reg_20615">32, 0, 32, 0</column>
<column name="mul78_14_reg_20815">32, 0, 32, 0</column>
<column name="mul78_15_reg_21010">32, 0, 32, 0</column>
<column name="mul78_16_reg_21205">32, 0, 32, 0</column>
<column name="mul78_17_reg_21405">32, 0, 32, 0</column>
<column name="mul78_18_reg_21605">32, 0, 32, 0</column>
<column name="mul78_19_reg_21800">32, 0, 32, 0</column>
<column name="mul78_1_reg_17994">32, 0, 32, 0</column>
<column name="mul78_20_reg_21995">32, 0, 32, 0</column>
<column name="mul78_21_reg_22185">32, 0, 32, 0</column>
<column name="mul78_22_reg_22375">32, 0, 32, 0</column>
<column name="mul78_23_reg_22565">32, 0, 32, 0</column>
<column name="mul78_24_reg_22755">32, 0, 32, 0</column>
<column name="mul78_25_reg_22945">32, 0, 32, 0</column>
<column name="mul78_26_reg_23135">32, 0, 32, 0</column>
<column name="mul78_27_reg_23325">32, 0, 32, 0</column>
<column name="mul78_28_reg_23515">32, 0, 32, 0</column>
<column name="mul78_29_reg_23705">32, 0, 32, 0</column>
<column name="mul78_2_reg_18191">32, 0, 32, 0</column>
<column name="mul78_30_reg_23890">32, 0, 32, 0</column>
<column name="mul78_3_reg_18388">32, 0, 32, 0</column>
<column name="mul78_4_reg_18584">32, 0, 32, 0</column>
<column name="mul78_5_reg_18780">32, 0, 32, 0</column>
<column name="mul78_6_reg_18980">32, 0, 32, 0</column>
<column name="mul78_7_reg_19185">32, 0, 32, 0</column>
<column name="mul78_8_reg_19390">32, 0, 32, 0</column>
<column name="mul78_9_reg_19595">32, 0, 32, 0</column>
<column name="mul78_s_reg_19800">32, 0, 32, 0</column>
<column name="select_ln84_1_reg_17699">5, 0, 10, 5</column>
<column name="select_ln84_reg_17683">6, 0, 6, 0</column>
<column name="sum_1_fu_248">32, 0, 32, 0</column>
<column name="tmp_31_reg_23905">32, 0, 32, 0</column>
<column name="tmp_53_reg_21770">5, 0, 5, 0</column>
<column name="tmp_54_reg_21965">5, 0, 5, 0</column>
<column name="tmp_55_reg_19350">5, 0, 5, 0</column>
<column name="tmp_56_reg_19555">5, 0, 5, 0</column>
<column name="tmp_57_reg_19760">5, 0, 5, 0</column>
<column name="tmp_58_reg_19965">5, 0, 5, 0</column>
<column name="tmp_59_reg_20170">5, 0, 5, 0</column>
<column name="tmp_60_reg_20375">5, 0, 5, 0</column>
<column name="tmp_61_reg_20580">5, 0, 5, 0</column>
<column name="tmp_62_reg_20780">5, 0, 5, 0</column>
<column name="trunc_ln92_reg_17747">5, 0, 5, 0</column>
<column name="xor_ln92_reg_18196">6, 0, 6, 0</column>
<column name="z_10_reg_20000">32, 0, 32, 0</column>
<column name="z_11_reg_20205">32, 0, 32, 0</column>
<column name="z_12_reg_20410">32, 0, 32, 0</column>
<column name="z_13_reg_20610">32, 0, 32, 0</column>
<column name="z_14_reg_20810">32, 0, 32, 0</column>
<column name="z_15_reg_21005">32, 0, 32, 0</column>
<column name="z_16_reg_21200">32, 0, 32, 0</column>
<column name="z_17_reg_21400">32, 0, 32, 0</column>
<column name="z_18_reg_21600">32, 0, 32, 0</column>
<column name="z_19_reg_21795">32, 0, 32, 0</column>
<column name="z_1_reg_18186">32, 0, 32, 0</column>
<column name="z_20_reg_21990">32, 0, 32, 0</column>
<column name="z_21_reg_22180">32, 0, 32, 0</column>
<column name="z_22_reg_22370">32, 0, 32, 0</column>
<column name="z_23_reg_22560">32, 0, 32, 0</column>
<column name="z_24_reg_22750">32, 0, 32, 0</column>
<column name="z_25_reg_22940">32, 0, 32, 0</column>
<column name="z_26_reg_23130">32, 0, 32, 0</column>
<column name="z_27_reg_23320">32, 0, 32, 0</column>
<column name="z_28_reg_23510">32, 0, 32, 0</column>
<column name="z_29_reg_23700">32, 0, 32, 0</column>
<column name="z_2_reg_18383">32, 0, 32, 0</column>
<column name="z_30_reg_23885">32, 0, 32, 0</column>
<column name="z_31_reg_23900">32, 0, 32, 0</column>
<column name="z_3_reg_18579">32, 0, 32, 0</column>
<column name="z_4_reg_18775">32, 0, 32, 0</column>
<column name="z_5_reg_18975">32, 0, 32, 0</column>
<column name="z_6_reg_19180">32, 0, 32, 0</column>
<column name="z_7_reg_19385">32, 0, 32, 0</column>
<column name="z_8_reg_19590">32, 0, 32, 0</column>
<column name="z_9_reg_19795">32, 0, 32, 0</column>
<column name="z_reg_17989">32, 0, 32, 0</column>
<column name="zext_ln86_2_reg_17739">6, 0, 10, 4</column>
<column name="zext_ln86_reg_19150">6, 0, 9, 3</column>
<column name="zext_ln92_1_cast_reg_17999">6, 0, 7, 1</column>
<column name="zext_ln92_33_cast_reg_18393">6, 0, 8, 2</column>
<column name="D_addr_reg_17783">64, 32, 10, 0</column>
<column name="D_load_reg_17799">64, 32, 32, 0</column>
<column name="add_ln92_reg_18589">64, 32, 8, 0</column>
<column name="icmp_ln84_reg_17679">64, 32, 1, 0</column>
<column name="select_ln84_1_reg_17699">64, 32, 10, 5</column>
<column name="select_ln84_reg_17683">64, 32, 6, 0</column>
<column name="tmp_53_reg_21770">64, 32, 5, 0</column>
<column name="tmp_54_reg_21965">64, 32, 5, 0</column>
<column name="tmp_55_reg_19350">64, 32, 5, 0</column>
<column name="tmp_56_reg_19555">64, 32, 5, 0</column>
<column name="tmp_57_reg_19760">64, 32, 5, 0</column>
<column name="tmp_58_reg_19965">64, 32, 5, 0</column>
<column name="tmp_59_reg_20170">64, 32, 5, 0</column>
<column name="tmp_60_reg_20375">64, 32, 5, 0</column>
<column name="tmp_61_reg_20580">64, 32, 5, 0</column>
<column name="tmp_62_reg_20780">64, 32, 5, 0</column>
<column name="trunc_ln92_reg_17747">64, 32, 5, 0</column>
<column name="xor_ln92_reg_18196">64, 32, 6, 0</column>
<column name="zext_ln86_2_reg_17739">64, 32, 10, 4</column>
<column name="zext_ln86_reg_19150">64, 32, 9, 3</column>
<column name="zext_ln92_1_cast_reg_17999">64, 32, 7, 1</column>
<column name="zext_ln92_33_cast_reg_18393">64, 32, 8, 2</column>
</table>
</item>
</section>
</item>
</section>

<section name = "Interface" level="0">
<item name = "Summary"><table name="" hasTotal="0">
<keys size="6">RTL Ports, Dir, Bits, Protocol, Source Object, C Type</keys>
<column name="ap_clk">in, 1, ap_ctrl_hs, mm_Pipeline_VITIS_LOOP_84_7_VITIS_LOOP_86_8, return value</column>
<column name="ap_rst">in, 1, ap_ctrl_hs, mm_Pipeline_VITIS_LOOP_84_7_VITIS_LOOP_86_8, return value</column>
<column name="ap_start">in, 1, ap_ctrl_hs, mm_Pipeline_VITIS_LOOP_84_7_VITIS_LOOP_86_8, return value</column>
<column name="ap_done">out, 1, ap_ctrl_hs, mm_Pipeline_VITIS_LOOP_84_7_VITIS_LOOP_86_8, return value</column>
<column name="ap_idle">out, 1, ap_ctrl_hs, mm_Pipeline_VITIS_LOOP_84_7_VITIS_LOOP_86_8, return value</column>
<column name="ap_ready">out, 1, ap_ctrl_hs, mm_Pipeline_VITIS_LOOP_84_7_VITIS_LOOP_86_8, return value</column>
<column name="grp_fu_190_p_din0">out, 32, ap_ctrl_hs, mm_Pipeline_VITIS_LOOP_84_7_VITIS_LOOP_86_8, return value</column>
<column name="grp_fu_190_p_din1">out, 32, ap_ctrl_hs, mm_Pipeline_VITIS_LOOP_84_7_VITIS_LOOP_86_8, return value</column>
<column name="grp_fu_190_p_dout0">in, 32, ap_ctrl_hs, mm_Pipeline_VITIS_LOOP_84_7_VITIS_LOOP_86_8, return value</column>
<column name="grp_fu_190_p_ce">out, 1, ap_ctrl_hs, mm_Pipeline_VITIS_LOOP_84_7_VITIS_LOOP_86_8, return value</column>
<column name="grp_fu_213_p_din0">out, 32, ap_ctrl_hs, mm_Pipeline_VITIS_LOOP_84_7_VITIS_LOOP_86_8, return value</column>
<column name="grp_fu_213_p_din1">out, 32, ap_ctrl_hs, mm_Pipeline_VITIS_LOOP_84_7_VITIS_LOOP_86_8, return value</column>
<column name="grp_fu_213_p_dout0">in, 32, ap_ctrl_hs, mm_Pipeline_VITIS_LOOP_84_7_VITIS_LOOP_86_8, return value</column>
<column name="grp_fu_213_p_ce">out, 1, ap_ctrl_hs, mm_Pipeline_VITIS_LOOP_84_7_VITIS_LOOP_86_8, return value</column>
<column name="D_address0">out, 10, ap_memory, D, array</column>
<column name="D_ce0">out, 1, ap_memory, D, array</column>
<column name="D_we0">out, 1, ap_memory, D, array</column>
<column name="D_d0">out, 32, ap_memory, D, array</column>
<column name="D_address1">out, 10, ap_memory, D, array</column>
<column name="D_ce1">out, 1, ap_memory, D, array</column>
<column name="D_q1">in, 32, ap_memory, D, array</column>
<column name="sum_1_out">out, 32, ap_vld, sum_1_out, pointer</column>
<column name="sum_1_out_ap_vld">out, 1, ap_vld, sum_1_out, pointer</column>
</table>
</item>
</section>
</profile>
