<stg><name>mm_Pipeline_VITIS_LOOP_65_5_VITIS_LOOP_66_6</name>


<trans_list>

<trans id="70" from="1" to="2">
<condition id="-1">
<or_exp><and_exp></and_exp></or_exp>
</condition>
</trans>

<trans id="64" from="2" to="3">
<condition id="-1">
<or_exp><and_exp></and_exp></or_exp>
</condition>
</trans>

<trans id="65" from="3" to="4">
<condition id="-1">
<or_exp><and_exp></and_exp></or_exp>
</condition>
</trans>

<trans id="66" from="4" to="5">
<condition id="-1">
<or_exp><and_exp></and_exp></or_exp>
</condition>
</trans>

<trans id="67" from="5" to="6">
<condition id="-1">
<or_exp><and_exp></and_exp></or_exp>
</condition>
</trans>
</trans_list>



<state_list>

<state id="1" st_id="2">

<operation id="9" st_id="1" stage="1" lat="1">
<core>NULL</core>
<MemPortIdVec></MemPortIdVec>
<condition id="-1">
<or_exp><and_exp></and_exp></or_exp>
</condition>

<Node id="2" bw="6" op_0_bw="32">
<![CDATA[
newFuncRoot:0 %j = alloca i32 1

]]></Node>
<StgValue><ssdm name="j"/></StgValue>
</operation>

<operation id="10" st_id="1" stage="1" lat="1">
<core>NULL</core>
<MemPortIdVec></MemPortIdVec>
<condition id="-1">
<or_exp><and_exp></and_exp></or_exp>
</condition>

<Node id="3" bw="6" op_0_bw="32">
<![CDATA[
newFuncRoot:1 %i = alloca i32 1

]]></Node>
<StgValue><ssdm name="i"/></StgValue>
</operation>

<operation id="11" st_id="1" stage="1" lat="1">
<core>NULL</core>
<MemPortIdVec></MemPortIdVec>
<condition id="-1">
<or_exp><and_exp></and_exp></or_exp>
</condition>

<Node id="4" bw="11" op_0_bw="32">
<![CDATA[
newFuncRoot:2 %indvar_flatten = alloca i32 1

]]></Node>
<StgValue><ssdm name="indvar_flatten"/></StgValue>
</operation>

<operation id="12" st_id="1" stage="1" lat="1">
<core>NULL</core>
<MemPortIdVec></MemPortIdVec>
<condition id="-1">
<or_exp><and_exp></and_exp></or_exp>
</condition>

<Node id="5" bw="0" op_0_bw="11" op_1_bw="11">
<![CDATA[
newFuncRoot:3 %store_ln0 = store i11 0, i11 %indvar_flatten

]]></Node>
<StgValue><ssdm name="store_ln0"/></StgValue>
</operation>

<operation id="13" st_id="1" stage="1" lat="1">
<core>NULL</core>
<MemPortIdVec></MemPortIdVec>
<condition id="-1">
<or_exp><and_exp></and_exp></or_exp>
</condition>

<Node id="6" bw="0" op_0_bw="6" op_1_bw="6">
<![CDATA[
newFuncRoot:4 %store_ln0 = store i6 0, i6 %i

]]></Node>
<StgValue><ssdm name="store_ln0"/></StgValue>
</operation>

<operation id="14" st_id="1" stage="1" lat="1">
<core>NULL</core>
<MemPortIdVec></MemPortIdVec>
<condition id="-1">
<or_exp><and_exp></and_exp></or_exp>
</condition>

<Node id="7" bw="0" op_0_bw="6" op_1_bw="6">
<![CDATA[
newFuncRoot:5 %store_ln0 = store i6 0, i6 %j

]]></Node>
<StgValue><ssdm name="store_ln0"/></StgValue>
</operation>

<operation id="15" st_id="1" stage="1" lat="1">
<core>NULL</core>
<MemPortIdVec></MemPortIdVec>
<condition id="-1">
<or_exp><and_exp></and_exp></or_exp>
</condition>

<Node id="8" bw="0" op_0_bw="0">
<![CDATA[
newFuncRoot:6 %br_ln0 = br void %for.inc51

]]></Node>
<StgValue><ssdm name="br_ln0"/></StgValue>
</operation>

<operation id="16" st_id="1" stage="1" lat="1">
<core>NULL</core>
<MemPortIdVec></MemPortIdVec>
<condition id="-1">
<or_exp><and_exp></and_exp></or_exp>
</condition>

<Node id="10" bw="11" op_0_bw="11" op_1_bw="0">
<![CDATA[
for.inc51:0 %indvar_flatten_load = load i11 %indvar_flatten

]]></Node>
<StgValue><ssdm name="indvar_flatten_load"/></StgValue>
</operation>

<operation id="17" st_id="1" stage="1" lat="1">
<core>NULL</core>
<MemPortIdVec></MemPortIdVec>
<condition id="-1">
<or_exp><and_exp></and_exp></or_exp>
</condition>

<Node id="11" bw="0" op_0_bw="0" op_1_bw="32" op_2_bw="32" op_3_bw="32" op_4_bw="32" op_5_bw="0">
<![CDATA[
for.inc51:1 %specpipeline_ln0 = specpipeline void @_ssdm_op_SpecPipeline, i32 4294967295, i32 0, i32 1, i32 0, void @p_str

]]></Node>
<StgValue><ssdm name="specpipeline_ln0"/></StgValue>
</operation>

<operation id="18" st_id="1" stage="1" lat="1">
<core>Cmp</core>
<MemPortIdVec></MemPortIdVec>
<condition id="-1">
<or_exp><and_exp></and_exp></or_exp>
</condition>

<Node id="12" bw="1" op_0_bw="11" op_1_bw="11">
<![CDATA[
for.inc51:2 %icmp_ln65 = icmp_eq  i11 %indvar_flatten_load, i11 1024

]]></Node>
<StgValue><ssdm name="icmp_ln65"/></StgValue>
</operation>

<operation id="19" st_id="1" stage="1" lat="1">
<core>Adder</core>
<MemPortIdVec></MemPortIdVec>
<condition id="-1">
<or_exp><and_exp></and_exp></or_exp>
</condition>

<Node id="13" bw="11" op_0_bw="11" op_1_bw="11">
<![CDATA[
for.inc51:3 %add_ln65 = add i11 %indvar_flatten_load, i11 1

]]></Node>
<StgValue><ssdm name="add_ln65"/></StgValue>
</operation>

<operation id="20" st_id="1" stage="1" lat="1">
<core>NULL</core>
<MemPortIdVec></MemPortIdVec>
<condition id="-1">
<or_exp><and_exp></and_exp></or_exp>
</condition>

<Node id="14" bw="0" op_0_bw="1" op_1_bw="0" op_2_bw="0">
<![CDATA[
for.inc51:4 %br_ln65 = br i1 %icmp_ln65, void %for.inc54, void %for.inc89.preheader.exitStub

]]></Node>
<StgValue><ssdm name="br_ln65"/></StgValue>
</operation>

<operation id="21" st_id="1" stage="1" lat="1">
<core>NULL</core>
<MemPortIdVec></MemPortIdVec>
<condition id="-1">
<or_exp><and_exp><literal name="icmp_ln65" val="0"/>
</and_exp></or_exp>
</condition>

<Node id="16" bw="6" op_0_bw="6" op_1_bw="0">
<![CDATA[
for.inc54:0 %j_load = load i6 %j

]]></Node>
<StgValue><ssdm name="j_load"/></StgValue>
</operation>

<operation id="22" st_id="1" stage="1" lat="1">
<core>NULL</core>
<MemPortIdVec></MemPortIdVec>
<condition id="-1">
<or_exp><and_exp><literal name="icmp_ln65" val="0"/>
</and_exp></or_exp>
</condition>

<Node id="17" bw="6" op_0_bw="6" op_1_bw="0">
<![CDATA[
for.inc54:1 %i_load = load i6 %i

]]></Node>
<StgValue><ssdm name="i_load"/></StgValue>
</operation>

<operation id="23" st_id="1" stage="1" lat="1">
<core>Cmp</core>
<MemPortIdVec></MemPortIdVec>
<condition id="-1">
<or_exp><and_exp><literal name="icmp_ln65" val="0"/>
</and_exp></or_exp>
</condition>

<Node id="20" bw="1" op_0_bw="6" op_1_bw="6">
<![CDATA[
for.inc54:4 %icmp_ln66 = icmp_eq  i6 %j_load, i6 32

]]></Node>
<StgValue><ssdm name="icmp_ln66"/></StgValue>
</operation>

<operation id="24" st_id="1" stage="1" lat="1">
<core>Sel</core>
<MemPortIdVec></MemPortIdVec>
<condition id="-1">
<or_exp><and_exp><literal name="icmp_ln65" val="0"/>
</and_exp></or_exp>
</condition>

<Node id="21" bw="6" op_0_bw="1" op_1_bw="6" op_2_bw="6">
<![CDATA[
for.inc54:5 %select_ln67 = select i1 %icmp_ln66, i6 0, i6 %j_load

]]></Node>
<StgValue><ssdm name="select_ln67"/></StgValue>
</operation>

<operation id="25" st_id="1" stage="1" lat="1">
<core>Adder</core>
<MemPortIdVec></MemPortIdVec>
<condition id="-1">
<or_exp><and_exp><literal name="icmp_ln65" val="0"/>
</and_exp></or_exp>
</condition>

<Node id="22" bw="6" op_0_bw="6" op_1_bw="6">
<![CDATA[
for.inc54:6 %add_ln65_1 = add i6 %i_load, i6 1

]]></Node>
<StgValue><ssdm name="add_ln65_1"/></StgValue>
</operation>

<operation id="26" st_id="1" stage="1" lat="1">
<core>Sel</core>
<MemPortIdVec></MemPortIdVec>
<condition id="-1">
<or_exp><and_exp><literal name="icmp_ln65" val="0"/>
</and_exp></or_exp>
</condition>

<Node id="23" bw="6" op_0_bw="1" op_1_bw="6" op_2_bw="6">
<![CDATA[
for.inc54:7 %select_ln67_1 = select i1 %icmp_ln66, i6 %add_ln65_1, i6 %i_load

]]></Node>
<StgValue><ssdm name="select_ln67_1"/></StgValue>
</operation>

<operation id="27" st_id="1" stage="1" lat="1">
<core>NULL</core>
<MemPortIdVec></MemPortIdVec>
<condition id="-1">
<or_exp><and_exp><literal name="icmp_ln65" val="0"/>
</and_exp></or_exp>
</condition>

<Node id="24" bw="5" op_0_bw="6">
<![CDATA[
for.inc54:8 %trunc_ln67 = trunc i6 %select_ln67_1

]]></Node>
<StgValue><ssdm name="trunc_ln67"/></StgValue>
</operation>

<operation id="28" st_id="1" stage="1" lat="1">
<core>NULL</core>
<MemPortIdVec></MemPortIdVec>
<condition id="-1">
<or_exp><and_exp><literal name="icmp_ln65" val="0"/>
</and_exp></or_exp>
</condition>

<Node id="25" bw="10" op_0_bw="10" op_1_bw="5" op_2_bw="5">
<![CDATA[
for.inc54:9 %p_mid2 = bitconcatenate i10 @_ssdm_op_BitConcatenate.i10.i5.i5, i5 %trunc_ln67, i5 0

]]></Node>
<StgValue><ssdm name="p_mid2"/></StgValue>
</operation>

<operation id="29" st_id="1" stage="1" lat="1">
<core>NULL</core>
<MemPortIdVec></MemPortIdVec>
<condition id="-1">
<or_exp><and_exp><literal name="icmp_ln65" val="0"/>
</and_exp></or_exp>
</condition>

<Node id="27" bw="10" op_0_bw="6">
<![CDATA[
for.inc54:11 %j_cast2 = zext i6 %select_ln67

]]></Node>
<StgValue><ssdm name="j_cast2"/></StgValue>
</operation>

<operation id="30" st_id="1" stage="1" lat="1">
<core>NULL</core>
<MemPortIdVec></MemPortIdVec>
<condition id="-1">
<or_exp><and_exp><literal name="icmp_ln65" val="0"/>
</and_exp></or_exp>
</condition>

<Node id="28" bw="5" op_0_bw="6">
<![CDATA[
for.inc54:12 %empty_17 = trunc i6 %select_ln67

]]></Node>
<StgValue><ssdm name="empty_17"/></StgValue>
</operation>

<operation id="31" st_id="1" stage="1" lat="1">
<core>Adder</core>
<MemPortIdVec></MemPortIdVec>
<condition id="-1">
<or_exp><and_exp><literal name="icmp_ln65" val="0"/>
</and_exp></or_exp>
</condition>

<Node id="30" bw="5" op_0_bw="5" op_1_bw="5">
<![CDATA[
for.inc54:14 %add_ln67 = add i5 %empty_17, i5 2

]]></Node>
<StgValue><ssdm name="add_ln67"/></StgValue>
</operation>

<operation id="32" st_id="1" stage="1" lat="1">
<core>Multiplier</core>
<MemPortIdVec></MemPortIdVec>
<condition id="-1">
<or_exp><and_exp><literal name="icmp_ln65" val="0"/>
</and_exp></or_exp>
</condition>

<Node id="31" bw="5" op_0_bw="5" op_1_bw="5">
<![CDATA[
for.inc54:15 %mul_ln67 = mul i5 %add_ln67, i5 %trunc_ln67

]]></Node>
<StgValue><ssdm name="mul_ln67"/></StgValue>
</operation>

<operation id="33" st_id="1" stage="1" lat="1">
<core>NULL</core>
<MemPortIdVec></MemPortIdVec>
<condition id="-1">
<or_exp><and_exp><literal name="icmp_ln65" val="0"/>
</and_exp></or_exp>
</condition>

<Node id="32" bw="32" op_0_bw="5">
<![CDATA[
for.inc54:16 %zext_ln67 = zext i5 %mul_ln67

]]></Node>
<StgValue><ssdm name="zext_ln67"/></StgValue>
</operation>

<operation id="34" st_id="1" stage="2" lat="2">
<core>Int2Float</core>
<MemPortIdVec></MemPortIdVec>
<condition id="-1">
<or_exp><and_exp><literal name="icmp_ln65" val="0"/>
</and_exp></or_exp>
</condition>

<Node id="33" bw="32" op_0_bw="32">
<![CDATA[
for.inc54:17 %conv = sitofp i32 %zext_ln67

]]></Node>
<StgValue><ssdm name="conv"/></StgValue>
</operation>

<operation id="35" st_id="1" stage="1" lat="1">
<core>Adder</core>
<MemPortIdVec></MemPortIdVec>
<condition id="-1">
<or_exp><and_exp><literal name="icmp_ln65" val="0"/>
</and_exp></or_exp>
</condition>

<Node id="36" bw="10" op_0_bw="10" op_1_bw="10">
<![CDATA[
for.inc54:20 %add_ln67_1 = add i10 %j_cast2, i10 %p_mid2

]]></Node>
<StgValue><ssdm name="add_ln67_1"/></StgValue>
</operation>

<operation id="36" st_id="1" stage="1" lat="1">
<core>Adder</core>
<MemPortIdVec></MemPortIdVec>
<condition id="-1">
<or_exp><and_exp><literal name="icmp_ln65" val="0"/>
</and_exp></or_exp>
</condition>

<Node id="40" bw="6" op_0_bw="6" op_1_bw="6">
<![CDATA[
for.inc54:24 %add_ln66 = add i6 %select_ln67, i6 1

]]></Node>
<StgValue><ssdm name="add_ln66"/></StgValue>
</operation>

<operation id="37" st_id="1" stage="1" lat="1">
<core>NULL</core>
<MemPortIdVec></MemPortIdVec>
<condition id="-1">
<or_exp><and_exp><literal name="icmp_ln65" val="0"/>
</and_exp></or_exp>
</condition>

<Node id="41" bw="0" op_0_bw="11" op_1_bw="11" op_2_bw="0" op_3_bw="0">
<![CDATA[
for.inc54:25 %store_ln66 = store i11 %add_ln65, i11 %indvar_flatten

]]></Node>
<StgValue><ssdm name="store_ln66"/></StgValue>
</operation>

<operation id="38" st_id="1" stage="1" lat="1">
<core>NULL</core>
<MemPortIdVec></MemPortIdVec>
<condition id="-1">
<or_exp><and_exp><literal name="icmp_ln65" val="0"/>
</and_exp></or_exp>
</condition>

<Node id="42" bw="0" op_0_bw="6" op_1_bw="6" op_2_bw="0" op_3_bw="0">
<![CDATA[
for.inc54:26 %store_ln66 = store i6 %select_ln67_1, i6 %i

]]></Node>
<StgValue><ssdm name="store_ln66"/></StgValue>
</operation>

<operation id="39" st_id="1" stage="1" lat="1">
<core>NULL</core>
<MemPortIdVec></MemPortIdVec>
<condition id="-1">
<or_exp><and_exp><literal name="icmp_ln65" val="0"/>
</and_exp></or_exp>
</condition>

<Node id="43" bw="0" op_0_bw="6" op_1_bw="6" op_2_bw="0" op_3_bw="0">
<![CDATA[
for.inc54:27 %store_ln66 = store i6 %add_ln66, i6 %j

]]></Node>
<StgValue><ssdm name="store_ln66"/></StgValue>
</operation>
</state>

<state id="2" st_id="3">

<operation id="40" st_id="2" stage="1" lat="2">
<core>Int2Float</core>
<MemPortIdVec></MemPortIdVec>
<condition id="-1">
<or_exp><and_exp></and_exp></or_exp>
</condition>

<Node id="33" bw="32" op_0_bw="32">
<![CDATA[
for.inc54:17 %conv = sitofp i32 %zext_ln67

]]></Node>
<StgValue><ssdm name="conv"/></StgValue>
</operation>
</state>

<state id="3" st_id="4">

<operation id="41" st_id="3" stage="2" lat="2">
<core>FMul_maxdsp</core>
<MemPortIdVec></MemPortIdVec>
<condition id="-1">
<or_exp><and_exp></and_exp></or_exp>
</condition>

<Node id="34" bw="32" op_0_bw="32" op_1_bw="32">
<![CDATA[
for.inc54:18 %mul1 = fmul i32 %conv, i32 5

]]></Node>
<StgValue><ssdm name="mul1"/></StgValue>
</operation>
</state>

<state id="4" st_id="5">

<operation id="42" st_id="4" stage="1" lat="2">
<core>FMul_maxdsp</core>
<MemPortIdVec></MemPortIdVec>
<condition id="-1">
<or_exp><and_exp></and_exp></or_exp>
</condition>

<Node id="34" bw="32" op_0_bw="32" op_1_bw="32">
<![CDATA[
for.inc54:18 %mul1 = fmul i32 %conv, i32 5

]]></Node>
<StgValue><ssdm name="mul1"/></StgValue>
</operation>
</state>

<state id="5" st_id="6">

<operation id="43" st_id="5" stage="2" lat="2">
<core>FMul_maxdsp</core>
<MemPortIdVec></MemPortIdVec>
<condition id="-1">
<or_exp><and_exp></and_exp></or_exp>
</condition>

<Node id="35" bw="32" op_0_bw="32" op_1_bw="32">
<![CDATA[
for.inc54:19 %div = fmul i32 %mul1, i32 0.03125

]]></Node>
<StgValue><ssdm name="div"/></StgValue>
</operation>

<operation id="53" st_id="5" stage="1" lat="1">
<core>NULL</core>
<MemPortIdVec></MemPortIdVec>
<condition id="-1">
<or_exp><and_exp><literal name="icmp_ln65" val="1"/>
</and_exp></or_exp>
</condition>

<Node id="46" bw="0">
<![CDATA[
for.inc89.preheader.exitStub:0 %ret_ln0 = ret

]]></Node>
<StgValue><ssdm name="ret_ln0"/></StgValue>
</operation>
</state>

<state id="6" st_id="7">

<operation id="44" st_id="6" stage="1" lat="1">
<core>NULL</core>
<MemPortIdVec></MemPortIdVec>
<condition id="-1">
<or_exp><and_exp></and_exp></or_exp>
</condition>

<Node id="18" bw="0" op_0_bw="0" op_1_bw="0">
<![CDATA[
for.inc54:2 %specloopname_ln0 = specloopname void @_ssdm_op_SpecLoopName, void @VITIS_LOOP_65_5_VITIS_LOOP_66_6_str

]]></Node>
<StgValue><ssdm name="specloopname_ln0"/></StgValue>
</operation>

<operation id="45" st_id="6" stage="1" lat="1">
<core>NULL</core>
<MemPortIdVec></MemPortIdVec>
<condition id="-1">
<or_exp><and_exp></and_exp></or_exp>
</condition>

<Node id="19" bw="32" op_0_bw="32" op_1_bw="64" op_2_bw="64" op_3_bw="64">
<![CDATA[
for.inc54:3 %empty = speclooptripcount i32 @_ssdm_op_SpecLoopTripCount, i64 1024, i64 1024, i64 1024

]]></Node>
<StgValue><ssdm name="empty"/></StgValue>
</operation>

<operation id="46" st_id="6" stage="1" lat="1">
<core>NULL</core>
<MemPortIdVec></MemPortIdVec>
<condition id="-1">
<or_exp><and_exp></and_exp></or_exp>
</condition>

<Node id="26" bw="0" op_0_bw="0" op_1_bw="32" op_2_bw="32" op_3_bw="32" op_4_bw="32" op_5_bw="0">
<![CDATA[
for.inc54:10 %specpipeline_ln0 = specpipeline void @_ssdm_op_SpecPipeline, i32 4294967295, i32 0, i32 1, i32 0, void @p_str

]]></Node>
<StgValue><ssdm name="specpipeline_ln0"/></StgValue>
</operation>

<operation id="47" st_id="6" stage="1" lat="1">
<core>NULL</core>
<MemPortIdVec></MemPortIdVec>
<condition id="-1">
<or_exp><and_exp></and_exp></or_exp>
</condition>

<Node id="29" bw="0" op_0_bw="0" op_1_bw="0">
<![CDATA[
for.inc54:13 %specloopname_ln58 = specloopname void @_ssdm_op_SpecLoopName, void @empty_3

]]></Node>
<StgValue><ssdm name="specloopname_ln58"/></StgValue>
</operation>

<operation id="48" st_id="6" stage="1" lat="2">
<core>FMul_maxdsp</core>
<MemPortIdVec></MemPortIdVec>
<condition id="-1">
<or_exp><and_exp></and_exp></or_exp>
</condition>

<Node id="35" bw="32" op_0_bw="32" op_1_bw="32">
<![CDATA[
for.inc54:19 %div = fmul i32 %mul1, i32 0.03125

]]></Node>
<StgValue><ssdm name="div"/></StgValue>
</operation>

<operation id="49" st_id="6" stage="1" lat="1">
<core>NULL</core>
<MemPortIdVec></MemPortIdVec>
<condition id="-1">
<or_exp><and_exp></and_exp></or_exp>
</condition>

<Node id="37" bw="64" op_0_bw="10">
<![CDATA[
for.inc54:21 %zext_ln67_1 = zext i10 %add_ln67_1

]]></Node>
<StgValue><ssdm name="zext_ln67_1"/></StgValue>
</operation>

<operation id="50" st_id="6" stage="1" lat="1">
<core>NULL</core>
<MemPortIdVec></MemPortIdVec>
<condition id="-1">
<or_exp><and_exp></and_exp></or_exp>
</condition>

<Node id="38" bw="10" op_0_bw="32" op_1_bw="64" op_2_bw="64">
<![CDATA[
for.inc54:22 %D_addr = getelementptr i32 %D, i64 0, i64 %zext_ln67_1

]]></Node>
<StgValue><ssdm name="D_addr"/></StgValue>
</operation>

<operation id="51" st_id="6" stage="1" lat="1">
<core>RAM</core>
<MemPortIdVec></MemPortIdVec>
<condition id="-1">
<or_exp><and_exp></and_exp></or_exp>
</condition>

<Node id="39" bw="0" op_0_bw="32" op_1_bw="10">
<![CDATA[
for.inc54:23 %store_ln67 = store i32 %div, i10 %D_addr

]]></Node>
<StgValue><ssdm name="store_ln67"/></StgValue>
</operation>

<operation id="52" st_id="6" stage="1" lat="1">
<core>NULL</core>
<MemPortIdVec></MemPortIdVec>
<condition id="-1">
<or_exp><and_exp></and_exp></or_exp>
</condition>

<Node id="44" bw="0" op_0_bw="0">
<![CDATA[
for.inc54:28 %br_ln66 = br void %for.inc51

]]></Node>
<StgValue><ssdm name="br_ln66"/></StgValue>
</operation>
</state>
</state_list>


<ports>
</ports>


<dataflows>
</dataflows>


</stg>
