<profile>

<section name = "Vitis HLS Report for 'mm_Pipeline_VITIS_LOOP_65_5_VITIS_LOOP_66_6'" level="0">
<item name = "Date">Sun Jan 14 19:48:30 2024
</item>
<item name = "Version">2022.2 (Build 3670227 on Oct 13 2022)</item>
<item name = "Project">proj_gemm_no_taffo</item>
<item name = "Solution">solution1 (Vivado IP Flow Target)</item>
<item name = "Product family">virtex7</item>
<item name = "Target device">xc7v585t-ffg1761-2</item>
</section>

<section name = "Performance Estimates" level="0">
<item name = "Timing">
<section name = "" level="1">
<item name = "Summary"><table name="" hasTotal="0">
<keys size="4">Clock, Target, Estimated, Uncertainty</keys>
<column name="ap_clk">20.00 ns, 14.237 ns, 5.40 ns</column>
</table>
</item>
</section>
</item>
<item name = "Latency">
<section name = "" level="1">
<item name = "Summary"><table name="" hasTotal="0">
<keys size="8">, min, max, min, max, min, max, Type</keys>
<column name="">1030, 1030, 20.600 us, 20.600 us, 1030, 1030, no</column>
</table>
</item>
<item name = "Detail">
<section name = "" level="1">
<item name = "Instance"><table name="" hasTotal="0">
<keys size="9">Instance, Module, min, max, min, max, min, max, Type</keys>
</table>
</item>
<item name = "Loop"><table name="" hasTotal="0">
<keys size="8">Loop Name, min, max, Latency, achieved, target, Count, Pipelined</keys>
<column name="- VITIS_LOOP_65_5_VITIS_LOOP_66_6">1028, 1028, 6, 1, 1, 1024, yes</column>
</table>
</item>
</section>
</item>
</section>
</item>
</section>

<section name = "Utilization Estimates" level="0">
<item name = "Summary"><table name="" hasTotal="1">
<keys size="6">Name, BRAM_18K, DSP, FF, LUT, URAM</keys>
<column name="DSP">-, -, -, -, -</column>
<column name="Expression">-, -, 0, 112, -</column>
<column name="FIFO">-, -, -, -, -</column>
<column name="Instance">-, 0, 0, 17, -</column>
<column name="Memory">-, -, -, -, -</column>
<column name="Multiplexer">-, -, -, 72, -</column>
<column name="Register">-, -, 172, 32, -</column>
<specialColumn name="Available">1590, 1260, 728400, 364200, 0</specialColumn>
<specialColumn name="Utilization (%)">0, 0, ~0, ~0, 0</specialColumn>
</table>
</item>
<item name = "Detail">
<section name = "" level="1">
<item name = "Instance"><table name="" hasTotal="1">
<keys size="7">Instance, Module, BRAM_18K, DSP, FF, LUT, URAM</keys>
<column name="mul_5s_5s_5_1_1_U4">mul_5s_5s_5_1_1, 0, 0, 0, 17, 0</column>
<column name="sitofp_32ns_32_2_no_dsp_1_U3">sitofp_32ns_32_2_no_dsp_1, 0, 0, 0, 0, 0</column>
</table>
</item>
<item name = "DSP"><table name="" hasTotal="0">
<keys size="3">Instance, Module, Expression</keys>
</table>
</item>
<item name = "Memory"><table name="" hasTotal="1">
<keys size="10">Memory, Module, BRAM_18K, FF, LUT, URAM, Words, Bits, Banks, W*Bits*Banks</keys>
</table>
</item>
<item name = "FIFO"><table name="" hasTotal="1">
<keys size="8">Name, BRAM_18K, FF, LUT, URAM, Depth, Bits, Size:D*B</keys>
</table>
</item>
<item name = "Expression"><table name="" hasTotal="1">
<keys size="7">Variable Name, Operation, DSP, FF, LUT, Bitwidth P0, Bitwidth P1</keys>
<column name="add_ln65_1_fu_135_p2">+, 0, 0, 14, 6, 1</column>
<column name="add_ln65_fu_109_p2">+, 0, 0, 18, 11, 1</column>
<column name="add_ln66_fu_192_p2">+, 0, 0, 14, 6, 1</column>
<column name="add_ln67_1_fu_186_p2">+, 0, 0, 17, 10, 10</column>
<column name="mul_ln67_fu_175_p0">+, 0, 0, 13, 5, 2</column>
<column name="icmp_ln65_fu_103_p2">icmp, 0, 0, 12, 11, 12</column>
<column name="icmp_ln66_fu_121_p2">icmp, 0, 0, 10, 6, 7</column>
<column name="select_ln67_1_fu_141_p3">select, 0, 0, 6, 1, 6</column>
<column name="select_ln67_fu_127_p3">select, 0, 0, 6, 1, 1</column>
<column name="ap_enable_pp0">xor, 0, 0, 2, 1, 2</column>
</table>
</item>
<item name = "Multiplexer"><table name="" hasTotal="1">
<keys size="5">Name, LUT, Input Size, Bits, Total Bits</keys>
<column name="ap_done_int">9, 2, 1, 2</column>
<column name="ap_enable_reg_pp0_iter1">9, 2, 1, 2</column>
<column name="ap_sig_allocacmp_i_load">9, 2, 6, 12</column>
<column name="ap_sig_allocacmp_indvar_flatten_load">9, 2, 11, 22</column>
<column name="ap_sig_allocacmp_j_load">9, 2, 6, 12</column>
<column name="i_fu_50">9, 2, 6, 12</column>
<column name="indvar_flatten_fu_54">9, 2, 11, 22</column>
<column name="j_fu_46">9, 2, 6, 12</column>
</table>
</item>
<item name = "Register"><table name="" hasTotal="1">
<keys size="5">Name, FF, LUT, Bits, Const Bits</keys>
<column name="add_ln67_1_reg_247">10, 0, 10, 0</column>
<column name="ap_CS_fsm">1, 0, 1, 0</column>
<column name="ap_done_reg">1, 0, 1, 0</column>
<column name="ap_enable_reg_pp0_iter1">1, 0, 1, 0</column>
<column name="ap_enable_reg_pp0_iter2">1, 0, 1, 0</column>
<column name="ap_enable_reg_pp0_iter3">1, 0, 1, 0</column>
<column name="ap_enable_reg_pp0_iter4">1, 0, 1, 0</column>
<column name="ap_enable_reg_pp0_iter5">1, 0, 1, 0</column>
<column name="ap_loop_exit_ready_pp0_iter1_reg">1, 0, 1, 0</column>
<column name="ap_loop_exit_ready_pp0_iter2_reg">1, 0, 1, 0</column>
<column name="ap_loop_exit_ready_pp0_iter3_reg">1, 0, 1, 0</column>
<column name="ap_loop_exit_ready_pp0_iter4_reg">1, 0, 1, 0</column>
<column name="conv_reg_252">32, 0, 32, 0</column>
<column name="i_fu_50">6, 0, 6, 0</column>
<column name="indvar_flatten_fu_54">11, 0, 11, 0</column>
<column name="j_fu_46">6, 0, 6, 0</column>
<column name="mul1_reg_257">32, 0, 32, 0</column>
<column name="add_ln67_1_reg_247">64, 32, 10, 0</column>
</table>
</item>
</section>
</item>
</section>

<section name = "Interface" level="0">
<item name = "Summary"><table name="" hasTotal="0">
<keys size="6">RTL Ports, Dir, Bits, Protocol, Source Object, C Type</keys>
<column name="ap_clk">in, 1, ap_ctrl_hs, mm_Pipeline_VITIS_LOOP_65_5_VITIS_LOOP_66_6, return value</column>
<column name="ap_rst">in, 1, ap_ctrl_hs, mm_Pipeline_VITIS_LOOP_65_5_VITIS_LOOP_66_6, return value</column>
<column name="ap_start">in, 1, ap_ctrl_hs, mm_Pipeline_VITIS_LOOP_65_5_VITIS_LOOP_66_6, return value</column>
<column name="ap_done">out, 1, ap_ctrl_hs, mm_Pipeline_VITIS_LOOP_65_5_VITIS_LOOP_66_6, return value</column>
<column name="ap_idle">out, 1, ap_ctrl_hs, mm_Pipeline_VITIS_LOOP_65_5_VITIS_LOOP_66_6, return value</column>
<column name="ap_ready">out, 1, ap_ctrl_hs, mm_Pipeline_VITIS_LOOP_65_5_VITIS_LOOP_66_6, return value</column>
<column name="grp_fu_190_p_din0">out, 32, ap_ctrl_hs, mm_Pipeline_VITIS_LOOP_65_5_VITIS_LOOP_66_6, return value</column>
<column name="grp_fu_190_p_din1">out, 32, ap_ctrl_hs, mm_Pipeline_VITIS_LOOP_65_5_VITIS_LOOP_66_6, return value</column>
<column name="grp_fu_190_p_dout0">in, 32, ap_ctrl_hs, mm_Pipeline_VITIS_LOOP_65_5_VITIS_LOOP_66_6, return value</column>
<column name="grp_fu_190_p_ce">out, 1, ap_ctrl_hs, mm_Pipeline_VITIS_LOOP_65_5_VITIS_LOOP_66_6, return value</column>
<column name="grp_fu_213_p_din0">out, 32, ap_ctrl_hs, mm_Pipeline_VITIS_LOOP_65_5_VITIS_LOOP_66_6, return value</column>
<column name="grp_fu_213_p_din1">out, 32, ap_ctrl_hs, mm_Pipeline_VITIS_LOOP_65_5_VITIS_LOOP_66_6, return value</column>
<column name="grp_fu_213_p_dout0">in, 32, ap_ctrl_hs, mm_Pipeline_VITIS_LOOP_65_5_VITIS_LOOP_66_6, return value</column>
<column name="grp_fu_213_p_ce">out, 1, ap_ctrl_hs, mm_Pipeline_VITIS_LOOP_65_5_VITIS_LOOP_66_6, return value</column>
<column name="D_address0">out, 10, ap_memory, D, array</column>
<column name="D_ce0">out, 1, ap_memory, D, array</column>
<column name="D_we0">out, 1, ap_memory, D, array</column>
<column name="D_d0">out, 32, ap_memory, D, array</column>
</table>
</item>
</section>
</profile>
