<stg><name>mm_Pipeline_VITIS_LOOP_65_5_VITIS_LOOP_66_6</name>


<trans_list>

<trans id="70" from="1" to="2">
<condition id="-1">
<or_exp><and_exp></and_exp></or_exp>
</condition>
</trans>

<trans id="64" from="2" to="3">
<condition id="-1">
<or_exp><and_exp></and_exp></or_exp>
</condition>
</trans>

<trans id="65" from="3" to="4">
<condition id="-1">
<or_exp><and_exp></and_exp></or_exp>
</condition>
</trans>

<trans id="66" from="4" to="5">
<condition id="-1">
<or_exp><and_exp></and_exp></or_exp>
</condition>
</trans>

<trans id="67" from="5" to="6">
<condition id="-1">
<or_exp><and_exp></and_exp></or_exp>
</condition>
</trans>
</trans_list>



<state_list>

<state id="1" st_id="2">

<operation id="9" st_id="1" stage="1" lat="1">
<core>NULL</core>
<MemPortIdVec></MemPortIdVec>
<condition id="-1">
<or_exp><and_exp></and_exp></or_exp>
</condition>

<Node id="2" bw="6" op_0_bw="32">
<![CDATA[
newFuncRoot:0 %j = alloca i32 1

]]></Node>
<StgValue><ssdm name="j"/></StgValue>
</operation>

<operation id="10" st_id="1" stage="1" lat="1">
<core>NULL</core>
<MemPortIdVec></MemPortIdVec>
<condition id="-1">
<or_exp><and_exp></and_exp></or_exp>
</condition>

<Node id="3" bw="6" op_0_bw="32">
<![CDATA[
newFuncRoot:1 %i = alloca i32 1

]]></Node>
<StgValue><ssdm name="i"/></StgValue>
</operation>

<operation id="11" st_id="1" stage="1" lat="1">
<core>NULL</core>
<MemPortIdVec></MemPortIdVec>
<condition id="-1">
<or_exp><and_exp></and_exp></or_exp>
</condition>

<Node id="4" bw="11" op_0_bw="32">
<![CDATA[
newFuncRoot:2 %indvar_flatten = alloca i32 1

]]></Node>
<StgValue><ssdm name="indvar_flatten"/></StgValue>
</operation>

<operation id="12" st_id="1" stage="1" lat="1">
<core>NULL</core>
<MemPortIdVec></MemPortIdVec>
<condition id="-1">
<or_exp><and_exp></and_exp></or_exp>
</condition>

<Node id="5" bw="0" op_0_bw="11" op_1_bw="11">
<![CDATA[
newFuncRoot:3 %store_ln0 = store i11 0, i11 %indvar_flatten

]]></Node>
<StgValue><ssdm name="store_ln0"/></StgValue>
</operation>

<operation id="13" st_id="1" stage="1" lat="1">
<core>NULL</core>
<MemPortIdVec></MemPortIdVec>
<condition id="-1">
<or_exp><and_exp></and_exp></or_exp>
</condition>

<Node id="6" bw="0" op_0_bw="6" op_1_bw="6">
<![CDATA[
newFuncRoot:4 %store_ln0 = store i6 0, i6 %i

]]></Node>
<StgValue><ssdm name="store_ln0"/></StgValue>
</operation>

<operation id="14" st_id="1" stage="1" lat="1">
<core>NULL</core>
<MemPortIdVec></MemPortIdVec>
<condition id="-1">
<or_exp><and_exp></and_exp></or_exp>
</condition>

<Node id="7" bw="0" op_0_bw="6" op_1_bw="6">
<![CDATA[
newFuncRoot:5 %store_ln0 = store i6 0, i6 %j

]]></Node>
<StgValue><ssdm name="store_ln0"/></StgValue>
</operation>

<operation id="15" st_id="1" stage="1" lat="1">
<core>NULL</core>
<MemPortIdVec></MemPortIdVec>
<condition id="-1">
<or_exp><and_exp></and_exp></or_exp>
</condition>

<Node id="8" bw="0" op_0_bw="0">
<![CDATA[
newFuncRoot:6 %br_ln0 = br void %for.inc51

]]></Node>
<StgValue><ssdm name="br_ln0"/></StgValue>
</operation>

<operation id="16" st_id="1" stage="1" lat="1">
<core>NULL</core>
<MemPortIdVec></MemPortIdVec>
<condition id="-1">
<or_exp><and_exp></and_exp></or_exp>
</condition>

<Node id="10" bw="11" op_0_bw="11" op_1_bw="0">
<![CDATA[
for.inc51:0 %indvar_flatten_load = load i11 %indvar_flatten

]]></Node>
<StgValue><ssdm name="indvar_flatten_load"/></StgValue>
</operation>

<operation id="17" st_id="1" stage="1" lat="1">
<core>NULL</core>
<MemPortIdVec></MemPortIdVec>
<condition id="-1">
<or_exp><and_exp></and_exp></or_exp>
</condition>

<Node id="11" bw="0" op_0_bw="0" op_1_bw="32" op_2_bw="32" op_3_bw="32" op_4_bw="32" op_5_bw="0">
<![CDATA[
for.inc51:1 %specpipeline_ln0 = specpipeline void @_ssdm_op_SpecPipeline, i32 4294967295, i32 0, i32 1, i32 0, void @p_str

]]></Node>
<StgValue><ssdm name="specpipeline_ln0"/></StgValue>
</operation>

<operation id="18" st_id="1" stage="1" lat="1">
<core>Cmp</core>
<MemPortIdVec></MemPortIdVec>
<condition id="-1">
<or_exp><and_exp></and_exp></or_exp>
</condition>

<Node id="12" bw="1" op_0_bw="11" op_1_bw="11">
<![CDATA[
for.inc51:2 %icmp_ln65 = icmp_eq  i11 %indvar_flatten_load, i11 1024

]]></Node>
<StgValue><ssdm name="icmp_ln65"/></StgValue>
</operation>

<operation id="19" st_id="1" stage="1" lat="1">
<core>Adder</core>
<MemPortIdVec></MemPortIdVec>
<condition id="-1">
<or_exp><and_exp></and_exp></or_exp>
</condition>

<Node id="13" bw="11" op_0_bw="11" op_1_bw="11">
<![CDATA[
for.inc51:3 %add_ln65 = add i11 %indvar_flatten_load, i11 1

]]></Node>
<StgValue><ssdm name="add_ln65"/></StgValue>
</operation>

<operation id="20" st_id="1" stage="1" lat="1">
<core>NULL</core>
<MemPortIdVec></MemPortIdVec>
<condition id="-1">
<or_exp><and_exp></and_exp></or_exp>
</condition>

<Node id="14" bw="0" op_0_bw="1" op_1_bw="0" op_2_bw="0">
<![CDATA[
for.inc51:4 %br_ln65 = br i1 %icmp_ln65, void %for.inc54, void %for.inc89.preheader.exitStub

]]></Node>
<StgValue><ssdm name="br_ln65"/></StgValue>
</operation>

<operation id="21" st_id="1" stage="1" lat="1">
<core>NULL</core>
<MemPortIdVec></MemPortIdVec>
<condition id="-1">
<or_exp><and_exp><literal name="icmp_ln65" val="0"/>
</and_exp></or_exp>
</condition>

<Node id="16" bw="6" op_0_bw="6" op_1_bw="0">
<![CDATA[
for.inc54:0 %j_load = load i6 %j

]]></Node>
<StgValue><ssdm name="j_load"/></StgValue>
</operation>

<operation id="22" st_id="1" stage="1" lat="1">
<core>NULL</core>
<MemPortIdVec></MemPortIdVec>
<condition id="-1">
<or_exp><and_exp><literal name="icmp_ln65" val="0"/>
</and_exp></or_exp>
</condition>

<Node id="17" bw="6" op_0_bw="6" op_1_bw="0">
<![CDATA[
for.inc54:1 %i_load = load i6 %i

]]></Node>
<StgValue><ssdm name="i_load"/></StgValue>
</operation>

<operation id="23" st_id="1" stage="1" lat="1">
<core>Cmp</core>
<MemPortIdVec></MemPortIdVec>
<condition id="-1">
<or_exp><and_exp><literal name="icmp_ln65" val="0"/>
</and_exp></or_exp>
</condition>

<Node id="20" bw="1" op_0_bw="6" op_1_bw="6">
<![CDATA[
for.inc54:4 %icmp_ln66 = icmp_eq  i6 %j_load, i6 32

]]></Node>
<StgValue><ssdm name="icmp_ln66"/></StgValue>
</operation>

<operation id="24" st_id="1" stage="1" lat="1">
<core>Sel</core>
<MemPortIdVec></MemPortIdVec>
<condition id="-1">
<or_exp><and_exp><literal name="icmp_ln65" val="0"/>
</and_exp></or_exp>
</condition>

<Node id="21" bw="6" op_0_bw="1" op_1_bw="6" op_2_bw="6">
<![CDATA[
for.inc54:5 %select_ln67 = select i1 %icmp_ln66, i6 0, i6 %j_load

]]></Node>
<StgValue><ssdm name="select_ln67"/></StgValue>
</operation>

<operation id="25" st_id="1" stage="1" lat="1">
<core>Adder</core>
<MemPortIdVec></MemPortIdVec>
<condition id="-1">
<or_exp><and_exp><literal name="icmp_ln65" val="0"/>
</and_exp></or_exp>
</condition>

<Node id="22" bw="6" op_0_bw="6" op_1_bw="6">
<![CDATA[
for.inc54:6 %add_ln65_1 = add i6 %i_load, i6 1

]]></Node>
<StgValue><ssdm name="add_ln65_1"/></StgValue>
</operation>

<operation id="26" st_id="1" stage="1" lat="1">
<core>Sel</core>
<MemPortIdVec></MemPortIdVec>
<condition id="-1">
<or_exp><and_exp><literal name="icmp_ln65" val="0"/>
</and_exp></or_exp>
</condition>

<Node id="23" bw="6" op_0_bw="1" op_1_bw="6" op_2_bw="6">
<![CDATA[
for.inc54:7 %select_ln67_1 = select i1 %icmp_ln66, i6 %add_ln65_1, i6 %i_load

]]></Node>
<StgValue><ssdm name="select_ln67_1"/></StgValue>
</operation>

<operation id="27" st_id="1" stage="1" lat="1">
<core>NULL</core>
<MemPortIdVec></MemPortIdVec>
<condition id="-1">
<or_exp><and_exp><literal name="icmp_ln65" val="0"/>
</and_exp></or_exp>
</condition>

<Node id="24" bw="5" op_0_bw="6">
<![CDATA[
for.inc54:8 %trunc_ln67 = trunc i6 %select_ln67_1

]]></Node>
<StgValue><ssdm name="trunc_ln67"/></StgValue>
</operation>

<operation id="28" st_id="1" stage="1" lat="1">
<core>NULL</core>
<MemPortIdVec></MemPortIdVec>
<condition id="-1">
<or_exp><and_exp><literal name="icmp_ln65" val="0"/>
</and_exp></or_exp>
</condition>

<Node id="25" bw="10" op_0_bw="10" op_1_bw="5" op_2_bw="5">
<![CDATA[
for.inc54:9 %p_mid2 = bitconcatenate i10 @_ssdm_op_BitConcatenate.i10.i5.i5, i5 %trunc_ln67, i5 0

]]></Node>
<StgValue><ssdm name="p_mid2"/></StgValue>
</operation>

<operation id="29" st_id="1" stage="1" lat="1">
<core>NULL</core>
<MemPortIdVec></MemPortIdVec>
<condition id="-1">
<or_exp><and_exp><literal name="icmp_ln65" val="0"/>
</and_exp></or_exp>
</condition>

<Node id="27" bw="10" op_0_bw="6">
<![CDATA[
for.inc54:11 %j_cast2 = zext i6 %select_ln67

]]></Node>
<StgValue><ssdm name="j_cast2"/></StgValue>
</operation>

<operation id="30" st_id="1" stage="1" lat="1">
<core>NULL</core>
<MemPortIdVec></MemPortIdVec>
<condition id="-1">
<or_exp><and_exp><literal name="icmp_ln65" val="0"/>
</and_exp></or_exp>
</condition>

<Node id="28" bw="5" op_0_bw="6">
<![CDATA[
for.inc54:12 %empty_17 = trunc i6 %select_ln67

]]></Node>
<StgValue><ssdm name="empty_17"/></StgValue>
</operation>

<operation id="31" st_id="1" stage="1" lat="1">
<core>Adder</core>
<MemPortIdVec></MemPortIdVec>
<condition id="-1">
<or_exp><and_exp><literal name="icmp_ln65" val="0"/>
</and_exp></or_exp>
</condition>

<Node id="30" bw="5" op_0_bw="5" op_1_bw="5">
<![CDATA[
for.inc54:14 %add_ln67 = add i5 %empty_17, i5 2

]]></Node>
<StgValue><ssdm name="add_ln67"/></StgValue>
</operation>

<operation id="32" st_id="1" stage="1" lat="1">
<core>Multiplier</core>
<MemPortIdVec></MemPortIdVec>
<condition id="-1">
<or_exp><and_exp><literal name="icmp_ln65" val="0"/>
</and_exp></or_exp>
</condition>

<Node id="31" bw="5" op_0_bw="5" op_1_bw="5">
<![CDATA[
for.inc54:15 %mul_ln67 = mul i5 %add_ln67, i5 %trunc_ln67

]]></Node>
<StgValue><ssdm name="mul_ln67"/></StgValue>
</operation>

<operation id="33" st_id="1" stage="1" lat="1">
<core>NULL</core>
<MemPortIdVec></MemPortIdVec>
<condition id="-1">
<or_exp><and_exp><literal name="icmp_ln65" val="0"/>
</and_exp></or_exp>
</condition>

<Node id="32" bw="32" op_0_bw="5">
<![CDATA[
for.inc54:16 %zext_ln67 = zext i5 %mul_ln67

]]></Node>
<StgValue><ssdm name="zext_ln67"/></StgValue>
</operation>

<operation id="34" st_id="1" stage="2" lat="2">
<core>Int2Float</core>
<MemPortIdVec></MemPortIdVec>
<condition id="-1">
<or_exp><and_exp><literal name="icmp_ln65" val="0"/>
</and_exp></or_exp>
</condition>

<Node id="33" bw="32" op_0_bw="32">
<![CDATA[
for.inc54:17 %conv = sitofp i32 %zext_ln67

]]></Node>
<StgValue><ssdm name="conv"/></StgValue>
</operation>

<operation id="35" st_id="1" stage="1" lat="1">
<core>Adder</core>
<MemPortIdVec></MemPortIdVec>
<condition id="-1">
<or_exp><and_exp><literal name="icmp_ln65" val="0"/>
</and_exp></or_exp>
</condition>

<Node id="36" bw="10" op_0_bw="10" op_1_bw="10">
<![CDATA[
for.inc54:20 %add_ln67_1 = add i10 %j_cast2, i10 %p_mid2

]]></Node>
<StgValue><ssdm name="add_ln67_1"/></StgValue>
</operation>

<operation id="36" st_id="1" stage="1" lat="1">
<core>Adder</core>
<MemPortIdVec></MemPortIdVec>
<condition id="-1">
<or_exp><and_exp><literal name="icmp_ln65" val="0"/>
</and_exp></or_exp>
</condition>

<Node id="40" bw="6" op_0_bw="6" op_1_bw="6">
<![CDATA[
for.inc54:24 %add_ln66 = add i6 %select_ln67, i6 1

]]></Node>
<StgValue><ssdm name="add_ln66"/></StgValue>
</operation>

<operation id="37" st_id="1" stage="1" lat="1">
<core>NULL</core>
<MemPortIdVec></MemPortIdVec>
<condition id="-1">
<or_exp><and_exp><literal name="icmp_ln65" val="0"/>
</and_exp></or_exp>
</condition>

<Node id="41" bw="0" op_0_bw="11" op_1_bw="11" op_2_bw="0" op_3_bw="0">
<![CDATA[
for.inc54:25 %store_ln66 = store i11 %add_ln65, i11 %indvar_flatten

]]></Node>
<StgValue><ssdm name="store_ln66"/></StgValue>
</operation>

<operation id="38" st_id="1" stage="1" lat="1">
<core>NULL</core>
<MemPortIdVec></MemPortIdVec>
<condition id="-1">
<or_exp><and_exp><literal name="icmp_ln65" val="0"/>
</and_exp></or_exp>
</condition>

<Node id="42" bw="0" op_0_bw="6" op_1_bw="6" op_2_bw="0" op_3_bw="0">
<![CDATA[
for.inc54:26 %store_ln66 = store i6 %select_ln67_1, i6 %i

]]></Node>
<StgValue><ssdm name="store_ln66"/></StgValue>
</operation>

<operation id="39" st_id="1" stage="1" lat="1">
<core>NULL</core>
<MemPortIdVec></MemPortIdVec>
<condition id="-1">
<or_exp><and_exp><literal name="icmp_ln65" val="0"/>
</and_exp></or_exp>
</condition>

<Node id="43" bw="0" op_0_bw="6" op_1_bw="6" op_2_bw="0" op_3_bw="0">
<![CDATA[
for.inc54:27 %store_ln66 = store i6 %add_ln66, i6 %j

]]></Node>
<StgValue><ssdm name="store_ln66"/></StgValue>
</operation>
</state>

<state id="2" st_id="3">

<operation id="40" st_id="2" stage="1" lat="2">
<core>Int2Float</core>
<MemPortIdVec></MemPortIdVec>
<condition id="-1">
<or_exp><and_exp></and_exp></or_exp>
</condition>

<Node id="33" bw="32" op_0_bw="32">
<![CDATA[
for.inc54:17 %conv = sitofp i32 %zext_ln67

]]></Node>
<StgValue><ssdm name="conv"/></StgValue>
</operation>
</state>

<state id="3" st_id="4">

<operation id="41" st_id="3" stage="2" lat="2">
<core>FMul_maxdsp</core>
<MemPortIdVec></MemPortIdVec>
<condition id="-1">
<or_exp><and_exp></and_exp></or_exp>
</condition>

<Node id="34" bw="32" op_0_bw="32" op_1_bw="32">
<![CDATA[
for.inc54:18 %mul1 = fmul i32 %conv, i32 5

]]></Node>
<StgValue><ssdm name="mul1"/></StgValue>
</operation>
</state>

<state id="4" st_id="5">

<operation id="42" st_id="4" stage="1" lat="2">
<core>FMul_maxdsp</core>
<MemPortIdVec></MemPortIdVec>
<condition id="-1">
<or_exp><and_exp></and_exp></or_exp>
</condition>

<Node id="34" bw="32" op_0_bw="32" op_1_bw="32">
<![CDATA[
for.inc54:18 %mul1 = fmul i32 %conv, i32 5

]]></Node>
<StgValue><ssdm name="mul1"/></StgValue>
</operation>
</state>

<state id="5" st_id="6">

<operation id="43" st_id="5" stage="2" lat="2">
<core>FMul_maxdsp</core>
<MemPortIdVec></MemPortIdVec>
<condition id="-1">
<or_exp><and_exp></and_exp></or_exp>
</condition>

<Node id="35" bw="32" op_0_bw="32" op_1_bw="32">
<![CDATA[
for.inc54:19 %div = fmul i32 %mul1, i32 0.03125

]]></Node>
<StgValue><ssdm name="div"/></StgValue>
</operation>

<operation id="53" st_id="5" stage="1" lat="1">
<core>NULL</core>
<MemPortIdVec></MemPortIdVec>
<condition id="-1">
<or_exp><and_exp><literal name="icmp_ln65" val="1"/>
</and_exp></or_exp>
</condition>

<Node id="46" bw="0">
<![CDATA[
for.inc89.preheader.exitStub:0 %ret_ln0 = ret

]]></Node>
<StgValue><ssdm name="ret_ln0"/></StgValue>
</operation>
</state>

<state id="6" st_id="7">

<operation id="44" st_id="6" stage="1" lat="1">
<core>NULL</core>
<MemPortIdVec></MemPortIdVec>
<condition id="-1">
<or_exp><and_exp></and_exp></or_exp>
</condition>

<Node id="18" bw="0" op_0_bw="0" op_1_bw="0">
<![CDATA[
for.inc54:2 %specloopname_ln0 = specloopname void @_ssdm_op_SpecLoopName, void @VITIS_LOOP_65_5_VITIS_LOOP_66_6_str

]]></Node>
<StgValue><ssdm name="specloopname_ln0"/></StgValue>
</operation>

<operation id="45" st_id="6" stage="1" lat="1">
<core>NULL</core>
<MemPortIdVec></MemPortIdVec>
<condition id="-1">
<or_exp><and_exp></and_exp></or_exp>
</condition>

<Node id="19" bw="32" op_0_bw="32" op_1_bw="64" op_2_bw="64" op_3_bw="64">
<![CDATA[
for.inc54:3 %empty = speclooptripcount i32 @_ssdm_op_SpecLoopTripCount, i64 1024, i64 1024, i64 1024

]]></Node>
<StgValue><ssdm name="empty"/></StgValue>
</operation>

<operation id="46" st_id="6" stage="1" lat="1">
<core>NULL</core>
<MemPortIdVec></MemPortIdVec>
<condition id="-1">
<or_exp><and_exp></and_exp></or_exp>
</condition>

<Node id="26" bw="0" op_0_bw="0" op_1_bw="32" op_2_bw="32" op_3_bw="32" op_4_bw="32" op_5_bw="0">
<![CDATA[
for.inc54:10 %specpipeline_ln0 = specpipeline void @_ssdm_op_SpecPipeline, i32 4294967295, i32 0, i32 1, i32 0, void @p_str

]]></Node>
<StgValue><ssdm name="specpipeline_ln0"/></StgValue>
</operation>

<operation id="47" st_id="6" stage="1" lat="1">
<core>NULL</core>
<MemPortIdVec></MemPortIdVec>
<condition id="-1">
<or_exp><and_exp></and_exp></or_exp>
</condition>

<Node id="29" bw="0" op_0_bw="0" op_1_bw="0">
<![CDATA[
for.inc54:13 %specloopname_ln58 = specloopname void @_ssdm_op_SpecLoopName, void @empty_3

]]></Node>
<StgValue><ssdm name="specloopname_ln58"/></StgValue>
</operation>

<operation id="48" st_id="6" stage="1" lat="2">
<core>FMul_maxdsp</core>
<MemPortIdVec></MemPortIdVec>
<condition id="-1">
<or_exp><and_exp></and_exp></or_exp>
</condition>

<Node id="35" bw="32" op_0_bw="32" op_1_bw="32">
<![CDATA[
for.inc54:19 %div = fmul i32 %mul1, i32 0.03125

]]></Node>
<StgValue><ssdm name="div"/></StgValue>
</operation>

<operation id="49" st_id="6" stage="1" lat="1">
<core>NULL</core>
<MemPortIdVec></MemPortIdVec>
<condition id="-1">
<or_exp><and_exp></and_exp></or_exp>
</condition>

<Node id="37" bw="64" op_0_bw="10">
<![CDATA[
for.inc54:21 %zext_ln67_1 = zext i10 %add_ln67_1

]]></Node>
<StgValue><ssdm name="zext_ln67_1"/></StgValue>
</operation>

<operation id="50" st_id="6" stage="1" lat="1">
<core>NULL</core>
<MemPortIdVec></MemPortIdVec>
<condition id="-1">
<or_exp><and_exp></and_exp></or_exp>
</condition>

<Node id="38" bw="10" op_0_bw="32" op_1_bw="64" op_2_bw="64">
<![CDATA[
for.inc54:22 %D_addr = getelementptr i32 %D, i64 0, i64 %zext_ln67_1

]]></Node>
<StgValue><ssdm name="D_addr"/></StgValue>
</operation>

<operation id="51" st_id="6" stage="1" lat="1">
<core>RAM</core>
<MemPortIdVec>0 </MemPortIdVec>
<condition id="-1">
<or_exp><and_exp></and_exp></or_exp>
</condition>

<Node id="39" bw="0" op_0_bw="32" op_1_bw="10">
<![CDATA[
for.inc54:23 %store_ln67 = store i32 %div, i10 %D_addr

]]></Node>
<StgValue><ssdm name="store_ln67"/></StgValue>
</operation>

<operation id="52" st_id="6" stage="1" lat="1">
<core>NULL</core>
<MemPortIdVec></MemPortIdVec>
<condition id="-1">
<or_exp><and_exp></and_exp></or_exp>
</condition>

<Node id="44" bw="0" op_0_bw="0">
<![CDATA[
for.inc54:28 %br_ln66 = br void %for.inc51

]]></Node>
<StgValue><ssdm name="br_ln66"/></StgValue>
</operation>
</state>
</state_list>


<ports>
<port id="71" name="D" dir="1" iftype="1">
<core>RAM</core><StgValue><ssdm name="D"/><MemPortTyVec>0 3 </MemPortTyVec>
</StgValue>
</port>
</ports>


<dataflows>
<dataflow id="73" from="StgValue_72" to="j" fromId="72" toId="9">
</dataflow>
<dataflow id="74" from="StgValue_72" to="i" fromId="72" toId="10">
</dataflow>
<dataflow id="75" from="StgValue_72" to="indvar_flatten" fromId="72" toId="11">
</dataflow>
<dataflow id="77" from="StgValue_76" to="store_ln0" fromId="76" toId="12">
</dataflow>
<dataflow id="78" from="indvar_flatten" to="store_ln0" fromId="11" toId="12">
</dataflow>
<dataflow id="80" from="StgValue_79" to="store_ln0" fromId="79" toId="13">
</dataflow>
<dataflow id="81" from="i" to="store_ln0" fromId="10" toId="13">
</dataflow>
<dataflow id="82" from="StgValue_79" to="store_ln0" fromId="79" toId="14">
</dataflow>
<dataflow id="83" from="j" to="store_ln0" fromId="9" toId="14">
</dataflow>
<dataflow id="84" from="indvar_flatten" to="indvar_flatten_load" fromId="11" toId="16">
</dataflow>
<dataflow id="86" from="_ssdm_op_SpecPipeline" to="specpipeline_ln0" fromId="85" toId="17">
</dataflow>
<dataflow id="88" from="StgValue_87" to="specpipeline_ln0" fromId="87" toId="17">
</dataflow>
<dataflow id="90" from="StgValue_89" to="specpipeline_ln0" fromId="89" toId="17">
</dataflow>
<dataflow id="91" from="StgValue_72" to="specpipeline_ln0" fromId="72" toId="17">
</dataflow>
<dataflow id="92" from="StgValue_89" to="specpipeline_ln0" fromId="89" toId="17">
</dataflow>
<dataflow id="94" from="p_str" to="specpipeline_ln0" fromId="93" toId="17">
</dataflow>
<dataflow id="95" from="indvar_flatten_load" to="icmp_ln65" fromId="16" toId="18">
</dataflow>
<dataflow id="97" from="StgValue_96" to="icmp_ln65" fromId="96" toId="18">
</dataflow>
<dataflow id="98" from="indvar_flatten_load" to="add_ln65" fromId="16" toId="19">
</dataflow>
<dataflow id="100" from="StgValue_99" to="add_ln65" fromId="99" toId="19">
</dataflow>
<dataflow id="101" from="icmp_ln65" to="br_ln65" fromId="18" toId="20">
</dataflow>
<dataflow id="102" from="j" to="j_load" fromId="9" toId="21">
</dataflow>
<dataflow id="103" from="i" to="i_load" fromId="10" toId="22">
</dataflow>
<dataflow id="104" from="j_load" to="icmp_ln66" fromId="21" toId="23">
</dataflow>
<dataflow id="106" from="StgValue_105" to="icmp_ln66" fromId="105" toId="23">
</dataflow>
<dataflow id="107" from="icmp_ln66" to="select_ln67" fromId="23" toId="24">
</dataflow>
<dataflow id="108" from="StgValue_79" to="select_ln67" fromId="79" toId="24">
</dataflow>
<dataflow id="109" from="j_load" to="select_ln67" fromId="21" toId="24">
</dataflow>
<dataflow id="110" from="i_load" to="add_ln65_1" fromId="22" toId="25">
</dataflow>
<dataflow id="112" from="StgValue_111" to="add_ln65_1" fromId="111" toId="25">
</dataflow>
<dataflow id="113" from="icmp_ln66" to="select_ln67_1" fromId="23" toId="26">
</dataflow>
<dataflow id="114" from="add_ln65_1" to="select_ln67_1" fromId="25" toId="26">
</dataflow>
<dataflow id="115" from="i_load" to="select_ln67_1" fromId="22" toId="26">
</dataflow>
<dataflow id="116" from="select_ln67_1" to="trunc_ln67" fromId="26" toId="27">
</dataflow>
<dataflow id="118" from="_ssdm_op_BitConcatenate.i10.i5.i5" to="p_mid2" fromId="117" toId="28">
</dataflow>
<dataflow id="119" from="trunc_ln67" to="p_mid2" fromId="27" toId="28">
</dataflow>
<dataflow id="121" from="StgValue_120" to="p_mid2" fromId="120" toId="28">
</dataflow>
<dataflow id="122" from="select_ln67" to="j_cast2" fromId="24" toId="29">
</dataflow>
<dataflow id="123" from="select_ln67" to="empty_17" fromId="24" toId="30">
</dataflow>
<dataflow id="124" from="empty_17" to="add_ln67" fromId="30" toId="31">
</dataflow>
<dataflow id="126" from="StgValue_125" to="add_ln67" fromId="125" toId="31">
</dataflow>
<dataflow id="127" from="add_ln67" to="mul_ln67" fromId="31" toId="32">
</dataflow>
<dataflow id="128" from="trunc_ln67" to="mul_ln67" fromId="27" toId="32">
</dataflow>
<dataflow id="129" from="mul_ln67" to="zext_ln67" fromId="32" toId="33">
</dataflow>
<dataflow id="130" from="zext_ln67" to="conv" fromId="33" toId="34">
</dataflow>
<dataflow id="131" from="j_cast2" to="add_ln67_1" fromId="29" toId="35">
</dataflow>
<dataflow id="132" from="p_mid2" to="add_ln67_1" fromId="28" toId="35">
</dataflow>
<dataflow id="133" from="select_ln67" to="add_ln66" fromId="24" toId="36">
</dataflow>
<dataflow id="134" from="StgValue_111" to="add_ln66" fromId="111" toId="36">
</dataflow>
<dataflow id="135" from="add_ln65" to="store_ln66" fromId="19" toId="37">
</dataflow>
<dataflow id="136" from="indvar_flatten" to="store_ln66" fromId="11" toId="37">
</dataflow>
<dataflow id="137" from="select_ln67_1" to="store_ln66" fromId="26" toId="38">
</dataflow>
<dataflow id="138" from="i" to="store_ln66" fromId="10" toId="38">
</dataflow>
<dataflow id="139" from="add_ln66" to="store_ln66" fromId="36" toId="39">
</dataflow>
<dataflow id="140" from="j" to="store_ln66" fromId="9" toId="39">
</dataflow>
<dataflow id="141" from="zext_ln67" to="conv" fromId="33" toId="40">
</dataflow>
<dataflow id="142" from="conv" to="mul1" fromId="40" toId="41">
</dataflow>
<dataflow id="144" from="StgValue_143" to="mul1" fromId="143" toId="41">
</dataflow>
<dataflow id="145" from="conv" to="mul1" fromId="40" toId="42">
</dataflow>
<dataflow id="146" from="StgValue_143" to="mul1" fromId="143" toId="42">
</dataflow>
<dataflow id="147" from="mul1" to="div" fromId="42" toId="43">
</dataflow>
<dataflow id="149" from="StgValue_148" to="div" fromId="148" toId="43">
</dataflow>
<dataflow id="151" from="_ssdm_op_SpecLoopName" to="specloopname_ln0" fromId="150" toId="44">
</dataflow>
<dataflow id="153" from="VITIS_LOOP_65_5_VITIS_LOOP_66_6_str" to="specloopname_ln0" fromId="152" toId="44">
</dataflow>
<dataflow id="155" from="_ssdm_op_SpecLoopTripCount" to="empty" fromId="154" toId="45">
</dataflow>
<dataflow id="157" from="StgValue_156" to="empty" fromId="156" toId="45">
</dataflow>
<dataflow id="158" from="StgValue_156" to="empty" fromId="156" toId="45">
</dataflow>
<dataflow id="159" from="StgValue_156" to="empty" fromId="156" toId="45">
</dataflow>
<dataflow id="160" from="_ssdm_op_SpecPipeline" to="specpipeline_ln0" fromId="85" toId="46">
</dataflow>
<dataflow id="161" from="StgValue_87" to="specpipeline_ln0" fromId="87" toId="46">
</dataflow>
<dataflow id="162" from="StgValue_89" to="specpipeline_ln0" fromId="89" toId="46">
</dataflow>
<dataflow id="163" from="StgValue_72" to="specpipeline_ln0" fromId="72" toId="46">
</dataflow>
<dataflow id="164" from="StgValue_89" to="specpipeline_ln0" fromId="89" toId="46">
</dataflow>
<dataflow id="165" from="p_str" to="specpipeline_ln0" fromId="93" toId="46">
</dataflow>
<dataflow id="166" from="_ssdm_op_SpecLoopName" to="specloopname_ln58" fromId="150" toId="47">
</dataflow>
<dataflow id="168" from="empty_3" to="specloopname_ln58" fromId="167" toId="47">
</dataflow>
<dataflow id="169" from="mul1" to="div" fromId="42" toId="48">
</dataflow>
<dataflow id="170" from="StgValue_148" to="div" fromId="148" toId="48">
</dataflow>
<dataflow id="171" from="add_ln67_1" to="zext_ln67_1" fromId="35" toId="49">
</dataflow>
<dataflow id="172" from="D" to="D_addr" fromId="71" toId="50">
</dataflow>
<dataflow id="174" from="StgValue_173" to="D_addr" fromId="173" toId="50">
</dataflow>
<dataflow id="175" from="zext_ln67_1" to="D_addr" fromId="49" toId="50">
</dataflow>
<dataflow id="176" from="div" to="store_ln67" fromId="48" toId="51">
</dataflow>
<dataflow id="177" from="D_addr" to="store_ln67" fromId="50" toId="51">
</dataflow>
<dataflow id="178" from="icmp_ln65" to="StgValue_2" fromId="18" toId="2">
</dataflow>
<dataflow id="179" from="icmp_ln65" to="StgValue_6" fromId="18" toId="6">
</dataflow>
</dataflows>


</stg>
