<profile>

<section name = "Vitis HLS Report for 'mm_Pipeline_VITIS_LOOP_65_5_VITIS_LOOP_66_6'" level="0">
<item name = "Date">Sun Jan 14 19:48:22 2024
</item>
<item name = "Version">2022.2 (Build 3670227 on Oct 13 2022)</item>
<item name = "Project">proj_gemm_no_taffo</item>
<item name = "Solution">solution1 (Vivado IP Flow Target)</item>
<item name = "Product family">virtex7</item>
<item name = "Target device">xc7v585t-ffg1761-2</item>
</section>

<section name = "Performance Estimates" level="0">
<item name = "Timing">
<section name = "" level="1">
<item name = "Summary"><table name="" hasTotal="0">
<keys size="4">Clock, Target, Estimated, Uncertainty</keys>
<column name="ap_clk">20.00 ns, 14.237 ns, 5.40 ns</column>
</table>
</item>
</section>
</item>
<item name = "Latency">
<section name = "" level="1">
<item name = "Summary"><table name="" hasTotal="0">
<keys size="8">, min, max, min, max, min, max, Type</keys>
<column name="">1030, 1030, 20.600 us, 20.600 us, 1030, 1030, no</column>
</table>
</item>
<item name = "Detail">
<section name = "" level="1">
<item name = "Instance"><table name="" hasTotal="0">
<keys size="9">Instance, Module, min, max, min, max, min, max, Type</keys>
</table>
</item>
<item name = "Loop"><table name="" hasTotal="0">
<keys size="8">Loop Name, min, max, Latency, achieved, target, Count, Pipelined</keys>
<column name="- VITIS_LOOP_65_5_VITIS_LOOP_66_6">1028, 1028, 6, 1, 1, 1024, yes</column>
</table>
</item>
</section>
</item>
</section>
</item>
</section>
</profile>
