<?xml version="1.0" encoding="utf-8"?>
<BindInfo>
	<BindNode BINDTYPE="op" DISPLAY="bind_op mux" ID="" IMPL="auto" LATENCY="0" OPTYPE="mux" PRAGMA="" RTLNAME="mux_164_64_1_1_U18" SOURCE="" VARIABLE="tmp_5" MODULE="mm_Pipeline_VITIS_LOOP_83_7_VITIS_LOOP_85_8" LOOP="VITIS_LOOP_83_7_VITIS_LOOP_85_8" BUNDLEDNAME="" DSP="0" BRAM="0" URAM="0"/>
	<BindNode BINDTYPE="op" DISPLAY="bind_op mux" ID="" IMPL="auto" LATENCY="0" OPTYPE="mux" PRAGMA="" RTLNAME="mux_164_64_1_1_U19" SOURCE="" VARIABLE="tmp_6" MODULE="mm_Pipeline_VITIS_LOOP_83_7_VITIS_LOOP_85_8" LOOP="VITIS_LOOP_83_7_VITIS_LOOP_85_8" BUNDLEDNAME="" DSP="0" BRAM="0" URAM="0"/>
	<BindNode BINDTYPE="op" DISPLAY="bind_op mux" ID="" IMPL="auto" LATENCY="0" OPTYPE="mux" PRAGMA="" RTLNAME="mux_164_64_1_1_U20" SOURCE="" VARIABLE="tmp_7" MODULE="mm_Pipeline_VITIS_LOOP_83_7_VITIS_LOOP_85_8" LOOP="VITIS_LOOP_83_7_VITIS_LOOP_85_8" BUNDLEDNAME="" DSP="0" BRAM="0" URAM="0"/>
	<BindNode BINDTYPE="op" DISPLAY="bind_op mux" ID="" IMPL="auto" LATENCY="0" OPTYPE="mux" PRAGMA="" RTLNAME="mux_164_64_1_1_U21" SOURCE="" VARIABLE="tmp_8" MODULE="mm_Pipeline_VITIS_LOOP_83_7_VITIS_LOOP_85_8" LOOP="VITIS_LOOP_83_7_VITIS_LOOP_85_8" BUNDLEDNAME="" DSP="0" BRAM="0" URAM="0"/>
	<BindNode BINDTYPE="op" DISPLAY="bind_op mux" ID="" IMPL="auto" LATENCY="0" OPTYPE="mux" PRAGMA="" RTLNAME="mux_164_64_1_1_U22" SOURCE="" VARIABLE="tmp_9" MODULE="mm_Pipeline_VITIS_LOOP_83_7_VITIS_LOOP_85_8" LOOP="VITIS_LOOP_83_7_VITIS_LOOP_85_8" BUNDLEDNAME="" DSP="0" BRAM="0" URAM="0"/>
	<BindNode BINDTYPE="op" DISPLAY="bind_op mux" ID="" IMPL="auto" LATENCY="0" OPTYPE="mux" PRAGMA="" RTLNAME="mux_164_64_1_1_U23" SOURCE="" VARIABLE="tmp_s" MODULE="mm_Pipeline_VITIS_LOOP_83_7_VITIS_LOOP_85_8" LOOP="VITIS_LOOP_83_7_VITIS_LOOP_85_8" BUNDLEDNAME="" DSP="0" BRAM="0" URAM="0"/>
	<BindNode BINDTYPE="op" DISPLAY="bind_op mux" ID="" IMPL="auto" LATENCY="0" OPTYPE="mux" PRAGMA="" RTLNAME="mux_164_64_1_1_U24" SOURCE="" VARIABLE="tmp_1" MODULE="mm_Pipeline_VITIS_LOOP_83_7_VITIS_LOOP_85_8" LOOP="VITIS_LOOP_83_7_VITIS_LOOP_85_8" BUNDLEDNAME="" DSP="0" BRAM="0" URAM="0"/>
	<BindNode BINDTYPE="op" DISPLAY="bind_op mux" ID="" IMPL="auto" LATENCY="0" OPTYPE="mux" PRAGMA="" RTLNAME="mux_164_64_1_1_U25" SOURCE="" VARIABLE="tmp_4" MODULE="mm_Pipeline_VITIS_LOOP_83_7_VITIS_LOOP_85_8" LOOP="VITIS_LOOP_83_7_VITIS_LOOP_85_8" BUNDLEDNAME="" DSP="0" BRAM="0" URAM="0"/>
	<BindNode BINDTYPE="op" DISPLAY="bind_op mux" ID="" IMPL="auto" LATENCY="0" OPTYPE="mux" PRAGMA="" RTLNAME="mux_164_64_1_1_U42" SOURCE="" VARIABLE="tmp_3" MODULE="mm_Pipeline_VITIS_LOOP_83_7_VITIS_LOOP_85_8" LOOP="VITIS_LOOP_83_7_VITIS_LOOP_85_8" BUNDLEDNAME="" DSP="0" BRAM="0" URAM="0"/>
	<BindNode BINDTYPE="op" DISPLAY="bind_op mux" ID="" IMPL="auto" LATENCY="0" OPTYPE="mux" PRAGMA="" RTLNAME="mux_164_64_1_1_U43" SOURCE="" VARIABLE="tmp_2" MODULE="mm_Pipeline_VITIS_LOOP_83_7_VITIS_LOOP_85_8" LOOP="VITIS_LOOP_83_7_VITIS_LOOP_85_8" BUNDLEDNAME="" DSP="0" BRAM="0" URAM="0"/>
	<BindNode BINDTYPE="op" DISPLAY="bind_op mux" ID="" IMPL="auto" LATENCY="0" OPTYPE="mux" PRAGMA="" RTLNAME="mux_164_64_1_1_U44" SOURCE="" VARIABLE="tmp_10" MODULE="mm_Pipeline_VITIS_LOOP_83_7_VITIS_LOOP_85_8" LOOP="VITIS_LOOP_83_7_VITIS_LOOP_85_8" BUNDLEDNAME="" DSP="0" BRAM="0" URAM="0"/>
	<BindNode BINDTYPE="op" DISPLAY="bind_op mux" ID="" IMPL="auto" LATENCY="0" OPTYPE="mux" PRAGMA="" RTLNAME="mux_164_64_1_1_U45" SOURCE="" VARIABLE="tmp_11" MODULE="mm_Pipeline_VITIS_LOOP_83_7_VITIS_LOOP_85_8" LOOP="VITIS_LOOP_83_7_VITIS_LOOP_85_8" BUNDLEDNAME="" DSP="0" BRAM="0" URAM="0"/>
	<BindNode BINDTYPE="op" DISPLAY="bind_op mux" ID="" IMPL="auto" LATENCY="0" OPTYPE="mux" PRAGMA="" RTLNAME="mux_164_64_1_1_U46" SOURCE="" VARIABLE="tmp_12" MODULE="mm_Pipeline_VITIS_LOOP_83_7_VITIS_LOOP_85_8" LOOP="VITIS_LOOP_83_7_VITIS_LOOP_85_8" BUNDLEDNAME="" DSP="0" BRAM="0" URAM="0"/>
	<BindNode BINDTYPE="op" DISPLAY="bind_op mux" ID="" IMPL="auto" LATENCY="0" OPTYPE="mux" PRAGMA="" RTLNAME="mux_164_64_1_1_U47" SOURCE="" VARIABLE="tmp_13" MODULE="mm_Pipeline_VITIS_LOOP_83_7_VITIS_LOOP_85_8" LOOP="VITIS_LOOP_83_7_VITIS_LOOP_85_8" BUNDLEDNAME="" DSP="0" BRAM="0" URAM="0"/>
	<BindNode BINDTYPE="op" DISPLAY="bind_op mux" ID="" IMPL="auto" LATENCY="0" OPTYPE="mux" PRAGMA="" RTLNAME="mux_164_64_1_1_U48" SOURCE="" VARIABLE="tmp_14" MODULE="mm_Pipeline_VITIS_LOOP_83_7_VITIS_LOOP_85_8" LOOP="VITIS_LOOP_83_7_VITIS_LOOP_85_8" BUNDLEDNAME="" DSP="0" BRAM="0" URAM="0"/>
	<BindNode BINDTYPE="op" DISPLAY="bind_op mux" ID="" IMPL="auto" LATENCY="0" OPTYPE="mux" PRAGMA="" RTLNAME="mux_164_64_1_1_U49" SOURCE="" VARIABLE="tmp_15" MODULE="mm_Pipeline_VITIS_LOOP_83_7_VITIS_LOOP_85_8" LOOP="VITIS_LOOP_83_7_VITIS_LOOP_85_8" BUNDLEDNAME="" DSP="0" BRAM="0" URAM="0"/>
	<BindNode BINDTYPE="op" DISPLAY="bind_op icmp" ID="" IMPL="auto" LATENCY="0" OPTYPE="icmp" PRAGMA="" RTLNAME="exitcond_flatten_fu_494_p2" SOURCE="" VARIABLE="exitcond_flatten" MODULE="mm_Pipeline_VITIS_LOOP_83_7_VITIS_LOOP_85_8" LOOP="VITIS_LOOP_83_7_VITIS_LOOP_85_8" BUNDLEDNAME="" DSP="0" BRAM="0" URAM="0"/>
	<BindNode BINDTYPE="op" DISPLAY="bind_op add" ID="" IMPL="fabric" LATENCY="0" OPTYPE="add" PRAGMA="" RTLNAME="indvar_flatten_next_fu_500_p2" SOURCE="" VARIABLE="indvar_flatten_next" MODULE="mm_Pipeline_VITIS_LOOP_83_7_VITIS_LOOP_85_8" LOOP="VITIS_LOOP_83_7_VITIS_LOOP_85_8" BUNDLEDNAME="" DSP="0" BRAM="0" URAM="0"/>
	<BindNode BINDTYPE="op" DISPLAY="bind_op icmp" ID="" IMPL="auto" LATENCY="0" OPTYPE="icmp" PRAGMA="" RTLNAME="exitcond121_fu_509_p2" SOURCE="" VARIABLE="exitcond121" MODULE="mm_Pipeline_VITIS_LOOP_83_7_VITIS_LOOP_85_8" LOOP="VITIS_LOOP_83_7_VITIS_LOOP_85_8" BUNDLEDNAME="" DSP="0" BRAM="0" URAM="0"/>
	<BindNode BINDTYPE="op" DISPLAY="bind_op select" ID="" IMPL="auto_sel" LATENCY="0" OPTYPE="select" PRAGMA="" RTLNAME="indvars_iv_mid2_fu_515_p3" SOURCE="" VARIABLE="indvars_iv_mid2" MODULE="mm_Pipeline_VITIS_LOOP_83_7_VITIS_LOOP_85_8" LOOP="VITIS_LOOP_83_7_VITIS_LOOP_85_8" BUNDLEDNAME="" DSP="0" BRAM="0" URAM="0"/>
	<BindNode BINDTYPE="op" DISPLAY="bind_op add" ID="" IMPL="fabric" LATENCY="0" OPTYPE="add" PRAGMA="" RTLNAME="indvars_iv_next25_dup2_fu_523_p2" SOURCE="" VARIABLE="indvars_iv_next25_dup2" MODULE="mm_Pipeline_VITIS_LOOP_83_7_VITIS_LOOP_85_8" LOOP="VITIS_LOOP_83_7_VITIS_LOOP_85_8" BUNDLEDNAME="" DSP="0" BRAM="0" URAM="0"/>
	<BindNode BINDTYPE="op" DISPLAY="bind_op mux" ID="" IMPL="auto" LATENCY="0" OPTYPE="mux" PRAGMA="" RTLNAME="mux_164_64_1_1_U26" SOURCE="" VARIABLE="tmp_5_mid1" MODULE="mm_Pipeline_VITIS_LOOP_83_7_VITIS_LOOP_85_8" LOOP="VITIS_LOOP_83_7_VITIS_LOOP_85_8" BUNDLEDNAME="" DSP="0" BRAM="0" URAM="0"/>
	<BindNode BINDTYPE="op" DISPLAY="bind_op select" ID="" IMPL="auto_sel" LATENCY="0" OPTYPE="select" PRAGMA="" RTLNAME="tmp_5_mid2_fu_571_p3" SOURCE="" VARIABLE="tmp_5_mid2" MODULE="mm_Pipeline_VITIS_LOOP_83_7_VITIS_LOOP_85_8" LOOP="VITIS_LOOP_83_7_VITIS_LOOP_85_8" BUNDLEDNAME="" DSP="0" BRAM="0" URAM="0"/>
	<BindNode BINDTYPE="op" DISPLAY="bind_op mux" ID="" IMPL="auto" LATENCY="0" OPTYPE="mux" PRAGMA="" RTLNAME="mux_164_64_1_1_U27" SOURCE="" VARIABLE="tmp_6_mid1" MODULE="mm_Pipeline_VITIS_LOOP_83_7_VITIS_LOOP_85_8" LOOP="VITIS_LOOP_83_7_VITIS_LOOP_85_8" BUNDLEDNAME="" DSP="0" BRAM="0" URAM="0"/>
	<BindNode BINDTYPE="op" DISPLAY="bind_op select" ID="" IMPL="auto_sel" LATENCY="0" OPTYPE="select" PRAGMA="" RTLNAME="tmp_6_mid2_fu_618_p3" SOURCE="" VARIABLE="tmp_6_mid2" MODULE="mm_Pipeline_VITIS_LOOP_83_7_VITIS_LOOP_85_8" LOOP="VITIS_LOOP_83_7_VITIS_LOOP_85_8" BUNDLEDNAME="" DSP="0" BRAM="0" URAM="0"/>
	<BindNode BINDTYPE="op" DISPLAY="bind_op mux" ID="" IMPL="auto" LATENCY="0" OPTYPE="mux" PRAGMA="" RTLNAME="mux_164_64_1_1_U28" SOURCE="" VARIABLE="tmp_7_mid1" MODULE="mm_Pipeline_VITIS_LOOP_83_7_VITIS_LOOP_85_8" LOOP="VITIS_LOOP_83_7_VITIS_LOOP_85_8" BUNDLEDNAME="" DSP="0" BRAM="0" URAM="0"/>
	<BindNode BINDTYPE="op" DISPLAY="bind_op select" ID="" IMPL="auto_sel" LATENCY="0" OPTYPE="select" PRAGMA="" RTLNAME="tmp_7_mid2_fu_665_p3" SOURCE="" VARIABLE="tmp_7_mid2" MODULE="mm_Pipeline_VITIS_LOOP_83_7_VITIS_LOOP_85_8" LOOP="VITIS_LOOP_83_7_VITIS_LOOP_85_8" BUNDLEDNAME="" DSP="0" BRAM="0" URAM="0"/>
	<BindNode BINDTYPE="op" DISPLAY="bind_op mux" ID="" IMPL="auto" LATENCY="0" OPTYPE="mux" PRAGMA="" RTLNAME="mux_164_64_1_1_U29" SOURCE="" VARIABLE="tmp_8_mid1" MODULE="mm_Pipeline_VITIS_LOOP_83_7_VITIS_LOOP_85_8" LOOP="VITIS_LOOP_83_7_VITIS_LOOP_85_8" BUNDLEDNAME="" DSP="0" BRAM="0" URAM="0"/>
	<BindNode BINDTYPE="op" DISPLAY="bind_op select" ID="" IMPL="auto_sel" LATENCY="0" OPTYPE="select" PRAGMA="" RTLNAME="tmp_8_mid2_fu_712_p3" SOURCE="" VARIABLE="tmp_8_mid2" MODULE="mm_Pipeline_VITIS_LOOP_83_7_VITIS_LOOP_85_8" LOOP="VITIS_LOOP_83_7_VITIS_LOOP_85_8" BUNDLEDNAME="" DSP="0" BRAM="0" URAM="0"/>
	<BindNode BINDTYPE="op" DISPLAY="bind_op mux" ID="" IMPL="auto" LATENCY="0" OPTYPE="mux" PRAGMA="" RTLNAME="mux_164_64_1_1_U30" SOURCE="" VARIABLE="tmp_9_mid1" MODULE="mm_Pipeline_VITIS_LOOP_83_7_VITIS_LOOP_85_8" LOOP="VITIS_LOOP_83_7_VITIS_LOOP_85_8" BUNDLEDNAME="" DSP="0" BRAM="0" URAM="0"/>
	<BindNode BINDTYPE="op" DISPLAY="bind_op select" ID="" IMPL="auto_sel" LATENCY="0" OPTYPE="select" PRAGMA="" RTLNAME="tmp_9_mid2_fu_759_p3" SOURCE="" VARIABLE="tmp_9_mid2" MODULE="mm_Pipeline_VITIS_LOOP_83_7_VITIS_LOOP_85_8" LOOP="VITIS_LOOP_83_7_VITIS_LOOP_85_8" BUNDLEDNAME="" DSP="0" BRAM="0" URAM="0"/>
	<BindNode BINDTYPE="op" DISPLAY="bind_op mux" ID="" IMPL="auto" LATENCY="0" OPTYPE="mux" PRAGMA="" RTLNAME="mux_164_64_1_1_U31" SOURCE="" VARIABLE="tmp_mid1" MODULE="mm_Pipeline_VITIS_LOOP_83_7_VITIS_LOOP_85_8" LOOP="VITIS_LOOP_83_7_VITIS_LOOP_85_8" BUNDLEDNAME="" DSP="0" BRAM="0" URAM="0"/>
	<BindNode BINDTYPE="op" DISPLAY="bind_op select" ID="" IMPL="auto_sel" LATENCY="0" OPTYPE="select" PRAGMA="" RTLNAME="tmp_mid2_fu_806_p3" SOURCE="" VARIABLE="tmp_mid2" MODULE="mm_Pipeline_VITIS_LOOP_83_7_VITIS_LOOP_85_8" LOOP="VITIS_LOOP_83_7_VITIS_LOOP_85_8" BUNDLEDNAME="" DSP="0" BRAM="0" URAM="0"/>
	<BindNode BINDTYPE="op" DISPLAY="bind_op mux" ID="" IMPL="auto" LATENCY="0" OPTYPE="mux" PRAGMA="" RTLNAME="mux_164_64_1_1_U32" SOURCE="" VARIABLE="tmp_1_mid1" MODULE="mm_Pipeline_VITIS_LOOP_83_7_VITIS_LOOP_85_8" LOOP="VITIS_LOOP_83_7_VITIS_LOOP_85_8" BUNDLEDNAME="" DSP="0" BRAM="0" URAM="0"/>
	<BindNode BINDTYPE="op" DISPLAY="bind_op select" ID="" IMPL="auto_sel" LATENCY="0" OPTYPE="select" PRAGMA="" RTLNAME="tmp_1_mid2_fu_853_p3" SOURCE="" VARIABLE="tmp_1_mid2" MODULE="mm_Pipeline_VITIS_LOOP_83_7_VITIS_LOOP_85_8" LOOP="VITIS_LOOP_83_7_VITIS_LOOP_85_8" BUNDLEDNAME="" DSP="0" BRAM="0" URAM="0"/>
	<BindNode BINDTYPE="op" DISPLAY="bind_op mux" ID="" IMPL="auto" LATENCY="0" OPTYPE="mux" PRAGMA="" RTLNAME="mux_164_64_1_1_U33" SOURCE="" VARIABLE="tmp_4_mid1" MODULE="mm_Pipeline_VITIS_LOOP_83_7_VITIS_LOOP_85_8" LOOP="VITIS_LOOP_83_7_VITIS_LOOP_85_8" BUNDLEDNAME="" DSP="0" BRAM="0" URAM="0"/>
	<BindNode BINDTYPE="op" DISPLAY="bind_op select" ID="" IMPL="auto_sel" LATENCY="0" OPTYPE="select" PRAGMA="" RTLNAME="tmp_4_mid2_fu_900_p3" SOURCE="" VARIABLE="tmp_4_mid2" MODULE="mm_Pipeline_VITIS_LOOP_83_7_VITIS_LOOP_85_8" LOOP="VITIS_LOOP_83_7_VITIS_LOOP_85_8" BUNDLEDNAME="" DSP="0" BRAM="0" URAM="0"/>
	<BindNode BINDTYPE="op" DISPLAY="bind_op mux" ID="" IMPL="auto" LATENCY="0" OPTYPE="mux" PRAGMA="" RTLNAME="mux_164_64_1_1_U50" SOURCE="" VARIABLE="tmp_3_mid1" MODULE="mm_Pipeline_VITIS_LOOP_83_7_VITIS_LOOP_85_8" LOOP="VITIS_LOOP_83_7_VITIS_LOOP_85_8" BUNDLEDNAME="" DSP="0" BRAM="0" URAM="0"/>
	<BindNode BINDTYPE="op" DISPLAY="bind_op select" ID="" IMPL="auto_sel" LATENCY="0" OPTYPE="select" PRAGMA="" RTLNAME="tmp_3_mid2_fu_1587_p3" SOURCE="" VARIABLE="tmp_3_mid2" MODULE="mm_Pipeline_VITIS_LOOP_83_7_VITIS_LOOP_85_8" LOOP="VITIS_LOOP_83_7_VITIS_LOOP_85_8" BUNDLEDNAME="" DSP="0" BRAM="0" URAM="0"/>
	<BindNode BINDTYPE="op" DISPLAY="bind_op mux" ID="" IMPL="auto" LATENCY="0" OPTYPE="mux" PRAGMA="" RTLNAME="mux_164_64_1_1_U51" SOURCE="" VARIABLE="tmp_10_mid1" MODULE="mm_Pipeline_VITIS_LOOP_83_7_VITIS_LOOP_85_8" LOOP="VITIS_LOOP_83_7_VITIS_LOOP_85_8" BUNDLEDNAME="" DSP="0" BRAM="0" URAM="0"/>
	<BindNode BINDTYPE="op" DISPLAY="bind_op select" ID="" IMPL="auto_sel" LATENCY="0" OPTYPE="select" PRAGMA="" RTLNAME="tmp_10_mid2_fu_1632_p3" SOURCE="" VARIABLE="tmp_10_mid2" MODULE="mm_Pipeline_VITIS_LOOP_83_7_VITIS_LOOP_85_8" LOOP="VITIS_LOOP_83_7_VITIS_LOOP_85_8" BUNDLEDNAME="" DSP="0" BRAM="0" URAM="0"/>
	<BindNode BINDTYPE="op" DISPLAY="bind_op mux" ID="" IMPL="auto" LATENCY="0" OPTYPE="mux" PRAGMA="" RTLNAME="mux_164_64_1_1_U52" SOURCE="" VARIABLE="tmp_11_mid1" MODULE="mm_Pipeline_VITIS_LOOP_83_7_VITIS_LOOP_85_8" LOOP="VITIS_LOOP_83_7_VITIS_LOOP_85_8" BUNDLEDNAME="" DSP="0" BRAM="0" URAM="0"/>
	<BindNode BINDTYPE="op" DISPLAY="bind_op select" ID="" IMPL="auto_sel" LATENCY="0" OPTYPE="select" PRAGMA="" RTLNAME="tmp_11_mid2_fu_1677_p3" SOURCE="" VARIABLE="tmp_11_mid2" MODULE="mm_Pipeline_VITIS_LOOP_83_7_VITIS_LOOP_85_8" LOOP="VITIS_LOOP_83_7_VITIS_LOOP_85_8" BUNDLEDNAME="" DSP="0" BRAM="0" URAM="0"/>
	<BindNode BINDTYPE="op" DISPLAY="bind_op mux" ID="" IMPL="auto" LATENCY="0" OPTYPE="mux" PRAGMA="" RTLNAME="mux_164_64_1_1_U53" SOURCE="" VARIABLE="tmp_12_mid1" MODULE="mm_Pipeline_VITIS_LOOP_83_7_VITIS_LOOP_85_8" LOOP="VITIS_LOOP_83_7_VITIS_LOOP_85_8" BUNDLEDNAME="" DSP="0" BRAM="0" URAM="0"/>
	<BindNode BINDTYPE="op" DISPLAY="bind_op select" ID="" IMPL="auto_sel" LATENCY="0" OPTYPE="select" PRAGMA="" RTLNAME="tmp_12_mid2_fu_1722_p3" SOURCE="" VARIABLE="tmp_12_mid2" MODULE="mm_Pipeline_VITIS_LOOP_83_7_VITIS_LOOP_85_8" LOOP="VITIS_LOOP_83_7_VITIS_LOOP_85_8" BUNDLEDNAME="" DSP="0" BRAM="0" URAM="0"/>
	<BindNode BINDTYPE="op" DISPLAY="bind_op mux" ID="" IMPL="auto" LATENCY="0" OPTYPE="mux" PRAGMA="" RTLNAME="mux_164_64_1_1_U54" SOURCE="" VARIABLE="tmp_13_mid1" MODULE="mm_Pipeline_VITIS_LOOP_83_7_VITIS_LOOP_85_8" LOOP="VITIS_LOOP_83_7_VITIS_LOOP_85_8" BUNDLEDNAME="" DSP="0" BRAM="0" URAM="0"/>
	<BindNode BINDTYPE="op" DISPLAY="bind_op select" ID="" IMPL="auto_sel" LATENCY="0" OPTYPE="select" PRAGMA="" RTLNAME="tmp_13_mid2_fu_1767_p3" SOURCE="" VARIABLE="tmp_13_mid2" MODULE="mm_Pipeline_VITIS_LOOP_83_7_VITIS_LOOP_85_8" LOOP="VITIS_LOOP_83_7_VITIS_LOOP_85_8" BUNDLEDNAME="" DSP="0" BRAM="0" URAM="0"/>
	<BindNode BINDTYPE="op" DISPLAY="bind_op mux" ID="" IMPL="auto" LATENCY="0" OPTYPE="mux" PRAGMA="" RTLNAME="mux_164_64_1_1_U55" SOURCE="" VARIABLE="tmp_14_mid1" MODULE="mm_Pipeline_VITIS_LOOP_83_7_VITIS_LOOP_85_8" LOOP="VITIS_LOOP_83_7_VITIS_LOOP_85_8" BUNDLEDNAME="" DSP="0" BRAM="0" URAM="0"/>
	<BindNode BINDTYPE="op" DISPLAY="bind_op select" ID="" IMPL="auto_sel" LATENCY="0" OPTYPE="select" PRAGMA="" RTLNAME="tmp_14_mid2_fu_1812_p3" SOURCE="" VARIABLE="tmp_14_mid2" MODULE="mm_Pipeline_VITIS_LOOP_83_7_VITIS_LOOP_85_8" LOOP="VITIS_LOOP_83_7_VITIS_LOOP_85_8" BUNDLEDNAME="" DSP="0" BRAM="0" URAM="0"/>
	<BindNode BINDTYPE="op" DISPLAY="bind_op mux" ID="" IMPL="auto" LATENCY="0" OPTYPE="mux" PRAGMA="" RTLNAME="mux_164_64_1_1_U56" SOURCE="" VARIABLE="tmp_15_mid1" MODULE="mm_Pipeline_VITIS_LOOP_83_7_VITIS_LOOP_85_8" LOOP="VITIS_LOOP_83_7_VITIS_LOOP_85_8" BUNDLEDNAME="" DSP="0" BRAM="0" URAM="0"/>
	<BindNode BINDTYPE="op" DISPLAY="bind_op select" ID="" IMPL="auto_sel" LATENCY="0" OPTYPE="select" PRAGMA="" RTLNAME="tmp_15_mid2_fu_1857_p3" SOURCE="" VARIABLE="tmp_15_mid2" MODULE="mm_Pipeline_VITIS_LOOP_83_7_VITIS_LOOP_85_8" LOOP="VITIS_LOOP_83_7_VITIS_LOOP_85_8" BUNDLEDNAME="" DSP="0" BRAM="0" URAM="0"/>
	<BindNode BINDTYPE="op" DISPLAY="bind_op mux" ID="" IMPL="auto" LATENCY="0" OPTYPE="mux" PRAGMA="" RTLNAME="mux_164_64_1_1_U57" SOURCE="" VARIABLE="tmp_16_mid1" MODULE="mm_Pipeline_VITIS_LOOP_83_7_VITIS_LOOP_85_8" LOOP="VITIS_LOOP_83_7_VITIS_LOOP_85_8" BUNDLEDNAME="" DSP="0" BRAM="0" URAM="0"/>
	<BindNode BINDTYPE="op" DISPLAY="bind_op select" ID="" IMPL="auto_sel" LATENCY="0" OPTYPE="select" PRAGMA="" RTLNAME="tmp_16_mid2_fu_1902_p3" SOURCE="" VARIABLE="tmp_16_mid2" MODULE="mm_Pipeline_VITIS_LOOP_83_7_VITIS_LOOP_85_8" LOOP="VITIS_LOOP_83_7_VITIS_LOOP_85_8" BUNDLEDNAME="" DSP="0" BRAM="0" URAM="0"/>
	<BindNode BINDTYPE="op" DISPLAY="bind_op select" ID="" IMPL="auto_sel" LATENCY="0" OPTYPE="select" PRAGMA="" RTLNAME="indvars_iv24_mid2_fu_909_p3" SOURCE="" VARIABLE="indvars_iv24_mid2" MODULE="mm_Pipeline_VITIS_LOOP_83_7_VITIS_LOOP_85_8" LOOP="VITIS_LOOP_83_7_VITIS_LOOP_85_8" BUNDLEDNAME="" DSP="0" BRAM="0" URAM="0"/>
	<BindNode BINDTYPE="op" DISPLAY="bind_op mux" ID="" IMPL="auto" LATENCY="0" OPTYPE="mux" PRAGMA="" RTLNAME="mux_164_64_1_1_U34" SOURCE="" VARIABLE="tmp_16" MODULE="mm_Pipeline_VITIS_LOOP_83_7_VITIS_LOOP_85_8" LOOP="VITIS_LOOP_83_7_VITIS_LOOP_85_8" BUNDLEDNAME="" DSP="0" BRAM="0" URAM="0"/>
	<BindNode BINDTYPE="op" DISPLAY="bind_op dmul" ID="" IMPL="maxdsp" LATENCY="3" OPTYPE="dmul" PRAGMA="" RTLNAME="dmul_64ns_64ns_64_4_max_dsp_1_U10" SOURCE="" VARIABLE="mul" MODULE="mm_Pipeline_VITIS_LOOP_83_7_VITIS_LOOP_85_8" LOOP="VITIS_LOOP_83_7_VITIS_LOOP_85_8" BUNDLEDNAME="" DSP="11" BRAM="0" URAM="0"/>
	<BindNode BINDTYPE="op" DISPLAY="bind_op dadd" ID="" IMPL="fulldsp" LATENCY="3" OPTYPE="dadd" PRAGMA="" RTLNAME="dadd_64ns_64ns_64_4_full_dsp_1_U1" SOURCE="" VARIABLE="add" MODULE="mm_Pipeline_VITIS_LOOP_83_7_VITIS_LOOP_85_8" LOOP="VITIS_LOOP_83_7_VITIS_LOOP_85_8" BUNDLEDNAME="" DSP="3" BRAM="0" URAM="0"/>
	<BindNode BINDTYPE="op" DISPLAY="bind_op mux" ID="" IMPL="auto" LATENCY="0" OPTYPE="mux" PRAGMA="" RTLNAME="mux_164_64_1_1_U35" SOURCE="" VARIABLE="tmp_17" MODULE="mm_Pipeline_VITIS_LOOP_83_7_VITIS_LOOP_85_8" LOOP="VITIS_LOOP_83_7_VITIS_LOOP_85_8" BUNDLEDNAME="" DSP="0" BRAM="0" URAM="0"/>
	<BindNode BINDTYPE="op" DISPLAY="bind_op dmul" ID="" IMPL="maxdsp" LATENCY="3" OPTYPE="dmul" PRAGMA="" RTLNAME="dmul_64ns_64ns_64_4_max_dsp_1_U11" SOURCE="" VARIABLE="mul87_1" MODULE="mm_Pipeline_VITIS_LOOP_83_7_VITIS_LOOP_85_8" LOOP="VITIS_LOOP_83_7_VITIS_LOOP_85_8" BUNDLEDNAME="" DSP="11" BRAM="0" URAM="0"/>
	<BindNode BINDTYPE="op" DISPLAY="bind_op dadd" ID="" IMPL="fulldsp" LATENCY="3" OPTYPE="dadd" PRAGMA="" RTLNAME="dadd_64ns_64ns_64_4_full_dsp_1_U2" SOURCE="" VARIABLE="add92_1" MODULE="mm_Pipeline_VITIS_LOOP_83_7_VITIS_LOOP_85_8" LOOP="VITIS_LOOP_83_7_VITIS_LOOP_85_8" BUNDLEDNAME="" DSP="3" BRAM="0" URAM="0"/>
	<BindNode BINDTYPE="op" DISPLAY="bind_op mux" ID="" IMPL="auto" LATENCY="0" OPTYPE="mux" PRAGMA="" RTLNAME="mux_164_64_1_1_U36" SOURCE="" VARIABLE="tmp_18" MODULE="mm_Pipeline_VITIS_LOOP_83_7_VITIS_LOOP_85_8" LOOP="VITIS_LOOP_83_7_VITIS_LOOP_85_8" BUNDLEDNAME="" DSP="0" BRAM="0" URAM="0"/>
	<BindNode BINDTYPE="op" DISPLAY="bind_op dmul" ID="" IMPL="maxdsp" LATENCY="3" OPTYPE="dmul" PRAGMA="" RTLNAME="dmul_64ns_64ns_64_4_max_dsp_1_U12" SOURCE="" VARIABLE="mul87_2" MODULE="mm_Pipeline_VITIS_LOOP_83_7_VITIS_LOOP_85_8" LOOP="VITIS_LOOP_83_7_VITIS_LOOP_85_8" BUNDLEDNAME="" DSP="11" BRAM="0" URAM="0"/>
	<BindNode BINDTYPE="op" DISPLAY="bind_op dadd" ID="" IMPL="fulldsp" LATENCY="3" OPTYPE="dadd" PRAGMA="" RTLNAME="dadd_64ns_64ns_64_4_full_dsp_1_U3" SOURCE="" VARIABLE="add92_2" MODULE="mm_Pipeline_VITIS_LOOP_83_7_VITIS_LOOP_85_8" LOOP="VITIS_LOOP_83_7_VITIS_LOOP_85_8" BUNDLEDNAME="" DSP="3" BRAM="0" URAM="0"/>
	<BindNode BINDTYPE="op" DISPLAY="bind_op mux" ID="" IMPL="auto" LATENCY="0" OPTYPE="mux" PRAGMA="" RTLNAME="mux_164_64_1_1_U37" SOURCE="" VARIABLE="tmp_19" MODULE="mm_Pipeline_VITIS_LOOP_83_7_VITIS_LOOP_85_8" LOOP="VITIS_LOOP_83_7_VITIS_LOOP_85_8" BUNDLEDNAME="" DSP="0" BRAM="0" URAM="0"/>
	<BindNode BINDTYPE="op" DISPLAY="bind_op dmul" ID="" IMPL="maxdsp" LATENCY="3" OPTYPE="dmul" PRAGMA="" RTLNAME="dmul_64ns_64ns_64_4_max_dsp_1_U13" SOURCE="" VARIABLE="mul87_3" MODULE="mm_Pipeline_VITIS_LOOP_83_7_VITIS_LOOP_85_8" LOOP="VITIS_LOOP_83_7_VITIS_LOOP_85_8" BUNDLEDNAME="" DSP="11" BRAM="0" URAM="0"/>
	<BindNode BINDTYPE="op" DISPLAY="bind_op dadd" ID="" IMPL="fulldsp" LATENCY="3" OPTYPE="dadd" PRAGMA="" RTLNAME="dadd_64ns_64ns_64_4_full_dsp_1_U4" SOURCE="" VARIABLE="add92_3" MODULE="mm_Pipeline_VITIS_LOOP_83_7_VITIS_LOOP_85_8" LOOP="VITIS_LOOP_83_7_VITIS_LOOP_85_8" BUNDLEDNAME="" DSP="3" BRAM="0" URAM="0"/>
	<BindNode BINDTYPE="op" DISPLAY="bind_op mux" ID="" IMPL="auto" LATENCY="0" OPTYPE="mux" PRAGMA="" RTLNAME="mux_164_64_1_1_U38" SOURCE="" VARIABLE="tmp_20" MODULE="mm_Pipeline_VITIS_LOOP_83_7_VITIS_LOOP_85_8" LOOP="VITIS_LOOP_83_7_VITIS_LOOP_85_8" BUNDLEDNAME="" DSP="0" BRAM="0" URAM="0"/>
	<BindNode BINDTYPE="op" DISPLAY="bind_op dmul" ID="" IMPL="maxdsp" LATENCY="3" OPTYPE="dmul" PRAGMA="" RTLNAME="dmul_64ns_64ns_64_4_max_dsp_1_U14" SOURCE="" VARIABLE="mul87_4" MODULE="mm_Pipeline_VITIS_LOOP_83_7_VITIS_LOOP_85_8" LOOP="VITIS_LOOP_83_7_VITIS_LOOP_85_8" BUNDLEDNAME="" DSP="11" BRAM="0" URAM="0"/>
	<BindNode BINDTYPE="op" DISPLAY="bind_op dadd" ID="" IMPL="fulldsp" LATENCY="3" OPTYPE="dadd" PRAGMA="" RTLNAME="dadd_64ns_64ns_64_4_full_dsp_1_U5" SOURCE="" VARIABLE="add92_4" MODULE="mm_Pipeline_VITIS_LOOP_83_7_VITIS_LOOP_85_8" LOOP="VITIS_LOOP_83_7_VITIS_LOOP_85_8" BUNDLEDNAME="" DSP="3" BRAM="0" URAM="0"/>
	<BindNode BINDTYPE="op" DISPLAY="bind_op mux" ID="" IMPL="auto" LATENCY="0" OPTYPE="mux" PRAGMA="" RTLNAME="mux_164_64_1_1_U39" SOURCE="" VARIABLE="tmp_21" MODULE="mm_Pipeline_VITIS_LOOP_83_7_VITIS_LOOP_85_8" LOOP="VITIS_LOOP_83_7_VITIS_LOOP_85_8" BUNDLEDNAME="" DSP="0" BRAM="0" URAM="0"/>
	<BindNode BINDTYPE="op" DISPLAY="bind_op dmul" ID="" IMPL="maxdsp" LATENCY="3" OPTYPE="dmul" PRAGMA="" RTLNAME="dmul_64ns_64ns_64_4_max_dsp_1_U15" SOURCE="" VARIABLE="mul87_5" MODULE="mm_Pipeline_VITIS_LOOP_83_7_VITIS_LOOP_85_8" LOOP="VITIS_LOOP_83_7_VITIS_LOOP_85_8" BUNDLEDNAME="" DSP="11" BRAM="0" URAM="0"/>
	<BindNode BINDTYPE="op" DISPLAY="bind_op dadd" ID="" IMPL="fulldsp" LATENCY="3" OPTYPE="dadd" PRAGMA="" RTLNAME="dadd_64ns_64ns_64_4_full_dsp_1_U6" SOURCE="" VARIABLE="add92_5" MODULE="mm_Pipeline_VITIS_LOOP_83_7_VITIS_LOOP_85_8" LOOP="VITIS_LOOP_83_7_VITIS_LOOP_85_8" BUNDLEDNAME="" DSP="3" BRAM="0" URAM="0"/>
	<BindNode BINDTYPE="op" DISPLAY="bind_op mux" ID="" IMPL="auto" LATENCY="0" OPTYPE="mux" PRAGMA="" RTLNAME="mux_164_64_1_1_U40" SOURCE="" VARIABLE="tmp_22" MODULE="mm_Pipeline_VITIS_LOOP_83_7_VITIS_LOOP_85_8" LOOP="VITIS_LOOP_83_7_VITIS_LOOP_85_8" BUNDLEDNAME="" DSP="0" BRAM="0" URAM="0"/>
	<BindNode BINDTYPE="op" DISPLAY="bind_op dmul" ID="" IMPL="maxdsp" LATENCY="3" OPTYPE="dmul" PRAGMA="" RTLNAME="dmul_64ns_64ns_64_4_max_dsp_1_U16" SOURCE="" VARIABLE="mul87_6" MODULE="mm_Pipeline_VITIS_LOOP_83_7_VITIS_LOOP_85_8" LOOP="VITIS_LOOP_83_7_VITIS_LOOP_85_8" BUNDLEDNAME="" DSP="11" BRAM="0" URAM="0"/>
	<BindNode BINDTYPE="op" DISPLAY="bind_op dadd" ID="" IMPL="fulldsp" LATENCY="3" OPTYPE="dadd" PRAGMA="" RTLNAME="dadd_64ns_64ns_64_4_full_dsp_1_U7" SOURCE="" VARIABLE="add92_6" MODULE="mm_Pipeline_VITIS_LOOP_83_7_VITIS_LOOP_85_8" LOOP="VITIS_LOOP_83_7_VITIS_LOOP_85_8" BUNDLEDNAME="" DSP="3" BRAM="0" URAM="0"/>
	<BindNode BINDTYPE="op" DISPLAY="bind_op mux" ID="" IMPL="auto" LATENCY="0" OPTYPE="mux" PRAGMA="" RTLNAME="mux_164_64_1_1_U41" SOURCE="" VARIABLE="tmp_23" MODULE="mm_Pipeline_VITIS_LOOP_83_7_VITIS_LOOP_85_8" LOOP="VITIS_LOOP_83_7_VITIS_LOOP_85_8" BUNDLEDNAME="" DSP="0" BRAM="0" URAM="0"/>
	<BindNode BINDTYPE="op" DISPLAY="bind_op dmul" ID="" IMPL="maxdsp" LATENCY="3" OPTYPE="dmul" PRAGMA="" RTLNAME="dmul_64ns_64ns_64_4_max_dsp_1_U17" SOURCE="" VARIABLE="mul87_7" MODULE="mm_Pipeline_VITIS_LOOP_83_7_VITIS_LOOP_85_8" LOOP="VITIS_LOOP_83_7_VITIS_LOOP_85_8" BUNDLEDNAME="" DSP="11" BRAM="0" URAM="0"/>
	<BindNode BINDTYPE="op" DISPLAY="bind_op dadd" ID="" IMPL="fulldsp" LATENCY="3" OPTYPE="dadd" PRAGMA="" RTLNAME="dadd_64ns_64ns_64_4_full_dsp_1_U8" SOURCE="" VARIABLE="add92_7" MODULE="mm_Pipeline_VITIS_LOOP_83_7_VITIS_LOOP_85_8" LOOP="VITIS_LOOP_83_7_VITIS_LOOP_85_8" BUNDLEDNAME="" DSP="3" BRAM="0" URAM="0"/>
	<BindNode BINDTYPE="op" DISPLAY="bind_op mux" ID="" IMPL="auto" LATENCY="0" OPTYPE="mux" PRAGMA="" RTLNAME="mux_164_64_1_1_U58" SOURCE="" VARIABLE="tmp_24" MODULE="mm_Pipeline_VITIS_LOOP_83_7_VITIS_LOOP_85_8" LOOP="VITIS_LOOP_83_7_VITIS_LOOP_85_8" BUNDLEDNAME="" DSP="0" BRAM="0" URAM="0"/>
	<BindNode BINDTYPE="op" DISPLAY="bind_op dmul" ID="" IMPL="maxdsp" LATENCY="3" OPTYPE="dmul" PRAGMA="" RTLNAME="dmul_64ns_64ns_64_4_max_dsp_1_U10" SOURCE="" VARIABLE="mul87_8" MODULE="mm_Pipeline_VITIS_LOOP_83_7_VITIS_LOOP_85_8" LOOP="VITIS_LOOP_83_7_VITIS_LOOP_85_8" BUNDLEDNAME="" DSP="11" BRAM="0" URAM="0"/>
	<BindNode BINDTYPE="op" DISPLAY="bind_op dadd" ID="" IMPL="fulldsp" LATENCY="3" OPTYPE="dadd" PRAGMA="" RTLNAME="dadd_64ns_64ns_64_4_full_dsp_1_U1" SOURCE="" VARIABLE="add92_8" MODULE="mm_Pipeline_VITIS_LOOP_83_7_VITIS_LOOP_85_8" LOOP="VITIS_LOOP_83_7_VITIS_LOOP_85_8" BUNDLEDNAME="" DSP="3" BRAM="0" URAM="0"/>
	<BindNode BINDTYPE="op" DISPLAY="bind_op mux" ID="" IMPL="auto" LATENCY="0" OPTYPE="mux" PRAGMA="" RTLNAME="mux_164_64_1_1_U59" SOURCE="" VARIABLE="tmp_25" MODULE="mm_Pipeline_VITIS_LOOP_83_7_VITIS_LOOP_85_8" LOOP="VITIS_LOOP_83_7_VITIS_LOOP_85_8" BUNDLEDNAME="" DSP="0" BRAM="0" URAM="0"/>
	<BindNode BINDTYPE="op" DISPLAY="bind_op dmul" ID="" IMPL="maxdsp" LATENCY="3" OPTYPE="dmul" PRAGMA="" RTLNAME="dmul_64ns_64ns_64_4_max_dsp_1_U11" SOURCE="" VARIABLE="mul87_9" MODULE="mm_Pipeline_VITIS_LOOP_83_7_VITIS_LOOP_85_8" LOOP="VITIS_LOOP_83_7_VITIS_LOOP_85_8" BUNDLEDNAME="" DSP="11" BRAM="0" URAM="0"/>
	<BindNode BINDTYPE="op" DISPLAY="bind_op dadd" ID="" IMPL="fulldsp" LATENCY="3" OPTYPE="dadd" PRAGMA="" RTLNAME="dadd_64ns_64ns_64_4_full_dsp_1_U2" SOURCE="" VARIABLE="add92_9" MODULE="mm_Pipeline_VITIS_LOOP_83_7_VITIS_LOOP_85_8" LOOP="VITIS_LOOP_83_7_VITIS_LOOP_85_8" BUNDLEDNAME="" DSP="3" BRAM="0" URAM="0"/>
	<BindNode BINDTYPE="op" DISPLAY="bind_op mux" ID="" IMPL="auto" LATENCY="0" OPTYPE="mux" PRAGMA="" RTLNAME="mux_164_64_1_1_U60" SOURCE="" VARIABLE="tmp_26" MODULE="mm_Pipeline_VITIS_LOOP_83_7_VITIS_LOOP_85_8" LOOP="VITIS_LOOP_83_7_VITIS_LOOP_85_8" BUNDLEDNAME="" DSP="0" BRAM="0" URAM="0"/>
	<BindNode BINDTYPE="op" DISPLAY="bind_op dmul" ID="" IMPL="maxdsp" LATENCY="3" OPTYPE="dmul" PRAGMA="" RTLNAME="dmul_64ns_64ns_64_4_max_dsp_1_U12" SOURCE="" VARIABLE="mul87_s" MODULE="mm_Pipeline_VITIS_LOOP_83_7_VITIS_LOOP_85_8" LOOP="VITIS_LOOP_83_7_VITIS_LOOP_85_8" BUNDLEDNAME="" DSP="11" BRAM="0" URAM="0"/>
	<BindNode BINDTYPE="op" DISPLAY="bind_op dadd" ID="" IMPL="fulldsp" LATENCY="3" OPTYPE="dadd" PRAGMA="" RTLNAME="dadd_64ns_64ns_64_4_full_dsp_1_U3" SOURCE="" VARIABLE="add92_s" MODULE="mm_Pipeline_VITIS_LOOP_83_7_VITIS_LOOP_85_8" LOOP="VITIS_LOOP_83_7_VITIS_LOOP_85_8" BUNDLEDNAME="" DSP="3" BRAM="0" URAM="0"/>
	<BindNode BINDTYPE="op" DISPLAY="bind_op mux" ID="" IMPL="auto" LATENCY="0" OPTYPE="mux" PRAGMA="" RTLNAME="mux_164_64_1_1_U61" SOURCE="" VARIABLE="tmp_27" MODULE="mm_Pipeline_VITIS_LOOP_83_7_VITIS_LOOP_85_8" LOOP="VITIS_LOOP_83_7_VITIS_LOOP_85_8" BUNDLEDNAME="" DSP="0" BRAM="0" URAM="0"/>
	<BindNode BINDTYPE="op" DISPLAY="bind_op dmul" ID="" IMPL="maxdsp" LATENCY="3" OPTYPE="dmul" PRAGMA="" RTLNAME="dmul_64ns_64ns_64_4_max_dsp_1_U13" SOURCE="" VARIABLE="mul87_10" MODULE="mm_Pipeline_VITIS_LOOP_83_7_VITIS_LOOP_85_8" LOOP="VITIS_LOOP_83_7_VITIS_LOOP_85_8" BUNDLEDNAME="" DSP="11" BRAM="0" URAM="0"/>
	<BindNode BINDTYPE="op" DISPLAY="bind_op dadd" ID="" IMPL="fulldsp" LATENCY="3" OPTYPE="dadd" PRAGMA="" RTLNAME="dadd_64ns_64ns_64_4_full_dsp_1_U4" SOURCE="" VARIABLE="add92_10" MODULE="mm_Pipeline_VITIS_LOOP_83_7_VITIS_LOOP_85_8" LOOP="VITIS_LOOP_83_7_VITIS_LOOP_85_8" BUNDLEDNAME="" DSP="3" BRAM="0" URAM="0"/>
	<BindNode BINDTYPE="op" DISPLAY="bind_op mux" ID="" IMPL="auto" LATENCY="0" OPTYPE="mux" PRAGMA="" RTLNAME="mux_164_64_1_1_U62" SOURCE="" VARIABLE="tmp_28" MODULE="mm_Pipeline_VITIS_LOOP_83_7_VITIS_LOOP_85_8" LOOP="VITIS_LOOP_83_7_VITIS_LOOP_85_8" BUNDLEDNAME="" DSP="0" BRAM="0" URAM="0"/>
	<BindNode BINDTYPE="op" DISPLAY="bind_op dmul" ID="" IMPL="maxdsp" LATENCY="3" OPTYPE="dmul" PRAGMA="" RTLNAME="dmul_64ns_64ns_64_4_max_dsp_1_U14" SOURCE="" VARIABLE="mul87_11" MODULE="mm_Pipeline_VITIS_LOOP_83_7_VITIS_LOOP_85_8" LOOP="VITIS_LOOP_83_7_VITIS_LOOP_85_8" BUNDLEDNAME="" DSP="11" BRAM="0" URAM="0"/>
	<BindNode BINDTYPE="op" DISPLAY="bind_op dadd" ID="" IMPL="fulldsp" LATENCY="3" OPTYPE="dadd" PRAGMA="" RTLNAME="dadd_64ns_64ns_64_4_full_dsp_1_U5" SOURCE="" VARIABLE="add92_11" MODULE="mm_Pipeline_VITIS_LOOP_83_7_VITIS_LOOP_85_8" LOOP="VITIS_LOOP_83_7_VITIS_LOOP_85_8" BUNDLEDNAME="" DSP="3" BRAM="0" URAM="0"/>
	<BindNode BINDTYPE="op" DISPLAY="bind_op mux" ID="" IMPL="auto" LATENCY="0" OPTYPE="mux" PRAGMA="" RTLNAME="mux_164_64_1_1_U63" SOURCE="" VARIABLE="tmp_29" MODULE="mm_Pipeline_VITIS_LOOP_83_7_VITIS_LOOP_85_8" LOOP="VITIS_LOOP_83_7_VITIS_LOOP_85_8" BUNDLEDNAME="" DSP="0" BRAM="0" URAM="0"/>
	<BindNode BINDTYPE="op" DISPLAY="bind_op dmul" ID="" IMPL="maxdsp" LATENCY="3" OPTYPE="dmul" PRAGMA="" RTLNAME="dmul_64ns_64ns_64_4_max_dsp_1_U15" SOURCE="" VARIABLE="mul87_12" MODULE="mm_Pipeline_VITIS_LOOP_83_7_VITIS_LOOP_85_8" LOOP="VITIS_LOOP_83_7_VITIS_LOOP_85_8" BUNDLEDNAME="" DSP="11" BRAM="0" URAM="0"/>
	<BindNode BINDTYPE="op" DISPLAY="bind_op dadd" ID="" IMPL="fulldsp" LATENCY="3" OPTYPE="dadd" PRAGMA="" RTLNAME="dadd_64ns_64ns_64_4_full_dsp_1_U6" SOURCE="" VARIABLE="add92_12" MODULE="mm_Pipeline_VITIS_LOOP_83_7_VITIS_LOOP_85_8" LOOP="VITIS_LOOP_83_7_VITIS_LOOP_85_8" BUNDLEDNAME="" DSP="3" BRAM="0" URAM="0"/>
	<BindNode BINDTYPE="op" DISPLAY="bind_op mux" ID="" IMPL="auto" LATENCY="0" OPTYPE="mux" PRAGMA="" RTLNAME="mux_164_64_1_1_U64" SOURCE="" VARIABLE="tmp_30" MODULE="mm_Pipeline_VITIS_LOOP_83_7_VITIS_LOOP_85_8" LOOP="VITIS_LOOP_83_7_VITIS_LOOP_85_8" BUNDLEDNAME="" DSP="0" BRAM="0" URAM="0"/>
	<BindNode BINDTYPE="op" DISPLAY="bind_op dmul" ID="" IMPL="maxdsp" LATENCY="3" OPTYPE="dmul" PRAGMA="" RTLNAME="dmul_64ns_64ns_64_4_max_dsp_1_U16" SOURCE="" VARIABLE="mul87_13" MODULE="mm_Pipeline_VITIS_LOOP_83_7_VITIS_LOOP_85_8" LOOP="VITIS_LOOP_83_7_VITIS_LOOP_85_8" BUNDLEDNAME="" DSP="11" BRAM="0" URAM="0"/>
	<BindNode BINDTYPE="op" DISPLAY="bind_op dadd" ID="" IMPL="fulldsp" LATENCY="3" OPTYPE="dadd" PRAGMA="" RTLNAME="dadd_64ns_64ns_64_4_full_dsp_1_U7" SOURCE="" VARIABLE="add92_13" MODULE="mm_Pipeline_VITIS_LOOP_83_7_VITIS_LOOP_85_8" LOOP="VITIS_LOOP_83_7_VITIS_LOOP_85_8" BUNDLEDNAME="" DSP="3" BRAM="0" URAM="0"/>
	<BindNode BINDTYPE="op" DISPLAY="bind_op mux" ID="" IMPL="auto" LATENCY="0" OPTYPE="mux" PRAGMA="" RTLNAME="mux_164_64_1_1_U65" SOURCE="" VARIABLE="tmp_31" MODULE="mm_Pipeline_VITIS_LOOP_83_7_VITIS_LOOP_85_8" LOOP="VITIS_LOOP_83_7_VITIS_LOOP_85_8" BUNDLEDNAME="" DSP="0" BRAM="0" URAM="0"/>
	<BindNode BINDTYPE="op" DISPLAY="bind_op dmul" ID="" IMPL="maxdsp" LATENCY="3" OPTYPE="dmul" PRAGMA="" RTLNAME="dmul_64ns_64ns_64_4_max_dsp_1_U17" SOURCE="" VARIABLE="mul87_14" MODULE="mm_Pipeline_VITIS_LOOP_83_7_VITIS_LOOP_85_8" LOOP="VITIS_LOOP_83_7_VITIS_LOOP_85_8" BUNDLEDNAME="" DSP="11" BRAM="0" URAM="0"/>
	<BindNode BINDTYPE="op" DISPLAY="bind_op dadd" ID="" IMPL="fulldsp" LATENCY="3" OPTYPE="dadd" PRAGMA="" RTLNAME="dadd_64ns_64ns_64_4_full_dsp_1_U8" SOURCE="" VARIABLE="add92_14" MODULE="mm_Pipeline_VITIS_LOOP_83_7_VITIS_LOOP_85_8" LOOP="VITIS_LOOP_83_7_VITIS_LOOP_85_8" BUNDLEDNAME="" DSP="3" BRAM="0" URAM="0"/>
	<BindNode BINDTYPE="op" DISPLAY="bind_op dadd" ID="" IMPL="fabric" LATENCY="2" OPTYPE="dadd" PRAGMA="" RTLNAME="dadd_64ns_64ns_64_3_no_dsp_1_U9" SOURCE="" VARIABLE="add1" MODULE="mm_Pipeline_VITIS_LOOP_83_7_VITIS_LOOP_85_8" LOOP="VITIS_LOOP_83_7_VITIS_LOOP_85_8" BUNDLEDNAME="" DSP="0" BRAM="0" URAM="0"/>
	<BindNode BINDTYPE="op" DISPLAY="bind_op add" ID="" IMPL="fabric" LATENCY="0" OPTYPE="add" PRAGMA="" RTLNAME="indvars_iv_next_fu_1233_p2" SOURCE="" VARIABLE="indvars_iv_next" MODULE="mm_Pipeline_VITIS_LOOP_83_7_VITIS_LOOP_85_8" LOOP="VITIS_LOOP_83_7_VITIS_LOOP_85_8" BUNDLEDNAME="" DSP="0" BRAM="0" URAM="0"/>
	<BindNode BINDTYPE="op" DISPLAY="bind_op add" ID="" IMPL="fabric" LATENCY="0" OPTYPE="add" PRAGMA="" RTLNAME="sub_i_i_i_i_i_i_fu_100_p2" SOURCE="" VARIABLE="sub_i_i_i_i_i_i" MODULE="mm" LOOP="" BUNDLEDNAME="" DSP="0" BRAM="0" URAM="0"/>
	<BindNode BINDTYPE="op" DISPLAY="bind_op sub" ID="" IMPL="fabric" LATENCY="0" OPTYPE="sub" PRAGMA="" RTLNAME="sub_i141_i_i_i_fu_114_p2" SOURCE="" VARIABLE="sub_i141_i_i_i" MODULE="mm" LOOP="" BUNDLEDNAME="" DSP="0" BRAM="0" URAM="0"/>
	<BindNode BINDTYPE="op" DISPLAY="bind_op select" ID="" IMPL="auto_sel" LATENCY="0" OPTYPE="select" PRAGMA="" RTLNAME="cond_i_i_i_i_fu_124_p3" SOURCE="" VARIABLE="cond_i_i_i_i" MODULE="mm" LOOP="" BUNDLEDNAME="" DSP="0" BRAM="0" URAM="0"/>
	<BindNode BINDTYPE="op" DISPLAY="bind_op lshr" ID="" IMPL="auto_pipe" LATENCY="0" OPTYPE="lshr" PRAGMA="" RTLNAME="shr_i_i_i_i_i_fu_140_p2" SOURCE="" VARIABLE="shr_i_i_i_i_i" MODULE="mm" LOOP="" BUNDLEDNAME="" DSP="0" BRAM="0" URAM="0"/>
	<BindNode BINDTYPE="op" DISPLAY="bind_op shl" ID="" IMPL="auto_pipe" LATENCY="0" OPTYPE="shl" PRAGMA="" RTLNAME="shl_i_i_i_i_i_fu_146_p2" SOURCE="" VARIABLE="shl_i_i_i_i_i" MODULE="mm" LOOP="" BUNDLEDNAME="" DSP="0" BRAM="0" URAM="0"/>
	<BindNode BINDTYPE="op" DISPLAY="bind_op select" ID="" IMPL="auto_sel" LATENCY="0" OPTYPE="select" PRAGMA="" RTLNAME="empty_10_fu_174_p3" SOURCE="" VARIABLE="empty_10" MODULE="mm" LOOP="" BUNDLEDNAME="" DSP="0" BRAM="0" URAM="0"/>
	<BindNode BINDTYPE="op" DISPLAY="bind_op sub" ID="" IMPL="fabric" LATENCY="0" OPTYPE="sub" PRAGMA="" RTLNAME="sub_i_i_i_i_fu_182_p2" SOURCE="" VARIABLE="sub_i_i_i_i" MODULE="mm" LOOP="" BUNDLEDNAME="" DSP="0" BRAM="0" URAM="0"/>
	<BindNode BINDTYPE="op" DISPLAY="bind_op select" ID="" IMPL="auto_sel" LATENCY="0" OPTYPE="select" PRAGMA="" RTLNAME="ap_return" SOURCE="" VARIABLE="result_0_i_i_i" MODULE="mm" LOOP="" BUNDLEDNAME="" DSP="0" BRAM="0" URAM="0"/>
</BindInfo>
