<xilinx:hls_fe_msgs>
    <msg msg_groups="PRAGMA_VERBOSE_DUMP" msg_id="207-5471" msg_severity="WARNING" msg_loc="/home/bruno/Desktop/benchmarks/gemm/run_hls_2.tcl:77:9" msg_body="HLS pragma dump">
        <args ARG_PragmaContext="directive" ARG_PragmaFunction="mm" ARG_PragmaIsValid="1" ARG_PragmaOptions="name=mm" ARG_PragmaType="top" ClangWarningOption="dump-hls-pragmas"/>
    </msg>
    <msg msg_groups="PRAGMA_VERBOSE_DUMP" msg_id="207-5471" msg_severity="WARNING" msg_loc="gemm_taffoin.c:55:9" msg_body="HLS pragma dump">
        <args ARG_PragmaFunction="mm" ARG_PragmaIsValid="1" ARG_PragmaOptions="dim=1 type=complete variable=A" ARG_PragmaType="array_partition" ClangWarningOption="dump-hls-pragmas"/>
    </msg>
    <msg msg_groups="PRAGMA_VERBOSE_DUMP" msg_id="207-5471" msg_severity="WARNING" msg_loc="gemm_taffoin.c:56:9" msg_body="HLS pragma dump">
        <args ARG_PragmaFunction="mm" ARG_PragmaIsValid="1" ARG_PragmaOptions="dim=1 type=complete variable=B" ARG_PragmaType="array_partition" ClangWarningOption="dump-hls-pragmas"/>
    </msg>
    <msg msg_groups="PRAGMA_VERBOSE_DUMP" msg_id="207-5471" msg_severity="WARNING" msg_loc="gemm_taffoin.c:87:9" msg_body="HLS pragma dump">
        <args ARG_PragmaFunction="mm" ARG_PragmaIsValid="1" ARG_PragmaOptions="II=1" ARG_PragmaType="pipeline" ClangWarningOption="dump-hls-pragmas"/>
    </msg>
</xilinx:hls_fe_msgs>

