<stg><name>mm</name>


<trans_list>

<trans id="33" from="1" to="2">
<condition id="-1">
<or_exp><and_exp></and_exp></or_exp>
</condition>
</trans>

<trans id="34" from="2" to="3">
<condition id="-1">
<or_exp><and_exp></and_exp></or_exp>
</condition>
</trans>
</trans_list>



<state_list>

<state id="1" st_id="1">

<operation id="4" st_id="1" stage="1" lat="1">
<core>NULL</core>
<MemPortIdVec></MemPortIdVec>
<condition id="-1">
<or_exp><and_exp></and_exp></or_exp>
</condition>

<Node id="1" bw="64" op_0_bw="64">
<![CDATA[
entry:0 %sum_13_loc = alloca i64 1

]]></Node>
<StgValue><ssdm name="sum_13_loc"/></StgValue>
</operation>

<operation id="5" st_id="1" stage="2" lat="2">
<core></core>
<MemPortIdVec></MemPortIdVec>
<condition id="-1">
<or_exp><and_exp></and_exp></or_exp>
</condition>

<Node id="4" bw="0" op_0_bw="0" op_1_bw="64">
<![CDATA[
entry:3 %call_ln0 = call void @mm_Pipeline_VITIS_LOOP_83_7_VITIS_LOOP_85_8, i64 %sum_13_loc

]]></Node>
<StgValue><ssdm name="call_ln0"/></StgValue>
</operation>
</state>

<state id="2" st_id="2">

<operation id="6" st_id="2" stage="1" lat="2">
<core></core>
<MemPortIdVec></MemPortIdVec>
<condition id="-1">
<or_exp><and_exp></and_exp></or_exp>
</condition>

<Node id="4" bw="0" op_0_bw="0" op_1_bw="64">
<![CDATA[
entry:3 %call_ln0 = call void @mm_Pipeline_VITIS_LOOP_83_7_VITIS_LOOP_85_8, i64 %sum_13_loc

]]></Node>
<StgValue><ssdm name="call_ln0"/></StgValue>
</operation>
</state>

<state id="3" st_id="3">

<operation id="7" st_id="3" stage="1" lat="1">
<core>NULL</core>
<MemPortIdVec></MemPortIdVec>
<condition id="-1">
<or_exp><and_exp></and_exp></or_exp>
</condition>

<Node id="2" bw="0" op_0_bw="0" op_1_bw="32">
<![CDATA[
entry:1 %specbitsmap_ln0 = specbitsmap void @_ssdm_op_SpecBitsMap, i32 0

]]></Node>
<StgValue><ssdm name="specbitsmap_ln0"/></StgValue>
</operation>

<operation id="8" st_id="3" stage="1" lat="1">
<core>NULL</core>
<MemPortIdVec></MemPortIdVec>
<condition id="-1">
<or_exp><and_exp></and_exp></or_exp>
</condition>

<Node id="3" bw="0" op_0_bw="0" op_1_bw="0">
<![CDATA[
entry:2 %spectopmodule_ln0 = spectopmodule void @_ssdm_op_SpecTopModule, void @empty

]]></Node>
<StgValue><ssdm name="spectopmodule_ln0"/></StgValue>
</operation>

<operation id="9" st_id="3" stage="1" lat="1">
<core>NULL</core>
<MemPortIdVec></MemPortIdVec>
<condition id="-1">
<or_exp><and_exp></and_exp></or_exp>
</condition>

<Node id="5" bw="64" op_0_bw="64" op_1_bw="0">
<![CDATA[
entry:4 %sum_13_loc_load = load i64 %sum_13_loc

]]></Node>
<StgValue><ssdm name="sum_13_loc_load"/></StgValue>
</operation>

<operation id="10" st_id="3" stage="1" lat="1">
<core>NULL</core>
<MemPortIdVec></MemPortIdVec>
<condition id="-1">
<or_exp><and_exp></and_exp></or_exp>
</condition>

<Node id="6" bw="64" op_0_bw="64">
<![CDATA[
entry:5 %empty = bitcast i64 %sum_13_loc_load

]]></Node>
<StgValue><ssdm name="empty"/></StgValue>
</operation>

<operation id="11" st_id="3" stage="1" lat="1">
<core>NULL</core>
<MemPortIdVec></MemPortIdVec>
<condition id="-1">
<or_exp><and_exp></and_exp></or_exp>
</condition>

<Node id="7" bw="1" op_0_bw="1" op_1_bw="64" op_2_bw="32">
<![CDATA[
entry:6 %tmp = bitselect i1 @_ssdm_op_BitSelect.i1.i64.i32, i64 %empty, i32 63

]]></Node>
<StgValue><ssdm name="tmp"/></StgValue>
</operation>

<operation id="12" st_id="3" stage="1" lat="1">
<core>NULL</core>
<MemPortIdVec></MemPortIdVec>
<condition id="-1">
<or_exp><and_exp></and_exp></or_exp>
</condition>

<Node id="8" bw="11" op_0_bw="11" op_1_bw="64" op_2_bw="32" op_3_bw="32">
<![CDATA[
entry:7 %tmp1 = partselect i11 @_ssdm_op_PartSelect.i11.i64.i32.i32, i64 %empty, i32 52, i32 62

]]></Node>
<StgValue><ssdm name="tmp1"/></StgValue>
</operation>

<operation id="13" st_id="3" stage="1" lat="1">
<core>NULL</core>
<MemPortIdVec></MemPortIdVec>
<condition id="-1">
<or_exp><and_exp></and_exp></or_exp>
</condition>

<Node id="9" bw="52" op_0_bw="64">
<![CDATA[
entry:8 %empty_9 = trunc i64 %empty

]]></Node>
<StgValue><ssdm name="empty_9"/></StgValue>
</operation>

<operation id="14" st_id="3" stage="1" lat="1">
<core>NULL</core>
<MemPortIdVec></MemPortIdVec>
<condition id="-1">
<or_exp><and_exp></and_exp></or_exp>
</condition>

<Node id="10" bw="54" op_0_bw="54" op_1_bw="1" op_2_bw="52" op_3_bw="1">
<![CDATA[
entry:9 %shl_i_i_i_i_i_i_cast_cast = bitconcatenate i54 @_ssdm_op_BitConcatenate.i54.i1.i52.i1, i1 1, i52 %empty_9, i1 0

]]></Node>
<StgValue><ssdm name="shl_i_i_i_i_i_i_cast_cast"/></StgValue>
</operation>

<operation id="15" st_id="3" stage="1" lat="1">
<core>NULL</core>
<MemPortIdVec></MemPortIdVec>
<condition id="-1">
<or_exp><and_exp></and_exp></or_exp>
</condition>

<Node id="11" bw="137" op_0_bw="54">
<![CDATA[
entry:10 %shl_i_i_i_i_i_i_cast_cast_cast = zext i54 %shl_i_i_i_i_i_i_cast_cast

]]></Node>
<StgValue><ssdm name="shl_i_i_i_i_i_i_cast_cast_cast"/></StgValue>
</operation>

<operation id="16" st_id="3" stage="1" lat="1">
<core>NULL</core>
<MemPortIdVec></MemPortIdVec>
<condition id="-1">
<or_exp><and_exp></and_exp></or_exp>
</condition>

<Node id="12" bw="12" op_0_bw="11">
<![CDATA[
entry:11 %tmp_cast = zext i11 %tmp1

]]></Node>
<StgValue><ssdm name="tmp_cast"/></StgValue>
</operation>

<operation id="17" st_id="3" stage="1" lat="1">
<core>Adder</core>
<MemPortIdVec></MemPortIdVec>
<condition id="-1">
<or_exp><and_exp></and_exp></or_exp>
</condition>

<Node id="13" bw="12" op_0_bw="12" op_1_bw="12">
<![CDATA[
entry:12 %sub_i_i_i_i_i_i = add i12 %tmp_cast, i12 3073

]]></Node>
<StgValue><ssdm name="sub_i_i_i_i_i_i"/></StgValue>
</operation>

<operation id="18" st_id="3" stage="1" lat="1">
<core>NULL</core>
<MemPortIdVec></MemPortIdVec>
<condition id="-1">
<or_exp><and_exp></and_exp></or_exp>
</condition>

<Node id="14" bw="1" op_0_bw="1" op_1_bw="12" op_2_bw="32">
<![CDATA[
entry:13 %tmp_2 = bitselect i1 @_ssdm_op_BitSelect.i1.i12.i32, i12 %sub_i_i_i_i_i_i, i32 11

]]></Node>
<StgValue><ssdm name="tmp_2"/></StgValue>
</operation>

<operation id="19" st_id="3" stage="1" lat="1">
<core>Adder</core>
<MemPortIdVec></MemPortIdVec>
<condition id="-1">
<or_exp><and_exp></and_exp></or_exp>
</condition>

<Node id="15" bw="11" op_0_bw="11" op_1_bw="11">
<![CDATA[
entry:14 %sub_i141_i_i_i = sub i11 1023, i11 %tmp1

]]></Node>
<StgValue><ssdm name="sub_i141_i_i_i"/></StgValue>
</operation>

<operation id="20" st_id="3" stage="1" lat="1">
<core>NULL</core>
<MemPortIdVec></MemPortIdVec>
<condition id="-1">
<or_exp><and_exp></and_exp></or_exp>
</condition>

<Node id="16" bw="12" op_0_bw="11">
<![CDATA[
entry:15 %sub_i141_i_i_i_cast = sext i11 %sub_i141_i_i_i

]]></Node>
<StgValue><ssdm name="sub_i141_i_i_i_cast"/></StgValue>
</operation>

<operation id="21" st_id="3" stage="1" lat="1">
<core>Sel</core>
<MemPortIdVec></MemPortIdVec>
<condition id="-1">
<or_exp><and_exp></and_exp></or_exp>
</condition>

<Node id="17" bw="12" op_0_bw="1" op_1_bw="12" op_2_bw="12">
<![CDATA[
entry:16 %cond_i_i_i_i = select i1 %tmp_2, i12 %sub_i141_i_i_i_cast, i12 %sub_i_i_i_i_i_i

]]></Node>
<StgValue><ssdm name="cond_i_i_i_i"/></StgValue>
</operation>

<operation id="22" st_id="3" stage="1" lat="1">
<core>NULL</core>
<MemPortIdVec></MemPortIdVec>
<condition id="-1">
<or_exp><and_exp></and_exp></or_exp>
</condition>

<Node id="18" bw="32" op_0_bw="12">
<![CDATA[
entry:17 %sh_prom_i63_i_i_i_i_cast_cast_cast = sext i12 %cond_i_i_i_i

]]></Node>
<StgValue><ssdm name="sh_prom_i63_i_i_i_i_cast_cast_cast"/></StgValue>
</operation>

<operation id="23" st_id="3" stage="1" lat="1">
<core>NULL</core>
<MemPortIdVec></MemPortIdVec>
<condition id="-1">
<or_exp><and_exp></and_exp></or_exp>
</condition>

<Node id="19" bw="137" op_0_bw="32">
<![CDATA[
entry:18 %sh_prom_i63_i_i_i_i_cast_cast_cast_cast = zext i32 %sh_prom_i63_i_i_i_i_cast_cast_cast

]]></Node>
<StgValue><ssdm name="sh_prom_i63_i_i_i_i_cast_cast_cast_cast"/></StgValue>
</operation>

<operation id="24" st_id="3" stage="1" lat="1">
<core>Shifter</core>
<MemPortIdVec></MemPortIdVec>
<condition id="-1">
<or_exp><and_exp></and_exp></or_exp>
</condition>

<Node id="20" bw="137" op_0_bw="137" op_1_bw="137">
<![CDATA[
entry:19 %shr_i_i_i_i_i = lshr i137 %shl_i_i_i_i_i_i_cast_cast_cast, i137 %sh_prom_i63_i_i_i_i_cast_cast_cast_cast

]]></Node>
<StgValue><ssdm name="shr_i_i_i_i_i"/></StgValue>
</operation>

<operation id="25" st_id="3" stage="1" lat="1">
<core>Shifter</core>
<MemPortIdVec></MemPortIdVec>
<condition id="-1">
<or_exp><and_exp></and_exp></or_exp>
</condition>

<Node id="21" bw="137" op_0_bw="137" op_1_bw="137">
<![CDATA[
entry:20 %shl_i_i_i_i_i = shl i137 %shl_i_i_i_i_i_i_cast_cast_cast, i137 %sh_prom_i63_i_i_i_i_cast_cast_cast_cast

]]></Node>
<StgValue><ssdm name="shl_i_i_i_i_i"/></StgValue>
</operation>

<operation id="26" st_id="3" stage="1" lat="1">
<core>NULL</core>
<MemPortIdVec></MemPortIdVec>
<condition id="-1">
<or_exp><and_exp></and_exp></or_exp>
</condition>

<Node id="22" bw="1" op_0_bw="1" op_1_bw="137" op_2_bw="32">
<![CDATA[
entry:21 %tmp_3 = bitselect i1 @_ssdm_op_BitSelect.i1.i137.i32, i137 %shr_i_i_i_i_i, i32 53

]]></Node>
<StgValue><ssdm name="tmp_3"/></StgValue>
</operation>

<operation id="27" st_id="3" stage="1" lat="1">
<core>NULL</core>
<MemPortIdVec></MemPortIdVec>
<condition id="-1">
<or_exp><and_exp></and_exp></or_exp>
</condition>

<Node id="23" bw="32" op_0_bw="1">
<![CDATA[
entry:22 %tmp_33_cast = zext i1 %tmp_3

]]></Node>
<StgValue><ssdm name="tmp_33_cast"/></StgValue>
</operation>

<operation id="28" st_id="3" stage="1" lat="1">
<core>NULL</core>
<MemPortIdVec></MemPortIdVec>
<condition id="-1">
<or_exp><and_exp></and_exp></or_exp>
</condition>

<Node id="24" bw="32" op_0_bw="32" op_1_bw="137" op_2_bw="32" op_3_bw="32">
<![CDATA[
entry:23 %tmp_s = partselect i32 @_ssdm_op_PartSelect.i32.i137.i32.i32, i137 %shl_i_i_i_i_i, i32 53, i32 84

]]></Node>
<StgValue><ssdm name="tmp_s"/></StgValue>
</operation>

<operation id="29" st_id="3" stage="1" lat="1">
<core>Sel</core>
<MemPortIdVec></MemPortIdVec>
<condition id="-1">
<or_exp><and_exp></and_exp></or_exp>
</condition>

<Node id="25" bw="32" op_0_bw="1" op_1_bw="32" op_2_bw="32">
<![CDATA[
entry:24 %empty_10 = select i1 %tmp_2, i32 %tmp_33_cast, i32 %tmp_s

]]></Node>
<StgValue><ssdm name="empty_10"/></StgValue>
</operation>

<operation id="30" st_id="3" stage="1" lat="1">
<core>Adder</core>
<MemPortIdVec></MemPortIdVec>
<condition id="-1">
<or_exp><and_exp></and_exp></or_exp>
</condition>

<Node id="26" bw="32" op_0_bw="32" op_1_bw="32">
<![CDATA[
entry:25 %sub_i_i_i_i = sub i32 0, i32 %empty_10

]]></Node>
<StgValue><ssdm name="sub_i_i_i_i"/></StgValue>
</operation>

<operation id="31" st_id="3" stage="1" lat="1">
<core>Sel</core>
<MemPortIdVec></MemPortIdVec>
<condition id="-1">
<or_exp><and_exp></and_exp></or_exp>
</condition>

<Node id="27" bw="32" op_0_bw="1" op_1_bw="32" op_2_bw="32">
<![CDATA[
entry:26 %result_0_i_i_i = select i1 %tmp, i32 %sub_i_i_i_i, i32 %empty_10

]]></Node>
<StgValue><ssdm name="result_0_i_i_i"/></StgValue>
</operation>

<operation id="32" st_id="3" stage="1" lat="1">
<core>NULL</core>
<MemPortIdVec></MemPortIdVec>
<condition id="-1">
<or_exp><and_exp></and_exp></or_exp>
</condition>

<Node id="28" bw="0" op_0_bw="32">
<![CDATA[
entry:27 %ret_ln0 = ret i32 %result_0_i_i_i

]]></Node>
<StgValue><ssdm name="ret_ln0"/></StgValue>
</operation>
</state>
</state_list>


<ports>
</ports>


<dataflows>
</dataflows>


</stg>
