<profile>

<section name = "Vitis HLS Report for 'mm'" level="0">
<item name = "Date">Sat Nov 11 00:28:31 2023
</item>
<item name = "Version">2022.2 (Build 3670227 on Oct 13 2022)</item>
<item name = "Project">proj_gemm</item>
<item name = "Solution">solution1 (Vivado IP Flow Target)</item>
<item name = "Product family">virtex7</item>
<item name = "Target device">xc7v585t-ffg1761-2</item>
</section>

<section name = "Performance Estimates" level="0">
<item name = "Timing">
<section name = "" level="1">
<item name = "Summary"><table name="" hasTotal="0">
<keys size="4">Clock, Target, Estimated, Uncertainty</keys>
<column name="ap_clk">20.00 ns, 13.284 ns, 5.40 ns</column>
</table>
</item>
</section>
</item>
<item name = "Latency">
<section name = "" level="1">
<item name = "Summary"><table name="" hasTotal="0">
<keys size="8">, min, max, min, max, min, max, Type</keys>
<column name="">585, 585, 11.700 us, 11.700 us, 586, 586, no</column>
</table>
</item>
<item name = "Detail">
<section name = "" level="1">
<item name = "Instance"><table name="" hasTotal="0">
<keys size="9">Instance, Module, min, max, min, max, min, max, Type</keys>
<column name="grp_mm_Pipeline_VITIS_LOOP_83_7_VITIS_LOOP_85_8_fu_48">mm_Pipeline_VITIS_LOOP_83_7_VITIS_LOOP_85_8, 583, 583, 11.660 us, 11.660 us, 583, 583, no</column>
</table>
</item>
<item name = "Loop"><table name="" hasTotal="0">
<keys size="8">Loop Name, min, max, Latency, achieved, target, Count, Pipelined</keys>
</table>
</item>
</section>
</item>
</section>
</item>
</section>

<section name = "Utilization Estimates" level="0">
<item name = "Summary"><table name="" hasTotal="1">
<keys size="6">Name, BRAM_18K, DSP, FF, LUT, URAM</keys>
<column name="DSP">-, -, -, -, -</column>
<column name="Expression">-, -, 0, 1072, -</column>
<column name="FIFO">-, -, -, -, -</column>
<column name="Instance">-, 112, 9138, 13551, -</column>
<column name="Memory">-, -, -, -, -</column>
<column name="Multiplexer">-, -, -, 17, -</column>
<column name="Register">-, -, 4, -, -</column>
<specialColumn name="Available">1590, 1260, 728400, 364200, 0</specialColumn>
<specialColumn name="Utilization (%)">0, 8, 1, 4, 0</specialColumn>
</table>
</item>
<item name = "Detail">
<section name = "" level="1">
<item name = "Instance"><table name="" hasTotal="1">
<keys size="7">Instance, Module, BRAM_18K, DSP, FF, LUT, URAM</keys>
<column name="grp_mm_Pipeline_VITIS_LOOP_83_7_VITIS_LOOP_85_8_fu_48">mm_Pipeline_VITIS_LOOP_83_7_VITIS_LOOP_85_8, 0, 112, 9138, 13551, 0</column>
</table>
</item>
<item name = "DSP"><table name="" hasTotal="0">
<keys size="3">Instance, Module, Expression</keys>
</table>
</item>
<item name = "Memory"><table name="" hasTotal="1">
<keys size="10">Memory, Module, BRAM_18K, FF, LUT, URAM, Words, Bits, Banks, W*Bits*Banks</keys>
</table>
</item>
<item name = "FIFO"><table name="" hasTotal="1">
<keys size="8">Name, BRAM_18K, FF, LUT, URAM, Depth, Bits, Size:D*B</keys>
</table>
</item>
<item name = "Expression"><table name="" hasTotal="1">
<keys size="7">Variable Name, Operation, DSP, FF, LUT, Bitwidth P0, Bitwidth P1</keys>
<column name="sub_i_i_i_i_i_i_fu_100_p2">+, 0, 0, 19, 12, 11</column>
<column name="sub_i141_i_i_i_fu_114_p2">-, 0, 0, 18, 10, 11</column>
<column name="sub_i_i_i_i_fu_182_p2">-, 0, 0, 39, 1, 32</column>
<column name="shr_i_i_i_i_i_fu_140_p2">lshr, 0, 0, 460, 137, 137</column>
<column name="ap_return">select, 0, 0, 32, 1, 32</column>
<column name="cond_i_i_i_i_fu_124_p3">select, 0, 0, 12, 1, 12</column>
<column name="empty_10_fu_174_p3">select, 0, 0, 32, 1, 32</column>
<column name="shl_i_i_i_i_i_fu_146_p2">shl, 0, 0, 460, 137, 137</column>
</table>
</item>
<item name = "Multiplexer"><table name="" hasTotal="1">
<keys size="5">Name, LUT, Input Size, Bits, Total Bits</keys>
<column name="ap_NS_fsm">17, 4, 1, 4</column>
</table>
</item>
<item name = "Register"><table name="" hasTotal="1">
<keys size="5">Name, FF, LUT, Bits, Const Bits</keys>
<column name="ap_CS_fsm">3, 0, 3, 0</column>
<column name="grp_mm_Pipeline_VITIS_LOOP_83_7_VITIS_LOOP_85_8_fu_48_ap_start_reg">1, 0, 1, 0</column>
</table>
</item>
</section>
</item>
</section>

<section name = "Interface" level="0">
<item name = "Summary"><table name="" hasTotal="0">
<keys size="6">RTL Ports, Dir, Bits, Protocol, Source Object, C Type</keys>
<column name="ap_clk">in, 1, ap_ctrl_hs, mm, return value</column>
<column name="ap_rst">in, 1, ap_ctrl_hs, mm, return value</column>
<column name="ap_start">in, 1, ap_ctrl_hs, mm, return value</column>
<column name="ap_done">out, 1, ap_ctrl_hs, mm, return value</column>
<column name="ap_idle">out, 1, ap_ctrl_hs, mm, return value</column>
<column name="ap_ready">out, 1, ap_ctrl_hs, mm, return value</column>
<column name="ap_return">out, 32, ap_ctrl_hs, mm, return value</column>
</table>
</item>
</section>
</profile>
