<profile>

<section name = "Vitis HLS Report for 'mm_Pipeline_VITIS_LOOP_83_7_VITIS_LOOP_85_8'" level="0">
<item name = "Date">Sat Nov 11 00:28:31 2023
</item>
<item name = "Version">2022.2 (Build 3670227 on Oct 13 2022)</item>
<item name = "Project">proj_gemm</item>
<item name = "Solution">solution1 (Vivado IP Flow Target)</item>
<item name = "Product family">virtex7</item>
<item name = "Target device">xc7v585t-ffg1761-2</item>
</section>

<section name = "Performance Estimates" level="0">
<item name = "Timing">
<section name = "" level="1">
<item name = "Summary"><table name="" hasTotal="0">
<keys size="4">Clock, Target, Estimated, Uncertainty</keys>
<column name="ap_clk">20.00 ns, 13.284 ns, 5.40 ns</column>
</table>
</item>
</section>
</item>
<item name = "Latency">
<section name = "" level="1">
<item name = "Summary"><table name="" hasTotal="0">
<keys size="8">, min, max, min, max, min, max, Type</keys>
<column name="">583, 583, 11.660 us, 11.660 us, 583, 583, no</column>
</table>
</item>
<item name = "Detail">
<section name = "" level="1">
<item name = "Instance"><table name="" hasTotal="0">
<keys size="9">Instance, Module, min, max, min, max, min, max, Type</keys>
</table>
</item>
<item name = "Loop"><table name="" hasTotal="0">
<keys size="8">Loop Name, min, max, Latency, achieved, target, Count, Pipelined</keys>
<column name="- VITIS_LOOP_83_7_VITIS_LOOP_85_8">581, 581, 72, 2, 1, 256, yes</column>
</table>
</item>
</section>
</item>
</section>
</item>
</section>

<section name = "Utilization Estimates" level="0">
<item name = "Summary"><table name="" hasTotal="1">
<keys size="6">Name, BRAM_18K, DSP, FF, LUT, URAM</keys>
<column name="DSP">-, -, -, -, -</column>
<column name="Expression">-, -, 0, 1099, -</column>
<column name="FIFO">-, -, -, -, -</column>
<column name="Instance">-, 112, 5896, 11412, -</column>
<column name="Memory">-, -, -, -, -</column>
<column name="Multiplexer">-, -, -, 528, -</column>
<column name="Register">-, -, 3242, 512, -</column>
<specialColumn name="Available">1590, 1260, 728400, 364200, 0</specialColumn>
<specialColumn name="Utilization (%)">0, 8, 1, 3, 0</specialColumn>
</table>
</item>
<item name = "Detail">
<section name = "" level="1">
<item name = "Instance"><table name="" hasTotal="1">
<keys size="7">Instance, Module, BRAM_18K, DSP, FF, LUT, URAM</keys>
<column name="dadd_64ns_64ns_64_3_no_dsp_1_U9">dadd_64ns_64ns_64_3_no_dsp_1, 0, 0, 256, 724, 0</column>
<column name="dadd_64ns_64ns_64_4_full_dsp_1_U1">dadd_64ns_64ns_64_4_full_dsp_1, 0, 3, 430, 762, 0</column>
<column name="dadd_64ns_64ns_64_4_full_dsp_1_U2">dadd_64ns_64ns_64_4_full_dsp_1, 0, 3, 430, 762, 0</column>
<column name="dadd_64ns_64ns_64_4_full_dsp_1_U3">dadd_64ns_64ns_64_4_full_dsp_1, 0, 3, 430, 762, 0</column>
<column name="dadd_64ns_64ns_64_4_full_dsp_1_U4">dadd_64ns_64ns_64_4_full_dsp_1, 0, 3, 430, 762, 0</column>
<column name="dadd_64ns_64ns_64_4_full_dsp_1_U5">dadd_64ns_64ns_64_4_full_dsp_1, 0, 3, 430, 762, 0</column>
<column name="dadd_64ns_64ns_64_4_full_dsp_1_U6">dadd_64ns_64ns_64_4_full_dsp_1, 0, 3, 430, 762, 0</column>
<column name="dadd_64ns_64ns_64_4_full_dsp_1_U7">dadd_64ns_64ns_64_4_full_dsp_1, 0, 3, 430, 762, 0</column>
<column name="dadd_64ns_64ns_64_4_full_dsp_1_U8">dadd_64ns_64ns_64_4_full_dsp_1, 0, 3, 430, 762, 0</column>
<column name="dmul_64ns_64ns_64_4_max_dsp_1_U10">dmul_64ns_64ns_64_4_max_dsp_1, 0, 11, 275, 184, 0</column>
<column name="dmul_64ns_64ns_64_4_max_dsp_1_U11">dmul_64ns_64ns_64_4_max_dsp_1, 0, 11, 275, 184, 0</column>
<column name="dmul_64ns_64ns_64_4_max_dsp_1_U12">dmul_64ns_64ns_64_4_max_dsp_1, 0, 11, 275, 184, 0</column>
<column name="dmul_64ns_64ns_64_4_max_dsp_1_U13">dmul_64ns_64ns_64_4_max_dsp_1, 0, 11, 275, 184, 0</column>
<column name="dmul_64ns_64ns_64_4_max_dsp_1_U14">dmul_64ns_64ns_64_4_max_dsp_1, 0, 11, 275, 184, 0</column>
<column name="dmul_64ns_64ns_64_4_max_dsp_1_U15">dmul_64ns_64ns_64_4_max_dsp_1, 0, 11, 275, 184, 0</column>
<column name="dmul_64ns_64ns_64_4_max_dsp_1_U16">dmul_64ns_64ns_64_4_max_dsp_1, 0, 11, 275, 184, 0</column>
<column name="dmul_64ns_64ns_64_4_max_dsp_1_U17">dmul_64ns_64ns_64_4_max_dsp_1, 0, 11, 275, 184, 0</column>
<column name="mux_164_64_1_1_U18">mux_164_64_1_1, 0, 0, 0, 65, 0</column>
<column name="mux_164_64_1_1_U19">mux_164_64_1_1, 0, 0, 0, 65, 0</column>
<column name="mux_164_64_1_1_U20">mux_164_64_1_1, 0, 0, 0, 65, 0</column>
<column name="mux_164_64_1_1_U21">mux_164_64_1_1, 0, 0, 0, 65, 0</column>
<column name="mux_164_64_1_1_U22">mux_164_64_1_1, 0, 0, 0, 65, 0</column>
<column name="mux_164_64_1_1_U23">mux_164_64_1_1, 0, 0, 0, 65, 0</column>
<column name="mux_164_64_1_1_U24">mux_164_64_1_1, 0, 0, 0, 65, 0</column>
<column name="mux_164_64_1_1_U25">mux_164_64_1_1, 0, 0, 0, 65, 0</column>
<column name="mux_164_64_1_1_U26">mux_164_64_1_1, 0, 0, 0, 65, 0</column>
<column name="mux_164_64_1_1_U27">mux_164_64_1_1, 0, 0, 0, 65, 0</column>
<column name="mux_164_64_1_1_U28">mux_164_64_1_1, 0, 0, 0, 65, 0</column>
<column name="mux_164_64_1_1_U29">mux_164_64_1_1, 0, 0, 0, 65, 0</column>
<column name="mux_164_64_1_1_U30">mux_164_64_1_1, 0, 0, 0, 65, 0</column>
<column name="mux_164_64_1_1_U31">mux_164_64_1_1, 0, 0, 0, 65, 0</column>
<column name="mux_164_64_1_1_U32">mux_164_64_1_1, 0, 0, 0, 65, 0</column>
<column name="mux_164_64_1_1_U33">mux_164_64_1_1, 0, 0, 0, 65, 0</column>
<column name="mux_164_64_1_1_U34">mux_164_64_1_1, 0, 0, 0, 65, 0</column>
<column name="mux_164_64_1_1_U35">mux_164_64_1_1, 0, 0, 0, 65, 0</column>
<column name="mux_164_64_1_1_U36">mux_164_64_1_1, 0, 0, 0, 65, 0</column>
<column name="mux_164_64_1_1_U37">mux_164_64_1_1, 0, 0, 0, 65, 0</column>
<column name="mux_164_64_1_1_U38">mux_164_64_1_1, 0, 0, 0, 65, 0</column>
<column name="mux_164_64_1_1_U39">mux_164_64_1_1, 0, 0, 0, 65, 0</column>
<column name="mux_164_64_1_1_U40">mux_164_64_1_1, 0, 0, 0, 65, 0</column>
<column name="mux_164_64_1_1_U41">mux_164_64_1_1, 0, 0, 0, 65, 0</column>
<column name="mux_164_64_1_1_U42">mux_164_64_1_1, 0, 0, 0, 65, 0</column>
<column name="mux_164_64_1_1_U43">mux_164_64_1_1, 0, 0, 0, 65, 0</column>
<column name="mux_164_64_1_1_U44">mux_164_64_1_1, 0, 0, 0, 65, 0</column>
<column name="mux_164_64_1_1_U45">mux_164_64_1_1, 0, 0, 0, 65, 0</column>
<column name="mux_164_64_1_1_U46">mux_164_64_1_1, 0, 0, 0, 65, 0</column>
<column name="mux_164_64_1_1_U47">mux_164_64_1_1, 0, 0, 0, 65, 0</column>
<column name="mux_164_64_1_1_U48">mux_164_64_1_1, 0, 0, 0, 65, 0</column>
<column name="mux_164_64_1_1_U49">mux_164_64_1_1, 0, 0, 0, 65, 0</column>
<column name="mux_164_64_1_1_U50">mux_164_64_1_1, 0, 0, 0, 65, 0</column>
<column name="mux_164_64_1_1_U51">mux_164_64_1_1, 0, 0, 0, 65, 0</column>
<column name="mux_164_64_1_1_U52">mux_164_64_1_1, 0, 0, 0, 65, 0</column>
<column name="mux_164_64_1_1_U53">mux_164_64_1_1, 0, 0, 0, 65, 0</column>
<column name="mux_164_64_1_1_U54">mux_164_64_1_1, 0, 0, 0, 65, 0</column>
<column name="mux_164_64_1_1_U55">mux_164_64_1_1, 0, 0, 0, 65, 0</column>
<column name="mux_164_64_1_1_U56">mux_164_64_1_1, 0, 0, 0, 65, 0</column>
<column name="mux_164_64_1_1_U57">mux_164_64_1_1, 0, 0, 0, 65, 0</column>
<column name="mux_164_64_1_1_U58">mux_164_64_1_1, 0, 0, 0, 65, 0</column>
<column name="mux_164_64_1_1_U59">mux_164_64_1_1, 0, 0, 0, 65, 0</column>
<column name="mux_164_64_1_1_U60">mux_164_64_1_1, 0, 0, 0, 65, 0</column>
<column name="mux_164_64_1_1_U61">mux_164_64_1_1, 0, 0, 0, 65, 0</column>
<column name="mux_164_64_1_1_U62">mux_164_64_1_1, 0, 0, 0, 65, 0</column>
<column name="mux_164_64_1_1_U63">mux_164_64_1_1, 0, 0, 0, 65, 0</column>
<column name="mux_164_64_1_1_U64">mux_164_64_1_1, 0, 0, 0, 65, 0</column>
<column name="mux_164_64_1_1_U65">mux_164_64_1_1, 0, 0, 0, 65, 0</column>
</table>
</item>
<item name = "DSP"><table name="" hasTotal="0">
<keys size="3">Instance, Module, Expression</keys>
</table>
</item>
<item name = "Memory"><table name="" hasTotal="1">
<keys size="10">Memory, Module, BRAM_18K, FF, LUT, URAM, Words, Bits, Banks, W*Bits*Banks</keys>
</table>
</item>
<item name = "FIFO"><table name="" hasTotal="1">
<keys size="8">Name, BRAM_18K, FF, LUT, URAM, Depth, Bits, Size:D*B</keys>
</table>
</item>
<item name = "Expression"><table name="" hasTotal="1">
<keys size="7">Variable Name, Operation, DSP, FF, LUT, Bitwidth P0, Bitwidth P1</keys>
<column name="indvar_flatten_next_fu_500_p2">+, 0, 0, 16, 9, 1</column>
<column name="indvars_iv_next25_dup2_fu_523_p2">+, 0, 0, 13, 5, 1</column>
<column name="indvars_iv_next_fu_1233_p2">+, 0, 0, 13, 5, 1</column>
<column name="exitcond121_fu_509_p2">icmp, 0, 0, 10, 5, 6</column>
<column name="exitcond_flatten_fu_494_p2">icmp, 0, 0, 11, 9, 10</column>
<column name="indvars_iv24_mid2_fu_909_p3">select, 0, 0, 5, 1, 5</column>
<column name="indvars_iv_mid2_fu_515_p3">select, 0, 0, 5, 1, 1</column>
<column name="tmp_10_mid2_fu_1632_p3">select, 0, 0, 64, 1, 64</column>
<column name="tmp_11_mid2_fu_1677_p3">select, 0, 0, 64, 1, 64</column>
<column name="tmp_12_mid2_fu_1722_p3">select, 0, 0, 64, 1, 64</column>
<column name="tmp_13_mid2_fu_1767_p3">select, 0, 0, 64, 1, 64</column>
<column name="tmp_14_mid2_fu_1812_p3">select, 0, 0, 64, 1, 64</column>
<column name="tmp_15_mid2_fu_1857_p3">select, 0, 0, 64, 1, 64</column>
<column name="tmp_16_mid2_fu_1902_p3">select, 0, 0, 64, 1, 64</column>
<column name="tmp_1_mid2_fu_853_p3">select, 0, 0, 64, 1, 64</column>
<column name="tmp_3_mid2_fu_1587_p3">select, 0, 0, 64, 1, 64</column>
<column name="tmp_4_mid2_fu_900_p3">select, 0, 0, 64, 1, 64</column>
<column name="tmp_5_mid2_fu_571_p3">select, 0, 0, 64, 1, 64</column>
<column name="tmp_6_mid2_fu_618_p3">select, 0, 0, 64, 1, 64</column>
<column name="tmp_7_mid2_fu_665_p3">select, 0, 0, 64, 1, 64</column>
<column name="tmp_8_mid2_fu_712_p3">select, 0, 0, 64, 1, 64</column>
<column name="tmp_9_mid2_fu_759_p3">select, 0, 0, 64, 1, 64</column>
<column name="tmp_mid2_fu_806_p3">select, 0, 0, 64, 1, 64</column>
<column name="ap_enable_pp0">xor, 0, 0, 2, 1, 2</column>
</table>
</item>
<item name = "Multiplexer"><table name="" hasTotal="1">
<keys size="5">Name, LUT, Input Size, Bits, Total Bits</keys>
<column name="ap_NS_fsm">13, 3, 1, 3</column>
<column name="ap_done_int">9, 2, 1, 2</column>
<column name="ap_enable_reg_pp0_iter0">9, 2, 1, 2</column>
<column name="ap_enable_reg_pp0_iter1">9, 2, 1, 2</column>
<column name="ap_sig_allocacmp_indvar_flatten_load">9, 2, 9, 18</column>
<column name="ap_sig_allocacmp_indvars_iv24_load">9, 2, 5, 10</column>
<column name="ap_sig_allocacmp_indvars_iv_load">9, 2, 5, 10</column>
<column name="ap_sig_allocacmp_sum_13_load">9, 2, 64, 128</column>
<column name="grp_fu_100_p0">13, 3, 64, 192</column>
<column name="grp_fu_100_p1">13, 3, 64, 192</column>
<column name="grp_fu_104_p0">13, 3, 64, 192</column>
<column name="grp_fu_104_p1">13, 3, 64, 192</column>
<column name="grp_fu_108_p0">13, 3, 64, 192</column>
<column name="grp_fu_108_p1">13, 3, 64, 192</column>
<column name="grp_fu_112_p0">13, 3, 64, 192</column>
<column name="grp_fu_112_p1">13, 3, 64, 192</column>
<column name="grp_fu_116_p0">13, 3, 64, 192</column>
<column name="grp_fu_116_p1">13, 3, 64, 192</column>
<column name="grp_fu_120_p0">13, 3, 64, 192</column>
<column name="grp_fu_120_p1">13, 3, 64, 192</column>
<column name="grp_fu_128_p0">13, 3, 64, 192</column>
<column name="grp_fu_128_p1">13, 3, 64, 192</column>
<column name="grp_fu_132_p0">13, 3, 64, 192</column>
<column name="grp_fu_132_p1">13, 3, 64, 192</column>
<column name="grp_fu_136_p0">13, 3, 64, 192</column>
<column name="grp_fu_136_p1">13, 3, 64, 192</column>
<column name="grp_fu_140_p0">13, 3, 64, 192</column>
<column name="grp_fu_140_p1">13, 3, 64, 192</column>
<column name="grp_fu_144_p0">13, 3, 64, 192</column>
<column name="grp_fu_144_p1">13, 3, 64, 192</column>
<column name="grp_fu_148_p0">13, 3, 64, 192</column>
<column name="grp_fu_148_p1">13, 3, 64, 192</column>
<column name="grp_fu_152_p0">13, 3, 64, 192</column>
<column name="grp_fu_152_p1">13, 3, 64, 192</column>
<column name="grp_fu_156_p0">13, 3, 64, 192</column>
<column name="grp_fu_156_p1">13, 3, 64, 192</column>
<column name="grp_fu_91_p0">13, 3, 64, 192</column>
<column name="grp_fu_91_p1">13, 3, 64, 192</column>
<column name="grp_fu_96_p0">13, 3, 64, 192</column>
<column name="grp_fu_96_p1">13, 3, 64, 192</column>
<column name="indvar_flatten_fu_80">9, 2, 9, 18</column>
<column name="indvars_iv24_fu_76">9, 2, 5, 10</column>
<column name="indvars_iv_fu_72">9, 2, 5, 10</column>
<column name="sum_13_fu_68">9, 2, 64, 128</column>
</table>
</item>
<item name = "Register"><table name="" hasTotal="1">
<keys size="5">Name, FF, LUT, Bits, Const Bits</keys>
<column name="add92_10_reg_2603">64, 0, 64, 0</column>
<column name="add92_11_reg_2608">64, 0, 64, 0</column>
<column name="add92_12_reg_2613">64, 0, 64, 0</column>
<column name="add92_13_reg_2618">64, 0, 64, 0</column>
<column name="add92_14_reg_2623">64, 0, 64, 0</column>
<column name="add92_1_reg_2553">64, 0, 64, 0</column>
<column name="add92_2_reg_2558">64, 0, 64, 0</column>
<column name="add92_3_reg_2563">64, 0, 64, 0</column>
<column name="add92_4_reg_2568">64, 0, 64, 0</column>
<column name="add92_5_reg_2573">64, 0, 64, 0</column>
<column name="add92_6_reg_2578">64, 0, 64, 0</column>
<column name="add92_7_reg_2583">64, 0, 64, 0</column>
<column name="add92_8_reg_2588">64, 0, 64, 0</column>
<column name="add92_9_reg_2593">64, 0, 64, 0</column>
<column name="add92_s_reg_2598">64, 0, 64, 0</column>
<column name="add_reg_2548">64, 0, 64, 0</column>
<column name="ap_CS_fsm">2, 0, 2, 0</column>
<column name="ap_done_reg">1, 0, 1, 0</column>
<column name="ap_enable_reg_pp0_iter0_reg">1, 0, 1, 0</column>
<column name="ap_enable_reg_pp0_iter1">1, 0, 1, 0</column>
<column name="ap_enable_reg_pp0_iter10">1, 0, 1, 0</column>
<column name="ap_enable_reg_pp0_iter11">1, 0, 1, 0</column>
<column name="ap_enable_reg_pp0_iter12">1, 0, 1, 0</column>
<column name="ap_enable_reg_pp0_iter13">1, 0, 1, 0</column>
<column name="ap_enable_reg_pp0_iter14">1, 0, 1, 0</column>
<column name="ap_enable_reg_pp0_iter15">1, 0, 1, 0</column>
<column name="ap_enable_reg_pp0_iter16">1, 0, 1, 0</column>
<column name="ap_enable_reg_pp0_iter17">1, 0, 1, 0</column>
<column name="ap_enable_reg_pp0_iter18">1, 0, 1, 0</column>
<column name="ap_enable_reg_pp0_iter19">1, 0, 1, 0</column>
<column name="ap_enable_reg_pp0_iter2">1, 0, 1, 0</column>
<column name="ap_enable_reg_pp0_iter20">1, 0, 1, 0</column>
<column name="ap_enable_reg_pp0_iter21">1, 0, 1, 0</column>
<column name="ap_enable_reg_pp0_iter22">1, 0, 1, 0</column>
<column name="ap_enable_reg_pp0_iter23">1, 0, 1, 0</column>
<column name="ap_enable_reg_pp0_iter24">1, 0, 1, 0</column>
<column name="ap_enable_reg_pp0_iter25">1, 0, 1, 0</column>
<column name="ap_enable_reg_pp0_iter26">1, 0, 1, 0</column>
<column name="ap_enable_reg_pp0_iter27">1, 0, 1, 0</column>
<column name="ap_enable_reg_pp0_iter28">1, 0, 1, 0</column>
<column name="ap_enable_reg_pp0_iter29">1, 0, 1, 0</column>
<column name="ap_enable_reg_pp0_iter3">1, 0, 1, 0</column>
<column name="ap_enable_reg_pp0_iter30">1, 0, 1, 0</column>
<column name="ap_enable_reg_pp0_iter31">1, 0, 1, 0</column>
<column name="ap_enable_reg_pp0_iter32">1, 0, 1, 0</column>
<column name="ap_enable_reg_pp0_iter33">1, 0, 1, 0</column>
<column name="ap_enable_reg_pp0_iter34">1, 0, 1, 0</column>
<column name="ap_enable_reg_pp0_iter35">1, 0, 1, 0</column>
<column name="ap_enable_reg_pp0_iter4">1, 0, 1, 0</column>
<column name="ap_enable_reg_pp0_iter5">1, 0, 1, 0</column>
<column name="ap_enable_reg_pp0_iter6">1, 0, 1, 0</column>
<column name="ap_enable_reg_pp0_iter7">1, 0, 1, 0</column>
<column name="ap_enable_reg_pp0_iter8">1, 0, 1, 0</column>
<column name="ap_enable_reg_pp0_iter9">1, 0, 1, 0</column>
<column name="ap_loop_exit_ready_pp0_iter10_reg">1, 0, 1, 0</column>
<column name="ap_loop_exit_ready_pp0_iter11_reg">1, 0, 1, 0</column>
<column name="ap_loop_exit_ready_pp0_iter12_reg">1, 0, 1, 0</column>
<column name="ap_loop_exit_ready_pp0_iter13_reg">1, 0, 1, 0</column>
<column name="ap_loop_exit_ready_pp0_iter14_reg">1, 0, 1, 0</column>
<column name="ap_loop_exit_ready_pp0_iter15_reg">1, 0, 1, 0</column>
<column name="ap_loop_exit_ready_pp0_iter16_reg">1, 0, 1, 0</column>
<column name="ap_loop_exit_ready_pp0_iter17_reg">1, 0, 1, 0</column>
<column name="ap_loop_exit_ready_pp0_iter18_reg">1, 0, 1, 0</column>
<column name="ap_loop_exit_ready_pp0_iter19_reg">1, 0, 1, 0</column>
<column name="ap_loop_exit_ready_pp0_iter1_reg">1, 0, 1, 0</column>
<column name="ap_loop_exit_ready_pp0_iter20_reg">1, 0, 1, 0</column>
<column name="ap_loop_exit_ready_pp0_iter21_reg">1, 0, 1, 0</column>
<column name="ap_loop_exit_ready_pp0_iter22_reg">1, 0, 1, 0</column>
<column name="ap_loop_exit_ready_pp0_iter23_reg">1, 0, 1, 0</column>
<column name="ap_loop_exit_ready_pp0_iter24_reg">1, 0, 1, 0</column>
<column name="ap_loop_exit_ready_pp0_iter25_reg">1, 0, 1, 0</column>
<column name="ap_loop_exit_ready_pp0_iter26_reg">1, 0, 1, 0</column>
<column name="ap_loop_exit_ready_pp0_iter27_reg">1, 0, 1, 0</column>
<column name="ap_loop_exit_ready_pp0_iter28_reg">1, 0, 1, 0</column>
<column name="ap_loop_exit_ready_pp0_iter29_reg">1, 0, 1, 0</column>
<column name="ap_loop_exit_ready_pp0_iter2_reg">1, 0, 1, 0</column>
<column name="ap_loop_exit_ready_pp0_iter30_reg">1, 0, 1, 0</column>
<column name="ap_loop_exit_ready_pp0_iter31_reg">1, 0, 1, 0</column>
<column name="ap_loop_exit_ready_pp0_iter32_reg">1, 0, 1, 0</column>
<column name="ap_loop_exit_ready_pp0_iter33_reg">1, 0, 1, 0</column>
<column name="ap_loop_exit_ready_pp0_iter34_reg">1, 0, 1, 0</column>
<column name="ap_loop_exit_ready_pp0_iter3_reg">1, 0, 1, 0</column>
<column name="ap_loop_exit_ready_pp0_iter4_reg">1, 0, 1, 0</column>
<column name="ap_loop_exit_ready_pp0_iter5_reg">1, 0, 1, 0</column>
<column name="ap_loop_exit_ready_pp0_iter6_reg">1, 0, 1, 0</column>
<column name="ap_loop_exit_ready_pp0_iter7_reg">1, 0, 1, 0</column>
<column name="ap_loop_exit_ready_pp0_iter8_reg">1, 0, 1, 0</column>
<column name="ap_loop_exit_ready_pp0_iter9_reg">1, 0, 1, 0</column>
<column name="empty_7_reg_2284">4, 0, 4, 0</column>
<column name="empty_8_reg_2336">4, 0, 4, 0</column>
<column name="empty_reg_2256">4, 0, 4, 0</column>
<column name="exitcond121_reg_2272">1, 0, 1, 0</column>
<column name="exitcond_flatten_reg_2268">1, 0, 1, 0</column>
<column name="indvar_flatten_fu_80">9, 0, 9, 0</column>
<column name="indvars_iv24_fu_76">5, 0, 5, 0</column>
<column name="indvars_iv_fu_72">5, 0, 5, 0</column>
<column name="mul87_10_reg_2523">64, 0, 64, 0</column>
<column name="mul87_11_reg_2528">64, 0, 64, 0</column>
<column name="mul87_12_reg_2533">64, 0, 64, 0</column>
<column name="mul87_13_reg_2538">64, 0, 64, 0</column>
<column name="mul87_14_reg_2543">64, 0, 64, 0</column>
<column name="mul87_1_reg_2473">64, 0, 64, 0</column>
<column name="mul87_2_reg_2478">64, 0, 64, 0</column>
<column name="mul87_3_reg_2483">64, 0, 64, 0</column>
<column name="mul87_4_reg_2488">64, 0, 64, 0</column>
<column name="mul87_5_reg_2493">64, 0, 64, 0</column>
<column name="mul87_6_reg_2498">64, 0, 64, 0</column>
<column name="mul87_7_reg_2503">64, 0, 64, 0</column>
<column name="mul87_8_reg_2508">64, 0, 64, 0</column>
<column name="mul87_9_reg_2513">64, 0, 64, 0</column>
<column name="mul87_s_reg_2518">64, 0, 64, 0</column>
<column name="mul_reg_2468">64, 0, 64, 0</column>
<column name="sum_13_fu_68">64, 0, 64, 0</column>
<column name="exitcond_flatten_reg_2268">64, 32, 1, 0</column>
<column name="mul87_10_reg_2523">64, 32, 64, 0</column>
<column name="mul87_11_reg_2528">64, 32, 64, 0</column>
<column name="mul87_12_reg_2533">64, 32, 64, 0</column>
<column name="mul87_13_reg_2538">64, 32, 64, 0</column>
<column name="mul87_14_reg_2543">64, 32, 64, 0</column>
<column name="mul87_1_reg_2473">64, 32, 64, 0</column>
<column name="mul87_2_reg_2478">64, 32, 64, 0</column>
<column name="mul87_3_reg_2483">64, 32, 64, 0</column>
<column name="mul87_4_reg_2488">64, 32, 64, 0</column>
<column name="mul87_5_reg_2493">64, 32, 64, 0</column>
<column name="mul87_6_reg_2498">64, 32, 64, 0</column>
<column name="mul87_7_reg_2503">64, 32, 64, 0</column>
<column name="mul87_8_reg_2508">64, 32, 64, 0</column>
<column name="mul87_9_reg_2513">64, 32, 64, 0</column>
<column name="mul87_s_reg_2518">64, 32, 64, 0</column>
</table>
</item>
</section>
</item>
</section>

<section name = "Interface" level="0">
<item name = "Summary"><table name="" hasTotal="0">
<keys size="6">RTL Ports, Dir, Bits, Protocol, Source Object, C Type</keys>
<column name="ap_clk">in, 1, ap_ctrl_hs, mm_Pipeline_VITIS_LOOP_83_7_VITIS_LOOP_85_8, return value</column>
<column name="ap_rst">in, 1, ap_ctrl_hs, mm_Pipeline_VITIS_LOOP_83_7_VITIS_LOOP_85_8, return value</column>
<column name="ap_start">in, 1, ap_ctrl_hs, mm_Pipeline_VITIS_LOOP_83_7_VITIS_LOOP_85_8, return value</column>
<column name="ap_done">out, 1, ap_ctrl_hs, mm_Pipeline_VITIS_LOOP_83_7_VITIS_LOOP_85_8, return value</column>
<column name="ap_idle">out, 1, ap_ctrl_hs, mm_Pipeline_VITIS_LOOP_83_7_VITIS_LOOP_85_8, return value</column>
<column name="ap_ready">out, 1, ap_ctrl_hs, mm_Pipeline_VITIS_LOOP_83_7_VITIS_LOOP_85_8, return value</column>
<column name="sum_13_out">out, 64, ap_vld, sum_13_out, pointer</column>
<column name="sum_13_out_ap_vld">out, 1, ap_vld, sum_13_out, pointer</column>
</table>
</item>
</section>
</profile>
