{
  "Top": "mm",
  "RtlTop": "mm",
  "RtlPrefix": "",
  "RtlSubPrefix": "mm_",
  "SourceLanguage": "c",
  "HostMachineBits": "64",
  "FunctionProtocol": "ap_ctrl_hs",
  "ResetStyle": "control",
  "Target": {
    "Family": "virtex7",
    "Device": "xc7v585t",
    "Package": "-ffg1761",
    "Speed": "-2",
    "Triple": "fpga64-xilinx-none"
  },
  "Args": {
    
  },
  "ReturnValue": {
    "srcType": "",
    "srcSize": "32",
    "hwRefs": [{
        "type": "port",
        "interface": "ap_return",
        "name": "ap_return",
        "usage": "data",
        "direction": "out"
      }]
  },
  "HlsSolution": {
    "FlowTarget": "vivado",
    "ConfigTcl": ["config_interface -m_axi_latency=0"],
    "DirectiveTcl": ["set_directive_top mm -name mm"],
    "ProfileOption": "0",
    "ProfileType": "none",
    "KernelName": "mm"
  },
  "ClockInfo": {
    "ClockName": "ap_clk",
    "ClockPeriod": "20",
    "Uncertainty": "5.4",
    "IsCombinational": "0",
    "II": "586",
    "Latency": "585"
  },
  "Xdc": {"OocClocks": ["create_clock -name ap_clk -period 20.000 [get_ports ap_clk]"]},
  "Ipx": {
    "Vendor": "xilinx.com",
    "Library": "hls",
    "Name": "mm",
    "Version": "1.0",
    "DisplayName": "Mm",
    "Revision": "2113290148",
    "Description": "An IP generated by Vitis HLS",
    "Taxonomy": "\/VITIS_HLS_IP",
    "AutoFamilySupport": "",
    "ZipFile": "xilinx_com_hls_mm_1_0.zip"
  },
  "Files": {
    "CSource": ["..\/..\/gemm_taffoin.c"],
    "Vhdl": [
      "impl\/vhdl\/mm_dadd_64ns_64ns_64_3_no_dsp_1.vhd",
      "impl\/vhdl\/mm_dadd_64ns_64ns_64_4_full_dsp_1.vhd",
      "impl\/vhdl\/mm_dmul_64ns_64ns_64_4_max_dsp_1.vhd",
      "impl\/vhdl\/mm_flow_control_loop_pipe_sequential_init.vhd",
      "impl\/vhdl\/mm_mm_Pipeline_VITIS_LOOP_83_7_VITIS_LOOP_85_8.vhd",
      "impl\/vhdl\/mm_mux_164_64_1_1.vhd",
      "impl\/vhdl\/mm.vhd"
    ],
    "Verilog": [
      "impl\/verilog\/mm_dadd_64ns_64ns_64_3_no_dsp_1.v",
      "impl\/verilog\/mm_dadd_64ns_64ns_64_4_full_dsp_1.v",
      "impl\/verilog\/mm_dmul_64ns_64ns_64_4_max_dsp_1.v",
      "impl\/verilog\/mm_flow_control_loop_pipe_sequential_init.v",
      "impl\/verilog\/mm_mm_Pipeline_VITIS_LOOP_83_7_VITIS_LOOP_85_8.v",
      "impl\/verilog\/mm_mux_164_64_1_1.v",
      "impl\/verilog\/mm.v"
    ],
    "IpMisc": ["impl\/misc\/logo.png"],
    "Subcore": [
      "impl\/misc\/mm_dadd_64ns_64ns_64_3_no_dsp_1_ip.tcl",
      "impl\/misc\/mm_dadd_64ns_64ns_64_4_full_dsp_1_ip.tcl",
      "impl\/misc\/mm_dmul_64ns_64ns_64_4_max_dsp_1_ip.tcl"
    ],
    "CsynthXml": "syn\/report\/csynth.xml",
    "DebugDir": ".debug",
    "KernelXml": ".autopilot\/db\/kernel.internal.xml",
    "Xo": "",
    "XoHlsDir": "",
    "ProtoInst": [".debug\/mm.protoinst"]
  },
  "SubcoreInfo": {
    "HasXpmMemory": false,
    "HasClockedDsp": false,
    "Ip": [
      {
        "Name": "mm_dadd_64ns_64ns_64_3_no_dsp_1_ip",
        "Vlnv": "xilinx.com:ip:floating_point:7.1",
        "Params": "CONFIG.a_precision_type Double CONFIG.a_tuser_width 1 CONFIG.add_sub_value Add CONFIG.b_tuser_width 1 CONFIG.c_a_exponent_width 11 CONFIG.c_a_fraction_width 53 CONFIG.c_compare_operation Programmable CONFIG.c_has_divide_by_zero false CONFIG.c_has_invalid_op false CONFIG.c_has_overflow false CONFIG.c_has_underflow false CONFIG.c_latency 1 CONFIG.c_mult_usage No_Usage CONFIG.c_optimization Speed_Optimized CONFIG.c_rate 1 CONFIG.c_result_exponent_width 11 CONFIG.c_result_fraction_width 53 CONFIG.component_name mm_dadd_64ns_64ns_64_3_no_dsp_1_ip CONFIG.flow_control NonBlocking CONFIG.has_a_tlast false CONFIG.has_a_tuser false CONFIG.has_aclken true CONFIG.has_aresetn false CONFIG.has_b_tlast false CONFIG.has_b_tuser false CONFIG.has_operation_tlast false CONFIG.has_operation_tuser false CONFIG.has_result_tready false CONFIG.maximum_latency false CONFIG.operation_tuser_width 1 CONFIG.operation_type Add_Subtract CONFIG.result_precision_type Double CONFIG.result_tlast_behv Null"
      },
      {
        "Name": "mm_dadd_64ns_64ns_64_4_full_dsp_1_ip",
        "Vlnv": "xilinx.com:ip:floating_point:7.1",
        "Params": "CONFIG.a_precision_type Double CONFIG.a_tuser_width 1 CONFIG.add_sub_value Add CONFIG.b_tuser_width 1 CONFIG.c_a_exponent_width 11 CONFIG.c_a_fraction_width 53 CONFIG.c_compare_operation Programmable CONFIG.c_has_divide_by_zero false CONFIG.c_has_invalid_op false CONFIG.c_has_overflow false CONFIG.c_has_underflow false CONFIG.c_latency 2 CONFIG.c_mult_usage Full_Usage CONFIG.c_optimization Speed_Optimized CONFIG.c_rate 1 CONFIG.c_result_exponent_width 11 CONFIG.c_result_fraction_width 53 CONFIG.component_name mm_dadd_64ns_64ns_64_4_full_dsp_1_ip CONFIG.flow_control NonBlocking CONFIG.has_a_tlast false CONFIG.has_a_tuser false CONFIG.has_aclken true CONFIG.has_aresetn false CONFIG.has_b_tlast false CONFIG.has_b_tuser false CONFIG.has_operation_tlast false CONFIG.has_operation_tuser false CONFIG.has_result_tready false CONFIG.maximum_latency false CONFIG.operation_tuser_width 1 CONFIG.operation_type Add_Subtract CONFIG.result_precision_type Double CONFIG.result_tlast_behv Null"
      },
      {
        "Name": "mm_dmul_64ns_64ns_64_4_max_dsp_1_ip",
        "Vlnv": "xilinx.com:ip:floating_point:7.1",
        "Params": "CONFIG.a_precision_type Double CONFIG.a_tuser_width 1 CONFIG.add_sub_value Both CONFIG.b_tuser_width 1 CONFIG.c_a_exponent_width 11 CONFIG.c_a_fraction_width 53 CONFIG.c_compare_operation Programmable CONFIG.c_has_divide_by_zero false CONFIG.c_has_invalid_op false CONFIG.c_has_overflow false CONFIG.c_has_underflow false CONFIG.c_latency 2 CONFIG.c_mult_usage Max_Usage CONFIG.c_optimization Speed_Optimized CONFIG.c_rate 1 CONFIG.c_result_exponent_width 11 CONFIG.c_result_fraction_width 53 CONFIG.component_name mm_dmul_64ns_64ns_64_4_max_dsp_1_ip CONFIG.flow_control NonBlocking CONFIG.has_a_tlast false CONFIG.has_a_tuser false CONFIG.has_aclken true CONFIG.has_aresetn false CONFIG.has_b_tlast false CONFIG.has_b_tuser false CONFIG.has_operation_tlast false CONFIG.has_operation_tuser false CONFIG.has_result_tready false CONFIG.maximum_latency false CONFIG.operation_tuser_width 1 CONFIG.operation_type Multiply CONFIG.result_precision_type Double CONFIG.result_tlast_behv Null"
      }
    ]
  },
  "Interfaces": {
    "ap_clk": {
      "type": "clock",
      "busTypeName": "clock",
      "mode": "slave",
      "busParams": {"ASSOCIATED_RESET": "ap_rst"},
      "portMap": {"ap_clk": "CLK"},
      "ports": ["ap_clk"]
    },
    "ap_rst": {
      "type": "reset",
      "busTypeName": "reset",
      "mode": "slave",
      "busParams": {"POLARITY": "ACTIVE_HIGH"},
      "portMap": {"ap_rst": "RST"},
      "ports": ["ap_rst"]
    },
    "ap_ctrl": {
      "type": "ap_ctrl",
      "busTypeName": "acc_handshake",
      "mode": "slave",
      "portMap": {
        "ap_start": "start",
        "ap_done": "done",
        "ap_idle": "idle",
        "ap_ready": "ready"
      },
      "ports": [
        "ap_done",
        "ap_idle",
        "ap_ready",
        "ap_start"
      ]
    },
    "ap_return": {
      "type": "data",
      "busTypeName": "data",
      "protocol": "ap_ctrl_hs",
      "mode": "master",
      "dataWidth": "32",
      "portMap": {"ap_return": "DATA"},
      "ports": ["ap_return"]
    }
  },
  "RtlPorts": {
    "ap_clk": {
      "dir": "in",
      "width": "1"
    },
    "ap_rst": {
      "dir": "in",
      "width": "1"
    },
    "ap_start": {
      "dir": "in",
      "width": "1"
    },
    "ap_done": {
      "dir": "out",
      "width": "1"
    },
    "ap_idle": {
      "dir": "out",
      "width": "1"
    },
    "ap_ready": {
      "dir": "out",
      "width": "1"
    },
    "ap_return": {
      "dir": "out",
      "width": "32"
    }
  },
  "ModuleInfo": {
    "Hierarchy": {
      "ModuleName": "mm",
      "Instances": [{
          "ModuleName": "mm_Pipeline_VITIS_LOOP_83_7_VITIS_LOOP_85_8",
          "InstanceName": "grp_mm_Pipeline_VITIS_LOOP_83_7_VITIS_LOOP_85_8_fu_48"
        }]
    },
    "Info": {
      "mm_Pipeline_VITIS_LOOP_83_7_VITIS_LOOP_85_8": {
        "FunctionProtocol": "ap_ctrl_hs",
        "isTaskLevelControl": "0",
        "isPipelined": "1",
        "isCombinational": "0",
        "isOneStateSeq": "0"
      },
      "mm": {
        "FunctionProtocol": "ap_ctrl_hs",
        "isTaskLevelControl": "0",
        "isPipelined": "0",
        "isCombinational": "0",
        "isOneStateSeq": "0"
      }
    },
    "Metrics": {
      "mm_Pipeline_VITIS_LOOP_83_7_VITIS_LOOP_85_8": {
        "Latency": {
          "LatencyBest": "583",
          "LatencyAvg": "583",
          "LatencyWorst": "583",
          "PipelineII": "583",
          "PipelineDepth": "",
          "PipelineType": "no"
        },
        "Timing": {
          "Target": "20.00",
          "Uncertainty": "5.40",
          "Estimate": "13.284"
        },
        "Loops": [{
            "Name": "VITIS_LOOP_83_7_VITIS_LOOP_85_8",
            "TripCount": "256",
            "Latency": "581",
            "PipelineII": "2",
            "PipelineDepth": "72"
          }],
        "Area": {
          "DSP": "112",
          "AVAIL_DSP": "1260",
          "UTIL_DSP": "8",
          "FF": "9138",
          "AVAIL_FF": "728400",
          "UTIL_FF": "1",
          "LUT": "13551",
          "AVAIL_LUT": "364200",
          "UTIL_LUT": "3",
          "BRAM_18K": "0",
          "AVAIL_BRAM": "1590",
          "UTIL_BRAM": "0",
          "URAM": "0",
          "AVAIL_URAM": "0",
          "UTIL_URAM": "0"
        }
      },
      "mm": {
        "Latency": {
          "LatencyBest": "585",
          "LatencyAvg": "585",
          "LatencyWorst": "585",
          "PipelineII": "586",
          "PipelineDepth": "",
          "PipelineType": "no"
        },
        "Timing": {
          "Target": "20.00",
          "Uncertainty": "5.40",
          "Estimate": "13.284"
        },
        "Area": {
          "DSP": "112",
          "AVAIL_DSP": "1260",
          "UTIL_DSP": "8",
          "FF": "9142",
          "AVAIL_FF": "728400",
          "UTIL_FF": "1",
          "LUT": "14640",
          "AVAIL_LUT": "364200",
          "UTIL_LUT": "4",
          "BRAM_18K": "0",
          "AVAIL_BRAM": "1590",
          "UTIL_BRAM": "0",
          "URAM": "0",
          "AVAIL_URAM": "0",
          "UTIL_URAM": "0"
        }
      }
    }
  },
  "GenerateBdFiles": "0",
  "GenData": {
    "DataVersion": "0.2",
    "Time": "2023-11-11 00:28:32 CET",
    "ToolName": "vitis_hls",
    "ToolVersion": "2022.2"
  }
}
