<dict>
  <key>main-file</key>
  <string>/home/bruno/Desktop/benchmarks/gemm/proj_gemm/solution1/.autopilot/db/gemm_taffoin.pp.0.c</string>
  <key>diagnostics</key>
  <array>
    <dict>
      <key>level</key>
      <string>warning</string>
      <key>filename</key>
      <string>/home/bruno/Desktop/benchmarks/gemm/run_hls_1.tcl</string>
      <key>line</key>
      <integer>77</integer>
      <key>column</key>
      <integer>9</integer>
      <key>message</key>
      <string>HLS pragma dump _XLX_SEP_ PragmaIsValid=1_XLX_SEP_ PragmaType=top_XLX_SEP_ PragmaContext=directive_XLX_SEP_ PragmaFunction=mm_XLX_SEP_ PragmaOptions=name=mm_XLX_SEP_</string>
      <key>ID</key>
      <integer>5471</integer>
      <key>WarningOption</key>
      <string>dump-hls-pragmas</string>
    </dict>
    <dict>
      <key>level</key>
      <string>warning</string>
      <key>filename</key>
      <string>gemm_taffoin.c</string>
      <key>line</key>
      <integer>77</integer>
      <key>column</key>
      <integer>9</integer>
      <key>message</key>
      <string>HLS pragma dump _XLX_SEP_ PragmaIsValid=1_XLX_SEP_ PragmaType=pipeline_XLX_SEP_ PragmaContext=_XLX_SEP_ PragmaFunction=mm_XLX_SEP_ PragmaOptions=II=1_XLX_SEP_</string>
      <key>ID</key>
      <integer>5471</integer>
      <key>WarningOption</key>
      <string>dump-hls-pragmas</string>
    </dict>
  </array>
</dict>
